ISO-10303-21;
HEADER;
FILE_DESCRIPTION(('convert3d DWG import'),'2;1');
FILE_NAME('converted','2024-01-01',(''),(''),'','convert3d','');
FILE_SCHEMA(('AUTOMOTIVE_DESIGN { 1 0 10303 214 1 1 1 1 }'));
ENDSEC;
DATA;
#1=APPLICATION_PROTOCOL_DEFINITION('international standard','automotive_design',2000,#2);
#2=APPLICATION_CONTEXT('core data for automotive mechanical design processes');
#3=SHAPE_DEFINITION_REPRESENTATION(#4,#2394);
#4=PRODUCT_DEFINITION_SHAPE('','',#5);
#5=PRODUCT_DEFINITION('design','',#6,#9);
#6=PRODUCT_DEFINITION_FORMATION('','',#7);
#7=PRODUCT('Part','Part','',(#8));
#8=PRODUCT_CONTEXT('',#2,'mechanical');
#9=PRODUCT_DEFINITION_CONTEXT('part definition',#2,'design');
#20=CARTESIAN_POINT('',(0.018982774690323723,-0.007881810929632136,0.011711312341870618));
#21=DIRECTION('',(0.995700781305823,0.,-0.09262804168810583));
#22=DIRECTION('',(-0.09262804168810589,0.,-0.995700781305823));
#23=AXIS2_PLACEMENT_3D('',#20,#21,#22);
#24=PLANE('',#23);
#25=CARTESIAN_POINT('',(0.018982774690323723,-0.007881810929632136,0.011711312341870618));
#26=DIRECTION('',(0.995700781305823,0.,-0.09262804168810583));
#27=DIRECTION('',(-0.09262804168810589,0.,-0.995700781305823));
#28=AXIS2_PLACEMENT_3D('',#25,#26,#27);
#29=CIRCLE('',#28,0.0005000000000000003);
#30=CARTESIAN_POINT('',(0.01893646066947967,-0.007881810929632136,0.011213461951217706));
#31=VERTEX_POINT('',#30);
#32=EDGE_CURVE('',#31,#31,#29,.T.);
#33=ORIENTED_EDGE('',*,*,#32,.T.);
#34=EDGE_LOOP('',(#33));
#35=FACE_OUTER_BOUND('',#34,.T.);
#36=CARTESIAN_POINT('',(0.018982774690323723,-0.007631810929632136,0.011711312341870625));
#37=CARTESIAN_POINT('',(0.019006031687663485,-0.007631810929632142,0.011961312341870626));
#38=CARTESIAN_POINT('',(0.01900603168766348,-0.007881810929632143,0.011961312341870619));
#39=CARTESIAN_POINT('',(0.01900603168766348,-0.008131810929632144,0.011961312341870612));
#40=CARTESIAN_POINT('',(0.018982774690323723,-0.008131810929632137,0.011711312341870611));
#41=(BOUNDED_CURVE() B_SPLINE_CURVE(2,(#36,#37,#38,#39,#40),.UNSPECIFIED.,.F.,.F.) B_SPLINE_CURVE_WITH_KNOTS((3,2,3),(0.,1.,2.),.UNSPECIFIED.) CURVE() GEOMETRIC_REPRESENTATION_ITEM() RATIONAL_B_SPLINE_CURVE((1.,0.7071067811865476,1.,0.7071067811865476,1.)) REPRESENTATION_ITEM(''));
#42=CARTESIAN_POINT('',(0.018982774690323723,-0.007631810929632136,0.011711312341870625));
#43=VERTEX_POINT('',#42);
#44=CARTESIAN_POINT('',(0.018982774690323723,-0.008131810929632137,0.011711312341870611));
#45=VERTEX_POINT('',#44);
#46=EDGE_CURVE('',#43,#45,#41,.T.);
#47=ORIENTED_EDGE('',*,*,#46,.F.);
#48=CARTESIAN_POINT('',(0.018982774690323723,-0.007881810929632136,0.011711312341870618));
#49=DIRECTION('',(-2.6215077348871316E-15,-1.,-2.8179774205045626E-14));
#50=VECTOR('',#49,1.);
#51=LINE('',#48,#50);
#52=EDGE_CURVE('',#45,#43,#51,.T.);
#53=ORIENTED_EDGE('',*,*,#52,.F.);
#54=EDGE_LOOP('',(#47,#53));
#55=FACE_BOUND('',#54,.T.);
#56=ADVANCED_FACE('',(#35,#55),#24,.T.);
#57=CARTESIAN_POINT('',(0.015349859830619206,-0.007881810929632138,0.01620210046741932));
#58=DIRECTION('',(-0.566243502485151,0.,-0.8242380092505739));
#59=DIRECTION('',(-0.8242380092505739,0.,0.566243502485151));
#60=AXIS2_PLACEMENT_3D('',#57,#58,#59);
#61=PLANE('',#60);
#62=CARTESIAN_POINT('',(0.015349859830619206,-0.007881810929632138,0.01620210046741932));
#63=DIRECTION('',(-0.566243502485151,0.,-0.8242380092505739));
#64=DIRECTION('',(-0.8242380092505739,0.,0.566243502485151));
#65=AXIS2_PLACEMENT_3D('',#62,#63,#64);
#66=CIRCLE('',#65,0.0005000000000000003);
#67=CARTESIAN_POINT('',(0.014937740825993919,-0.007881810929632138,0.016485222218661895));
#68=VERTEX_POINT('',#67);
#69=EDGE_CURVE('',#68,#68,#66,.T.);
#70=ORIENTED_EDGE('',*,*,#69,.F.);
#71=EDGE_LOOP('',(#70));
#72=FACE_OUTER_BOUND('',#71,.T.);
#73=CARTESIAN_POINT('',(0.015349859830619206,-0.007881810929632138,0.01620210046741932));
#74=DIRECTION('',(0.,-1.,0.));
#75=VECTOR('',#74,1.);
#76=LINE('',#73,#75);
#77=CARTESIAN_POINT('',(0.015349859830619263,-0.007631810929632138,0.01620210046741928));
#78=VERTEX_POINT('',#77);
#79=CARTESIAN_POINT('',(0.015349859830619263,-0.008131810929632138,0.01620210046741928));
#80=VERTEX_POINT('',#79);
#81=EDGE_CURVE('',#78,#80,#76,.T.);
#82=ORIENTED_EDGE('',*,*,#81,.F.);
#83=CARTESIAN_POINT('',(0.015349859830619263,-0.008131810929632138,0.01620210046741928));
#84=CARTESIAN_POINT('',(0.015556900502460213,-0.008131810929632069,0.016059865537866962));
#85=CARTESIAN_POINT('',(0.015556900502460213,-0.007881810929632138,0.016059865537866962));
#86=CARTESIAN_POINT('',(0.015556900502460213,-0.007631810929632207,0.016059865537866962));
#87=CARTESIAN_POINT('',(0.015349859830619263,-0.007631810929632138,0.01620210046741928));
#88=(BOUNDED_CURVE() B_SPLINE_CURVE(2,(#83,#84,#85,#86,#87),.UNSPECIFIED.,.F.,.F.) B_SPLINE_CURVE_WITH_KNOTS((3,2,3),(0.,1.,2.),.UNSPECIFIED.) CURVE() GEOMETRIC_REPRESENTATION_ITEM() RATIONAL_B_SPLINE_CURVE((1.,0.7071067811866464,1.,0.7071067811866464,1.)) REPRESENTATION_ITEM(''));
#89=EDGE_CURVE('',#80,#78,#88,.T.);
#90=ORIENTED_EDGE('',*,*,#89,.F.);
#91=EDGE_LOOP('',(#82,#90));
#92=FACE_BOUND('',#91,.T.);
#93=ADVANCED_FACE('',(#72,#92),#61,.F.);
#94=CARTESIAN_POINT('',(0.010198404534655483,-0.007881810929632138,0.00879015975978481));
#95=DIRECTION('',(0.49440908236853137,0.0013180876803261798,0.8692283485462113));
#96=DIRECTION('',(-0.7148688961442684,0.5695012034592236,0.4057472619549897));
#97=AXIS2_PLACEMENT_3D('',#94,#95,#96);
#98=PLANE('',#97);
#99=CARTESIAN_POINT('',(0.009663807501298794,-0.008279683171413067,0.009094836959558612));
#100=DIRECTION('',(0.8575952390051783,-0.16380281812883873,-0.48754388808465376));
#101=VECTOR('',#100,1.);
#102=LINE('',#99,#101);
#103=CARTESIAN_POINT('',(0.009663807501298794,-0.008279683171413067,0.009094836959558612));
#104=VERTEX_POINT('',#103);
#105=CARTESIAN_POINT('',(0.010198499800304055,-0.008381810726960657,0.008790863767393568));
#106=VERTEX_POINT('',#105);
#107=EDGE_CURVE('',#104,#106,#102,.T.);
#108=ORIENTED_EDGE('',*,*,#107,.T.);
#109=CARTESIAN_POINT('',(0.010198499800304055,-0.008381810726960657,0.008790863767393568));
#110=DIRECTION('',(-0.00019044494931551103,0.9999989905435605,-0.0014080634153160008));
#111=VECTOR('',#110,1.);
#112=LINE('',#109,#111);
#113=CARTESIAN_POINT('',(0.010198309355239703,-0.007381811132375498,0.008789455703127723));
#114=VERTEX_POINT('',#113);
#115=EDGE_CURVE('',#106,#114,#112,.T.);
#116=ORIENTED_EDGE('',*,*,#115,.T.);
#117=CARTESIAN_POINT('',(0.009663807501298794,-0.008279683171413067,0.009094836959558612));
#118=DIRECTION('',(0.8575952390051783,-0.16380281812883873,-0.48754388808465376));
#119=VECTOR('',#118,1.);
#120=LINE('',#117,#119);
#121=CARTESIAN_POINT('',(0.00966012137101678,-0.007486041887079798,0.009095730128185747));
#122=VERTEX_POINT('',#121);
#123=EDGE_CURVE('',#114,#122,#120,.T.);
#124=ORIENTED_EDGE('',*,*,#123,.T.);
#125=CARTESIAN_POINT('',(0.00966012137101678,-0.007486041887079798,0.009095730128185747));
#126=DIRECTION('',(0.004644526768403825,-0.999988580865532,-0.00112539310334968));
#127=VECTOR('',#126,1.);
#128=LINE('',#125,#127);
#129=EDGE_CURVE('',#122,#104,#128,.T.);
#130=ORIENTED_EDGE('',*,*,#129,.T.);
#131=EDGE_LOOP('',(#108,#116,#124,#130));
#132=FACE_OUTER_BOUND('',#131,.T.);
#133=ADVANCED_FACE('',(#132),#98,.T.);
#134=CARTESIAN_POINT('',(-0.009749999999999998,0.005999999999999997,-0.012));
#135=DIRECTION('',(1.7792035651044176E-16,-1.,0.));
#136=DIRECTION('',(1.,1.7792035651044176E-16,0.));
#137=AXIS2_PLACEMENT_3D('',#134,#135,#136);
#138=PLANE('',#137);
#139=CARTESIAN_POINT('',(-0.007274815074089677,0.005999999999999999,-0.009035323217118333));
#140=CARTESIAN_POINT('',(-0.004089485489107099,0.0059999999999999975,-0.0116));
#141=CARTESIAN_POINT('',(0.,0.006,-0.0116));
#142=(BOUNDED_CURVE() B_SPLINE_CURVE(2,(#139,#140,#141),.UNSPECIFIED.,.F.,.F.) B_SPLINE_CURVE_WITH_KNOTS((3,3),(0.,1.),.UNSPECIFIED.) CURVE() GEOMETRIC_REPRESENTATION_ITEM() RATIONAL_B_SPLINE_CURVE((1.,0.9431084704024006,1.)) REPRESENTATION_ITEM(''));
#143=CARTESIAN_POINT('',(-0.007274815074089677,0.005999999999999999,-0.009035323217118333));
#144=VERTEX_POINT('',#143);
#145=CARTESIAN_POINT('',(0.,0.006,-0.0116));
#146=VERTEX_POINT('',#145);
#147=EDGE_CURVE('',#144,#146,#142,.T.);
#148=ORIENTED_EDGE('',*,*,#147,.F.);
#149=CARTESIAN_POINT('',(-0.009749999999999995,0.005999999999999998,-0.010976080431375735));
#150=DIRECTION('',(-0.7869405297268594,-1.4001273960151873E-16,-0.6170288507624339));
#151=VECTOR('',#150,1.);
#152=LINE('',#149,#151);
#153=CARTESIAN_POINT('',(-0.009749999999999993,0.005999999999999998,-0.010976080431375733));
#154=VERTEX_POINT('',#153);
#155=EDGE_CURVE('',#154,#144,#152,.T.);
#156=ORIENTED_EDGE('',*,*,#155,.F.);
#157=CARTESIAN_POINT('',(-0.009749999999999998,0.005999999999999997,-0.012));
#158=DIRECTION('',(0.,0.,1.));
#159=VECTOR('',#158,1.);
#160=LINE('',#157,#159);
#161=CARTESIAN_POINT('',(-0.009749999999999998,0.005999999999999997,-0.012));
#162=VERTEX_POINT('',#161);
#163=EDGE_CURVE('',#162,#154,#160,.T.);
#164=ORIENTED_EDGE('',*,*,#163,.F.);
#165=CARTESIAN_POINT('',(-0.009749999999999998,0.005999999999999997,-0.012));
#166=DIRECTION('',(1.,1.7792035651044176E-16,0.));
#167=VECTOR('',#166,1.);
#168=LINE('',#165,#167);
#169=CARTESIAN_POINT('',(-0.008749999999999994,0.005999999999999998,-0.012));
#170=VERTEX_POINT('',#169);
#171=EDGE_CURVE('',#170,#162,#168,.T.);
#172=ORIENTED_EDGE('',*,*,#171,.F.);
#173=CARTESIAN_POINT('',(-0.008749999999999997,0.005999999999999998,-0.012));
#174=DIRECTION('',(0.9989567369115598,1.777347387698123E-16,0.045666593687385744));
#175=VECTOR('',#174,1.);
#176=LINE('',#173,#175);
#177=EDGE_CURVE('',#146,#170,#176,.T.);
#178=ORIENTED_EDGE('',*,*,#177,.F.);
#179=EDGE_LOOP('',(#148,#156,#164,#172,#178));
#180=FACE_OUTER_BOUND('',#179,.T.);
#181=ADVANCED_FACE('',(#180),#138,.T.);
#182=CARTESIAN_POINT('',(-0.009749999999999993,0.034,-0.012));
#183=DIRECTION('',(0.,1.,0.));
#184=DIRECTION('',(0.,0.,1.));
#185=AXIS2_PLACEMENT_3D('',#182,#183,#184);
#186=PLANE('',#185);
#187=CARTESIAN_POINT('',(-0.008749999999999994,0.034,-0.012));
#188=DIRECTION('',(0.9989567369115598,0.,0.045666593687385744));
#189=VECTOR('',#188,1.);
#190=LINE('',#187,#189);
#191=CARTESIAN_POINT('',(-0.008749999999999994,0.034,-0.012));
#192=VERTEX_POINT('',#191);
#193=CARTESIAN_POINT('',(0.,0.034,-0.0116));
#194=VERTEX_POINT('',#193);
#195=EDGE_CURVE('',#192,#194,#190,.T.);
#196=ORIENTED_EDGE('',*,*,#195,.F.);
#197=CARTESIAN_POINT('',(-0.009749999999999993,0.034,-0.012));
#198=DIRECTION('',(-1.,0.,0.));
#199=VECTOR('',#198,1.);
#200=LINE('',#197,#199);
#201=CARTESIAN_POINT('',(-0.009749999999999993,0.034,-0.012));
#202=VERTEX_POINT('',#201);
#203=EDGE_CURVE('',#202,#192,#200,.T.);
#204=ORIENTED_EDGE('',*,*,#203,.F.);
#205=CARTESIAN_POINT('',(-0.009749999999999993,0.034,-0.012));
#206=DIRECTION('',(0.,0.,1.));
#207=VECTOR('',#206,1.);
#208=LINE('',#205,#207);
#209=CARTESIAN_POINT('',(-0.009749999999999993,0.034,-0.010976080431375733));
#210=VERTEX_POINT('',#209);
#211=EDGE_CURVE('',#210,#202,#208,.T.);
#212=ORIENTED_EDGE('',*,*,#211,.F.);
#213=CARTESIAN_POINT('',(-0.009749999999999993,0.034,-0.010976080431375733));
#214=DIRECTION('',(-0.7869405297268592,0.,-0.6170288507624337));
#215=VECTOR('',#214,1.);
#216=LINE('',#213,#215);
#217=CARTESIAN_POINT('',(-0.007274815074089677,0.034,-0.009035323217118332));
#218=VERTEX_POINT('',#217);
#219=EDGE_CURVE('',#218,#210,#216,.T.);
#220=ORIENTED_EDGE('',*,*,#219,.F.);
#221=CARTESIAN_POINT('',(0.,0.034,-0.0116));
#222=CARTESIAN_POINT('',(-0.004089485489107098,0.034,-0.0116));
#223=CARTESIAN_POINT('',(-0.007274815074089677,0.034,-0.009035323217118332));
#224=(BOUNDED_CURVE() B_SPLINE_CURVE(2,(#221,#222,#223),.UNSPECIFIED.,.F.,.F.) B_SPLINE_CURVE_WITH_KNOTS((3,3),(0.,1.),.UNSPECIFIED.) CURVE() GEOMETRIC_REPRESENTATION_ITEM() RATIONAL_B_SPLINE_CURVE((1.,0.9431084704024006,1.)) REPRESENTATION_ITEM(''));
#225=EDGE_CURVE('',#194,#218,#224,.T.);
#226=ORIENTED_EDGE('',*,*,#225,.F.);
#227=EDGE_LOOP('',(#196,#204,#212,#220,#226));
#228=FACE_OUTER_BOUND('',#227,.T.);
#229=ADVANCED_FACE('',(#228),#186,.T.);
#230=CARTESIAN_POINT('',(0.,0.,-0.012));
#231=DIRECTION('',(0.,0.,-1.));
#232=DIRECTION('',(-1.,0.,0.));
#233=AXIS2_PLACEMENT_3D('',#230,#231,#232);
#234=PLANE('',#233);
#235=CARTESIAN_POINT('',(-0.008749999999999994,-0.01754357561847744,-0.012));
#236=DIRECTION('',(0.,1.,0.));
#237=VECTOR('',#236,1.);
#238=LINE('',#235,#237);
#239=EDGE_CURVE('',#170,#192,#238,.T.);
#240=ORIENTED_EDGE('',*,*,#239,.F.);
#241=CARTESIAN_POINT('',(-0.009749999999999998,0.005999999999999997,-0.012));
#242=DIRECTION('',(1.,1.7792035651044176E-16,0.));
#243=VECTOR('',#242,1.);
#244=LINE('',#241,#243);
#245=EDGE_CURVE('',#170,#162,#244,.T.);
#246=ORIENTED_EDGE('',*,*,#245,.T.);
#247=CARTESIAN_POINT('',(-0.009749999999999998,0.005999999999999997,-0.012));
#248=DIRECTION('',(-1.8586322956894359E-16,-1.,0.));
#249=VECTOR('',#248,1.);
#250=LINE('',#247,#249);
#251=EDGE_CURVE('',#202,#162,#250,.T.);
#252=ORIENTED_EDGE('',*,*,#251,.F.);
#253=CARTESIAN_POINT('',(-0.009749999999999993,0.034,-0.012));
#254=DIRECTION('',(-1.,0.,0.));
#255=VECTOR('',#254,1.);
#256=LINE('',#253,#255);
#257=EDGE_CURVE('',#202,#192,#256,.T.);
#258=ORIENTED_EDGE('',*,*,#257,.T.);
#259=EDGE_LOOP('',(#240,#246,#252,#258));
#260=FACE_OUTER_BOUND('',#259,.T.);
#261=ADVANCED_FACE('',(#260),#234,.T.);
#262=CARTESIAN_POINT('',(0.,0.043,0.));
#263=DIRECTION('',(0.,-1.,0.));
#264=DIRECTION('',(0.,0.,-1.));
#265=AXIS2_PLACEMENT_3D('',#262,#263,#264);
#266=CYLINDRICAL_SURFACE('',#265,0.0116);
#267=CARTESIAN_POINT('',(0.,0.042499999999999996,0.));
#268=DIRECTION('',(0.,-1.,0.));
#269=DIRECTION('',(0.,0.,1.));
#270=AXIS2_PLACEMENT_3D('',#267,#268,#269);
#271=CIRCLE('',#270,0.0116);
#272=CARTESIAN_POINT('',(0.,0.042499999999999996,0.0116));
#273=VERTEX_POINT('',#272);
#274=EDGE_CURVE('',#273,#273,#271,.T.);
#275=ORIENTED_EDGE('',*,*,#274,.T.);
#276=EDGE_LOOP('',(#275));
#277=FACE_OUTER_BOUND('',#276,.T.);
#278=CARTESIAN_POINT('',(0.,0.0005000000000000004,0.));
#279=DIRECTION('',(0.,1.,0.));
#280=DIRECTION('',(0.,0.,1.));
#281=AXIS2_PLACEMENT_3D('',#278,#279,#280);
#282=CIRCLE('',#281,0.0116);
#283=CARTESIAN_POINT('',(0.,0.0005000000000000004,0.0116));
#284=VERTEX_POINT('',#283);
#285=EDGE_CURVE('',#284,#284,#282,.T.);
#286=ORIENTED_EDGE('',*,*,#285,.T.);
#287=EDGE_LOOP('',(#286));
#288=FACE_BOUND('',#287,.T.);
#289=CARTESIAN_POINT('',(0.007318469785412795,0.043,-0.009));
#290=DIRECTION('',(0.,-1.,0.));
#291=VECTOR('',#290,1.);
#292=LINE('',#289,#291);
#293=CARTESIAN_POINT('',(0.007318469785412795,0.034,-0.009));
#294=VERTEX_POINT('',#293);
#295=CARTESIAN_POINT('',(0.007318469785412795,0.006000000000000002,-0.009));
#296=VERTEX_POINT('',#295);
#297=EDGE_CURVE('',#294,#296,#292,.T.);
#298=ORIENTED_EDGE('',*,*,#297,.F.);
#299=CARTESIAN_POINT('',(0.,0.034,-0.0116));
#300=CARTESIAN_POINT('',(0.0041210800733392445,0.034,-0.0116));
#301=CARTESIAN_POINT('',(0.007318469785412795,0.034,-0.009));
#302=(BOUNDED_CURVE() B_SPLINE_CURVE(2,(#299,#300,#301),.UNSPECIFIED.,.F.,.F.) B_SPLINE_CURVE_WITH_KNOTS((3,3),(0.,1.),.UNSPECIFIED.) CURVE() GEOMETRIC_REPRESENTATION_ITEM() RATIONAL_B_SPLINE_CURVE((1.,0.9423009256510144,1.)) REPRESENTATION_ITEM(''));
#303=EDGE_CURVE('',#194,#294,#302,.T.);
#304=ORIENTED_EDGE('',*,*,#303,.F.);
#305=CARTESIAN_POINT('',(0.,0.034,-0.0116));
#306=CARTESIAN_POINT('',(-0.004089485489107098,0.034,-0.0116));
#307=CARTESIAN_POINT('',(-0.007274815074089677,0.034,-0.009035323217118332));
#308=(BOUNDED_CURVE() B_SPLINE_CURVE(2,(#305,#306,#307),.UNSPECIFIED.,.F.,.F.) B_SPLINE_CURVE_WITH_KNOTS((3,3),(0.,1.),.UNSPECIFIED.) CURVE() GEOMETRIC_REPRESENTATION_ITEM() RATIONAL_B_SPLINE_CURVE((1.,0.9431084704024006,1.)) REPRESENTATION_ITEM(''));
#309=EDGE_CURVE('',#194,#218,#308,.T.);
#310=ORIENTED_EDGE('',*,*,#309,.T.);
#311=CARTESIAN_POINT('',(-0.007318469785412795,0.034,-0.009));
#312=CARTESIAN_POINT('',(-0.007296685179881847,0.034,-0.009017714441929484));
#313=CARTESIAN_POINT('',(-0.007274815074089677,0.034,-0.009035323217118332));
#314=(BOUNDED_CURVE() B_SPLINE_CURVE(2,(#311,#312,#313),.UNSPECIFIED.,.F.,.F.) B_SPLINE_CURVE_WITH_KNOTS((3,3),(0.,1.),.UNSPECIFIED.) CURVE() GEOMETRIC_REPRESENTATION_ITEM() RATIONAL_B_SPLINE_CURVE((1.,0.9999970705743654,1.)) REPRESENTATION_ITEM(''));
#315=CARTESIAN_POINT('',(-0.007318469785412795,0.034,-0.009));
#316=VERTEX_POINT('',#315);
#317=EDGE_CURVE('',#316,#218,#314,.T.);
#318=ORIENTED_EDGE('',*,*,#317,.F.);
#319=CARTESIAN_POINT('',(-0.007318469785412795,0.043,-0.009));
#320=DIRECTION('',(0.,-1.,0.));
#321=VECTOR('',#320,1.);
#322=LINE('',#319,#321);
#323=CARTESIAN_POINT('',(-0.007318469785412795,0.005999999999999998,-0.009));
#324=VERTEX_POINT('',#323);
#325=EDGE_CURVE('',#324,#316,#322,.T.);
#326=ORIENTED_EDGE('',*,*,#325,.F.);
#327=CARTESIAN_POINT('',(-0.007274815074089677,0.005999999999999999,-0.009035323217118333));
#328=CARTESIAN_POINT('',(-0.007296685179881847,0.0059999999999999975,-0.009017714441929486));
#329=CARTESIAN_POINT('',(-0.007318469785412795,0.005999999999999998,-0.009));
#330=(BOUNDED_CURVE() B_SPLINE_CURVE(2,(#327,#328,#329),.UNSPECIFIED.,.F.,.F.) B_SPLINE_CURVE_WITH_KNOTS((3,3),(0.,1.),.UNSPECIFIED.) CURVE() GEOMETRIC_REPRESENTATION_ITEM() RATIONAL_B_SPLINE_CURVE((1.,0.9999970705743654,1.)) REPRESENTATION_ITEM(''));
#331=EDGE_CURVE('',#144,#324,#330,.T.);
#332=ORIENTED_EDGE('',*,*,#331,.F.);
#333=CARTESIAN_POINT('',(-0.007274815074089677,0.005999999999999999,-0.009035323217118333));
#334=CARTESIAN_POINT('',(-0.004089485489107099,0.0059999999999999975,-0.0116));
#335=CARTESIAN_POINT('',(0.,0.006,-0.0116));
#336=(BOUNDED_CURVE() B_SPLINE_CURVE(2,(#333,#334,#335),.UNSPECIFIED.,.F.,.F.) B_SPLINE_CURVE_WITH_KNOTS((3,3),(0.,1.),.UNSPECIFIED.) CURVE() GEOMETRIC_REPRESENTATION_ITEM() RATIONAL_B_SPLINE_CURVE((1.,0.9431084704024006,1.)) REPRESENTATION_ITEM(''));
#337=EDGE_CURVE('',#144,#146,#336,.T.);
#338=ORIENTED_EDGE('',*,*,#337,.T.);
#339=CARTESIAN_POINT('',(0.007318469785412795,0.006000000000000002,-0.009));
#340=CARTESIAN_POINT('',(0.0041210800733392445,0.005999999999999999,-0.0116));
#341=CARTESIAN_POINT('',(0.,0.006,-0.0116));
#342=(BOUNDED_CURVE() B_SPLINE_CURVE(2,(#339,#340,#341),.UNSPECIFIED.,.F.,.F.) B_SPLINE_CURVE_WITH_KNOTS((3,3),(0.,1.),.UNSPECIFIED.) CURVE() GEOMETRIC_REPRESENTATION_ITEM() RATIONAL_B_SPLINE_CURVE((1.,0.9423009256510144,1.)) REPRESENTATION_ITEM(''));
#343=EDGE_CURVE('',#296,#146,#342,.T.);
#344=ORIENTED_EDGE('',*,*,#343,.F.);
#345=EDGE_LOOP('',(#298,#304,#310,#318,#326,#332,#338,#344));
#346=FACE_BOUND('',#345,.T.);
#347=ADVANCED_FACE('',(#277,#288,#346),#266,.T.);
#348=CARTESIAN_POINT('',(0.,0.043,0.));
#349=DIRECTION('',(0.,1.,0.));
#350=DIRECTION('',(0.,0.,1.));
#351=AXIS2_PLACEMENT_3D('',#348,#349,#350);
#352=PLANE('',#351);
#353=CARTESIAN_POINT('',(0.,0.043,0.));
#354=DIRECTION('',(0.,1.,0.));
#355=DIRECTION('',(0.,0.,1.));
#356=AXIS2_PLACEMENT_3D('',#353,#354,#355);
#357=CIRCLE('',#356,0.011099999999999999);
#358=CARTESIAN_POINT('',(0.,0.043,0.011099999999999999));
#359=VERTEX_POINT('',#358);
#360=EDGE_CURVE('',#359,#359,#357,.T.);
#361=ORIENTED_EDGE('',*,*,#360,.T.);
#362=EDGE_LOOP('',(#361));
#363=FACE_OUTER_BOUND('',#362,.T.);
#364=CARTESIAN_POINT('',(-0.008359378179974005,0.043,0.004826289242465927));
#365=DIRECTION('',(0.,1.,0.));
#366=DIRECTION('',(0.,0.,1.));
#367=AXIS2_PLACEMENT_3D('',#364,#365,#366);
#368=CIRCLE('',#367,0.0009999999999999998);
#369=CARTESIAN_POINT('',(-0.008359378179974005,0.043,0.005826289242465927));
#370=VERTEX_POINT('',#369);
#371=EDGE_CURVE('',#370,#370,#368,.T.);
#372=ORIENTED_EDGE('',*,*,#371,.F.);
#373=EDGE_LOOP('',(#372));
#374=FACE_BOUND('',#373,.T.);
#375=CARTESIAN_POINT('',(0.008359378179974073,0.043,0.0048262892424658106));
#376=DIRECTION('',(0.,1.,0.));
#377=DIRECTION('',(0.,0.,1.));
#378=AXIS2_PLACEMENT_3D('',#375,#376,#377);
#379=CIRCLE('',#378,0.0009999999999999998);
#380=CARTESIAN_POINT('',(0.008359378179974073,0.043,0.005826289242465811));
#381=VERTEX_POINT('',#380);
#382=EDGE_CURVE('',#381,#381,#379,.T.);
#383=ORIENTED_EDGE('',*,*,#382,.F.);
#384=EDGE_LOOP('',(#383));
#385=FACE_BOUND('',#384,.T.);
#386=CARTESIAN_POINT('',(0.,0.043,-0.009652578484931777));
#387=DIRECTION('',(0.,1.,0.));
#388=DIRECTION('',(0.,0.,1.));
#389=AXIS2_PLACEMENT_3D('',#386,#387,#388);
#390=CIRCLE('',#389,0.0010000000000000002);
#391=CARTESIAN_POINT('',(0.,0.043,-0.008652578484931776));
#392=VERTEX_POINT('',#391);
#393=EDGE_CURVE('',#392,#392,#390,.T.);
#394=ORIENTED_EDGE('',*,*,#393,.F.);
#395=EDGE_LOOP('',(#394));
#396=FACE_BOUND('',#395,.T.);
#397=CARTESIAN_POINT('',(0.,0.043,0.));
#398=DIRECTION('',(0.,1.,0.));
#399=DIRECTION('',(0.,0.,1.));
#400=AXIS2_PLACEMENT_3D('',#397,#398,#399);
#401=CIRCLE('',#400,0.006600000000000001);
#402=CARTESIAN_POINT('',(0.,0.043,0.006600000000000001));
#403=VERTEX_POINT('',#402);
#404=EDGE_CURVE('',#403,#403,#401,.T.);
#405=ORIENTED_EDGE('',*,*,#404,.F.);
#406=EDGE_LOOP('',(#405));
#407=FACE_BOUND('',#406,.T.);
#408=ADVANCED_FACE('',(#363,#374,#385,#396,#407),#352,.T.);
#409=CARTESIAN_POINT('',(0.,0.,0.));
#410=DIRECTION('',(0.,1.,0.));
#411=DIRECTION('',(0.,0.,1.));
#412=AXIS2_PLACEMENT_3D('',#409,#410,#411);
#413=PLANE('',#412);
#414=CARTESIAN_POINT('',(0.,0.,0.));
#415=DIRECTION('',(0.,-1.,0.));
#416=DIRECTION('',(0.,0.,1.));
#417=AXIS2_PLACEMENT_3D('',#414,#415,#416);
#418=CIRCLE('',#417,0.011099999999999999);
#419=CARTESIAN_POINT('',(0.,0.,0.011099999999999999));
#420=VERTEX_POINT('',#419);
#421=EDGE_CURVE('',#420,#420,#418,.T.);
#422=ORIENTED_EDGE('',*,*,#421,.T.);
#423=EDGE_LOOP('',(#422));
#424=FACE_OUTER_BOUND('',#423,.T.);
#425=CARTESIAN_POINT('',(0.,0.,0.));
#426=DIRECTION('',(0.,-1.,0.));
#427=DIRECTION('',(0.,0.,-1.));
#428=AXIS2_PLACEMENT_3D('',#425,#426,#427);
#429=CIRCLE('',#428,0.009800000000000003);
#430=CARTESIAN_POINT('',(0.,0.,-0.009800000000000003));
#431=VERTEX_POINT('',#430);
#432=EDGE_CURVE('',#431,#431,#429,.T.);
#433=ORIENTED_EDGE('',*,*,#432,.F.);
#434=EDGE_LOOP('',(#433));
#435=FACE_BOUND('',#434,.T.);
#436=ADVANCED_FACE('',(#424,#435),#413,.F.);
#437=CARTESIAN_POINT('',(0.,0.04375,0.));
#438=DIRECTION('',(0.,-1.,0.));
#439=DIRECTION('',(0.,0.,-1.));
#440=AXIS2_PLACEMENT_3D('',#437,#438,#439);
#441=CYLINDRICAL_SURFACE('',#440,0.006600000000000001);
#442=CARTESIAN_POINT('',(0.,0.04325,0.));
#443=DIRECTION('',(0.,-1.,0.));
#444=DIRECTION('',(0.,0.,1.));
#445=AXIS2_PLACEMENT_3D('',#442,#443,#444);
#446=CIRCLE('',#445,0.006600000000000001);
#447=CARTESIAN_POINT('',(0.,0.04325,0.006600000000000001));
#448=VERTEX_POINT('',#447);
#449=EDGE_CURVE('',#448,#448,#446,.T.);
#450=ORIENTED_EDGE('',*,*,#449,.T.);
#451=EDGE_LOOP('',(#450));
#452=FACE_OUTER_BOUND('',#451,.T.);
#453=CARTESIAN_POINT('',(0.,0.043,0.));
#454=DIRECTION('',(0.,1.,0.));
#455=DIRECTION('',(0.,0.,1.));
#456=AXIS2_PLACEMENT_3D('',#453,#454,#455);
#457=CIRCLE('',#456,0.006600000000000001);
#458=EDGE_CURVE('',#403,#403,#457,.T.);
#459=ORIENTED_EDGE('',*,*,#458,.T.);
#460=EDGE_LOOP('',(#459));
#461=FACE_BOUND('',#460,.T.);
#462=ADVANCED_FACE('',(#452,#461),#441,.T.);
#463=CARTESIAN_POINT('',(0.,0.04375,0.));
#464=DIRECTION('',(0.,1.,0.));
#465=DIRECTION('',(0.,0.,1.));
#466=AXIS2_PLACEMENT_3D('',#463,#464,#465);
#467=PLANE('',#466);
#468=CARTESIAN_POINT('',(0.,0.04375,0.));
#469=DIRECTION('',(0.,1.,0.));
#470=DIRECTION('',(0.,0.,1.));
#471=AXIS2_PLACEMENT_3D('',#468,#469,#470);
#472=CIRCLE('',#471,0.006100000000000001);
#473=CARTESIAN_POINT('',(0.,0.04375,0.006100000000000001));
#474=VERTEX_POINT('',#473);
#475=EDGE_CURVE('',#474,#474,#472,.T.);
#476=ORIENTED_EDGE('',*,*,#475,.T.);
#477=EDGE_LOOP('',(#476));
#478=FACE_OUTER_BOUND('',#477,.T.);
#479=CARTESIAN_POINT('',(0.,0.04375,0.));
#480=DIRECTION('',(0.,1.,0.));
#481=DIRECTION('',(0.,0.,1.));
#482=AXIS2_PLACEMENT_3D('',#479,#480,#481);
#483=CIRCLE('',#482,0.004);
#484=CARTESIAN_POINT('',(0.,0.04375,0.004));
#485=VERTEX_POINT('',#484);
#486=EDGE_CURVE('',#485,#485,#483,.T.);
#487=ORIENTED_EDGE('',*,*,#486,.F.);
#488=EDGE_LOOP('',(#487));
#489=FACE_BOUND('',#488,.T.);
#490=ADVANCED_FACE('',(#478,#489),#467,.T.);
#491=CARTESIAN_POINT('',(0.,0.05225,0.));
#492=DIRECTION('',(0.,1.,0.));
#493=DIRECTION('',(0.,0.,1.));
#494=AXIS2_PLACEMENT_3D('',#491,#492,#493);
#495=PLANE('',#494);
#496=CARTESIAN_POINT('',(0.,0.05225,0.));
#497=DIRECTION('',(0.,-1.,0.));
#498=DIRECTION('',(0.,0.,1.));
#499=AXIS2_PLACEMENT_3D('',#496,#497,#498);
#500=CIRCLE('',#499,0.0035);
#501=CARTESIAN_POINT('',(0.,0.05225,0.0035));
#502=VERTEX_POINT('',#501);
#503=EDGE_CURVE('',#502,#502,#500,.T.);
#504=ORIENTED_EDGE('',*,*,#503,.T.);
#505=EDGE_LOOP('',(#504));
#506=FACE_OUTER_BOUND('',#505,.T.);
#507=CARTESIAN_POINT('',(0.,0.05225,0.));
#508=DIRECTION('',(0.,1.,0.));
#509=DIRECTION('',(0.,0.,1.));
#510=AXIS2_PLACEMENT_3D('',#507,#508,#509);
#511=CIRCLE('',#510,0.004);
#512=CARTESIAN_POINT('',(0.,0.05225,0.004));
#513=VERTEX_POINT('',#512);
#514=EDGE_CURVE('',#513,#513,#511,.T.);
#515=ORIENTED_EDGE('',*,*,#514,.T.);
#516=EDGE_LOOP('',(#515));
#517=FACE_BOUND('',#516,.T.);
#518=ADVANCED_FACE('',(#506,#517),#495,.T.);
#519=CARTESIAN_POINT('',(0.,0.05225,0.));
#520=DIRECTION('',(0.,-1.,0.));
#521=DIRECTION('',(0.,0.,-1.));
#522=AXIS2_PLACEMENT_3D('',#519,#520,#521);
#523=CYLINDRICAL_SURFACE('',#522,0.004);
#524=CARTESIAN_POINT('',(0.,0.05225,0.));
#525=DIRECTION('',(0.,1.,0.));
#526=DIRECTION('',(0.,0.,1.));
#527=AXIS2_PLACEMENT_3D('',#524,#525,#526);
#528=CIRCLE('',#527,0.004);
#529=EDGE_CURVE('',#513,#513,#528,.T.);
#530=ORIENTED_EDGE('',*,*,#529,.F.);
#531=EDGE_LOOP('',(#530));
#532=FACE_OUTER_BOUND('',#531,.T.);
#533=CARTESIAN_POINT('',(0.,0.04375,0.));
#534=DIRECTION('',(0.,1.,0.));
#535=DIRECTION('',(0.,0.,1.));
#536=AXIS2_PLACEMENT_3D('',#533,#534,#535);
#537=CIRCLE('',#536,0.004);
#538=EDGE_CURVE('',#485,#485,#537,.T.);
#539=ORIENTED_EDGE('',*,*,#538,.T.);
#540=EDGE_LOOP('',(#539));
#541=FACE_BOUND('',#540,.T.);
#542=ADVANCED_FACE('',(#532,#541),#523,.T.);
#543=CARTESIAN_POINT('',(0.,0.05225,0.));
#544=DIRECTION('',(0.,-1.,0.));
#545=DIRECTION('',(0.,0.,-1.));
#546=AXIS2_PLACEMENT_3D('',#543,#544,#545);
#547=CYLINDRICAL_SURFACE('',#546,0.003);
#548=CARTESIAN_POINT('',(0.,0.05175,0.));
#549=DIRECTION('',(0.,1.,0.));
#550=DIRECTION('',(0.,0.,1.));
#551=AXIS2_PLACEMENT_3D('',#548,#549,#550);
#552=CIRCLE('',#551,0.003);
#553=CARTESIAN_POINT('',(0.,0.05175,0.003));
#554=VERTEX_POINT('',#553);
#555=EDGE_CURVE('',#554,#554,#552,.T.);
#556=ORIENTED_EDGE('',*,*,#555,.T.);
#557=EDGE_LOOP('',(#556));
#558=FACE_OUTER_BOUND('',#557,.T.);
#559=CARTESIAN_POINT('',(0.,0.04375,0.));
#560=DIRECTION('',(0.,-1.,0.));
#561=DIRECTION('',(0.,0.,1.));
#562=AXIS2_PLACEMENT_3D('',#559,#560,#561);
#563=CIRCLE('',#562,0.003);
#564=CARTESIAN_POINT('',(0.,0.04375,0.003));
#565=VERTEX_POINT('',#564);
#566=EDGE_CURVE('',#565,#565,#563,.T.);
#567=ORIENTED_EDGE('',*,*,#566,.T.);
#568=EDGE_LOOP('',(#567));
#569=FACE_BOUND('',#568,.T.);
#570=ADVANCED_FACE('',(#558,#569),#547,.F.);
#571=CARTESIAN_POINT('',(0.,0.04375,0.));
#572=DIRECTION('',(0.,-1.,0.));
#573=DIRECTION('',(0.,0.,1.));
#574=AXIS2_PLACEMENT_3D('',#571,#572,#573);
#575=CIRCLE('',#574,0.003);
#576=EDGE_CURVE('',#565,#565,#575,.T.);
#577=ORIENTED_EDGE('',*,*,#576,.F.);
#578=EDGE_LOOP('',(#577));
#579=FACE_OUTER_BOUND('',#578,.T.);
#580=ADVANCED_FACE('',(#579),#467,.T.);
#581=CARTESIAN_POINT('',(0.,0.0452,-0.009652578484931777));
#582=DIRECTION('',(0.,-1.,0.));
#583=DIRECTION('',(0.,0.,-1.));
#584=AXIS2_PLACEMENT_3D('',#581,#582,#583);
#585=CYLINDRICAL_SURFACE('',#584,0.0010000000000000002);
#586=CARTESIAN_POINT('',(0.,0.045,-0.009652578484931777));
#587=DIRECTION('',(0.,-1.,0.));
#588=DIRECTION('',(0.,0.,1.));
#589=AXIS2_PLACEMENT_3D('',#586,#587,#588);
#590=CIRCLE('',#589,0.0010000000000000002);
#591=CARTESIAN_POINT('',(0.,0.045,-0.008652578484931776));
#592=VERTEX_POINT('',#591);
#593=EDGE_CURVE('',#592,#592,#590,.T.);
#594=ORIENTED_EDGE('',*,*,#593,.T.);
#595=EDGE_LOOP('',(#594));
#596=FACE_OUTER_BOUND('',#595,.T.);
#597=CARTESIAN_POINT('',(0.,0.043,-0.009652578484931777));
#598=DIRECTION('',(0.,1.,0.));
#599=DIRECTION('',(0.,0.,1.));
#600=AXIS2_PLACEMENT_3D('',#597,#598,#599);
#601=CIRCLE('',#600,0.0010000000000000002);
#602=EDGE_CURVE('',#392,#392,#601,.T.);
#603=ORIENTED_EDGE('',*,*,#602,.T.);
#604=EDGE_LOOP('',(#603));
#605=FACE_BOUND('',#604,.T.);
#606=ADVANCED_FACE('',(#596,#605),#585,.T.);
#607=CARTESIAN_POINT('',(0.,0.0452,-0.009652578484931777));
#608=DIRECTION('',(0.,1.,0.));
#609=DIRECTION('',(0.,0.,1.));
#610=AXIS2_PLACEMENT_3D('',#607,#608,#609);
#611=PLANE('',#610);
#612=CARTESIAN_POINT('',(0.,0.0452,-0.009652578484931777));
#613=DIRECTION('',(0.,1.,0.));
#614=DIRECTION('',(0.,0.,1.));
#615=AXIS2_PLACEMENT_3D('',#612,#613,#614);
#616=CIRCLE('',#615,0.0008000000000000003);
#617=CARTESIAN_POINT('',(0.,0.0452,-0.008852578484931777));
#618=VERTEX_POINT('',#617);
#619=EDGE_CURVE('',#618,#618,#616,.T.);
#620=ORIENTED_EDGE('',*,*,#619,.T.);
#621=EDGE_LOOP('',(#620));
#622=FACE_OUTER_BOUND('',#621,.T.);
#623=ADVANCED_FACE('',(#622),#611,.T.);
#624=CARTESIAN_POINT('',(0.008359378179974073,0.0452,0.0048262892424658106));
#625=DIRECTION('',(0.,-1.,0.));
#626=DIRECTION('',(0.,0.,-1.));
#627=AXIS2_PLACEMENT_3D('',#624,#625,#626);
#628=CYLINDRICAL_SURFACE('',#627,0.0009999999999999998);
#629=CARTESIAN_POINT('',(0.008359378179974073,0.045,0.0048262892424658106));
#630=DIRECTION('',(0.,-1.,0.));
#631=DIRECTION('',(0.,0.,1.));
#632=AXIS2_PLACEMENT_3D('',#629,#630,#631);
#633=CIRCLE('',#632,0.0009999999999999998);
#634=CARTESIAN_POINT('',(0.008359378179974073,0.045,0.005826289242465811));
#635=VERTEX_POINT('',#634);
#636=EDGE_CURVE('',#635,#635,#633,.T.);
#637=ORIENTED_EDGE('',*,*,#636,.T.);
#638=EDGE_LOOP('',(#637));
#639=FACE_OUTER_BOUND('',#638,.T.);
#640=CARTESIAN_POINT('',(0.008359378179974073,0.043,0.0048262892424658106));
#641=DIRECTION('',(0.,1.,0.));
#642=DIRECTION('',(0.,0.,1.));
#643=AXIS2_PLACEMENT_3D('',#640,#641,#642);
#644=CIRCLE('',#643,0.0009999999999999998);
#645=EDGE_CURVE('',#381,#381,#644,.T.);
#646=ORIENTED_EDGE('',*,*,#645,.T.);
#647=EDGE_LOOP('',(#646));
#648=FACE_BOUND('',#647,.T.);
#649=ADVANCED_FACE('',(#639,#648),#628,.T.);
#650=CARTESIAN_POINT('',(0.008359378179974073,0.0452,0.0048262892424658106));
#651=DIRECTION('',(0.,1.,0.));
#652=DIRECTION('',(0.,0.,1.));
#653=AXIS2_PLACEMENT_3D('',#650,#651,#652);
#654=PLANE('',#653);
#655=CARTESIAN_POINT('',(0.008359378179974073,0.0452,0.0048262892424658106));
#656=DIRECTION('',(0.,1.,0.));
#657=DIRECTION('',(0.,0.,1.));
#658=AXIS2_PLACEMENT_3D('',#655,#656,#657);
#659=CIRCLE('',#658,0.0007999999999999998);
#660=CARTESIAN_POINT('',(0.008359378179974073,0.0452,0.00562628924246581));
#661=VERTEX_POINT('',#660);
#662=EDGE_CURVE('',#661,#661,#659,.T.);
#663=ORIENTED_EDGE('',*,*,#662,.T.);
#664=EDGE_LOOP('',(#663));
#665=FACE_OUTER_BOUND('',#664,.T.);
#666=ADVANCED_FACE('',(#665),#654,.T.);
#667=CARTESIAN_POINT('',(-0.008359378179974005,0.0452,0.004826289242465927));
#668=DIRECTION('',(0.,-1.,0.));
#669=DIRECTION('',(0.,0.,-1.));
#670=AXIS2_PLACEMENT_3D('',#667,#668,#669);
#671=CYLINDRICAL_SURFACE('',#670,0.0009999999999999998);
#672=CARTESIAN_POINT('',(-0.008359378179974005,0.045,0.004826289242465927));
#673=DIRECTION('',(0.,-1.,0.));
#674=DIRECTION('',(0.,0.,1.));
#675=AXIS2_PLACEMENT_3D('',#672,#673,#674);
#676=CIRCLE('',#675,0.0009999999999999998);
#677=CARTESIAN_POINT('',(-0.008359378179974005,0.045,0.005826289242465927));
#678=VERTEX_POINT('',#677);
#679=EDGE_CURVE('',#678,#678,#676,.T.);
#680=ORIENTED_EDGE('',*,*,#679,.T.);
#681=EDGE_LOOP('',(#680));
#682=FACE_OUTER_BOUND('',#681,.T.);
#683=CARTESIAN_POINT('',(-0.008359378179974005,0.043,0.004826289242465927));
#684=DIRECTION('',(0.,1.,0.));
#685=DIRECTION('',(0.,0.,1.));
#686=AXIS2_PLACEMENT_3D('',#683,#684,#685);
#687=CIRCLE('',#686,0.0009999999999999998);
#688=EDGE_CURVE('',#370,#370,#687,.T.);
#689=ORIENTED_EDGE('',*,*,#688,.T.);
#690=EDGE_LOOP('',(#689));
#691=FACE_BOUND('',#690,.T.);
#692=ADVANCED_FACE('',(#682,#691),#671,.T.);
#693=CARTESIAN_POINT('',(-0.008359378179974005,0.0452,0.004826289242465927));
#694=DIRECTION('',(0.,1.,0.));
#695=DIRECTION('',(0.,0.,1.));
#696=AXIS2_PLACEMENT_3D('',#693,#694,#695);
#697=PLANE('',#696);
#698=CARTESIAN_POINT('',(-0.008359378179974005,0.0452,0.004826289242465927));
#699=DIRECTION('',(0.,1.,0.));
#700=DIRECTION('',(0.,0.,1.));
#701=AXIS2_PLACEMENT_3D('',#698,#699,#700);
#702=CIRCLE('',#701,0.0007999999999999998);
#703=CARTESIAN_POINT('',(-0.008359378179974005,0.0452,0.005626289242465926));
#704=VERTEX_POINT('',#703);
#705=EDGE_CURVE('',#704,#704,#702,.T.);
#706=ORIENTED_EDGE('',*,*,#705,.T.);
#707=EDGE_LOOP('',(#706));
#708=FACE_OUTER_BOUND('',#707,.T.);
#709=ADVANCED_FACE('',(#708),#697,.T.);
#710=CARTESIAN_POINT('',(0.007845979639443022,0.03829583670898964,0.018));
#711=DIRECTION('',(0.,0.,-1.));
#712=DIRECTION('',(-1.,0.,0.));
#713=AXIS2_PLACEMENT_3D('',#710,#711,#712);
#714=CYLINDRICAL_SURFACE('',#713,0.0037000000000000028);
#715=CARTESIAN_POINT('',(0.007845979639443022,0.03829583670898964,0.017000000000000064));
#716=DIRECTION('',(0.,0.,-1.));
#717=DIRECTION('',(1.,0.,0.));
#718=AXIS2_PLACEMENT_3D('',#715,#716,#717);
#719=CIRCLE('',#718,0.0037000000000000028);
#720=CARTESIAN_POINT('',(0.011545979639443024,0.03829583670898964,0.017000000000000064));
#721=VERTEX_POINT('',#720);
#722=EDGE_CURVE('',#721,#721,#719,.T.);
#723=ORIENTED_EDGE('',*,*,#722,.T.);
#724=EDGE_LOOP('',(#723));
#725=FACE_OUTER_BOUND('',#724,.T.);
#726=ADVANCED_FACE('',(#725),#714,.T.);
#727=CARTESIAN_POINT('',(0.007845979639443022,0.03829583670898964,0.018));
#728=DIRECTION('',(0.,0.,-1.));
#729=DIRECTION('',(-1.,0.,0.));
#730=AXIS2_PLACEMENT_3D('',#727,#728,#729);
#731=CYLINDRICAL_SURFACE('',#730,0.002400000000000003);
#732=CARTESIAN_POINT('',(0.007845979639443022,0.03829583670898964,0.018));
#733=DIRECTION('',(0.,0.,1.));
#734=DIRECTION('',(1.,0.,0.));
#735=AXIS2_PLACEMENT_3D('',#732,#733,#734);
#736=CIRCLE('',#735,0.002400000000000003);
#737=CARTESIAN_POINT('',(0.010245979639443025,0.03829583670898964,0.018));
#738=VERTEX_POINT('',#737);
#739=EDGE_CURVE('',#738,#738,#736,.T.);
#740=ORIENTED_EDGE('',*,*,#739,.T.);
#741=EDGE_LOOP('',(#740));
#742=FACE_OUTER_BOUND('',#741,.T.);
#743=ADVANCED_FACE('',(#742),#731,.F.);
#744=CARTESIAN_POINT('',(0.007845979639443022,0.03829583670898964,0.018));
#745=DIRECTION('',(0.,0.,1.));
#746=DIRECTION('',(1.,0.,0.));
#747=AXIS2_PLACEMENT_3D('',#744,#745,#746);
#748=PLANE('',#747);
#749=CARTESIAN_POINT('',(0.007845979639443022,0.03829583670898964,0.018));
#750=DIRECTION('',(0.,0.,1.));
#751=DIRECTION('',(1.,0.,0.));
#752=AXIS2_PLACEMENT_3D('',#749,#750,#751);
#753=CIRCLE('',#752,0.0034320508075688996);
#754=CARTESIAN_POINT('',(0.011278030447011922,0.03829583670898964,0.018));
#755=VERTEX_POINT('',#754);
#756=EDGE_CURVE('',#755,#755,#753,.T.);
#757=ORIENTED_EDGE('',*,*,#756,.T.);
#758=EDGE_LOOP('',(#757));
#759=FACE_OUTER_BOUND('',#758,.T.);
#760=CARTESIAN_POINT('',(0.007845979639443022,0.03829583670898964,0.018));
#761=DIRECTION('',(0.,0.,1.));
#762=DIRECTION('',(1.,0.,0.));
#763=AXIS2_PLACEMENT_3D('',#760,#761,#762);
#764=CIRCLE('',#763,0.002400000000000003);
#765=EDGE_CURVE('',#738,#738,#764,.T.);
#766=ORIENTED_EDGE('',*,*,#765,.F.);
#767=EDGE_LOOP('',(#766));
#768=FACE_BOUND('',#767,.T.);
#769=ADVANCED_FACE('',(#759,#768),#748,.T.);
#770=CARTESIAN_POINT('',(0.007845979639443022,0.03829583670898964,0.018));
#771=DIRECTION('',(0.,0.,-1.));
#772=DIRECTION('',(-1.,0.,0.));
#773=AXIS2_PLACEMENT_3D('',#770,#771,#772);
#774=CONICAL_SURFACE('',#773,0.0034320508075688996,0.26179938779914746);
#775=CARTESIAN_POINT('',(0.007845979639443022,0.03829583670898964,0.017000000000000064));
#776=DIRECTION('',(0.,0.,-1.));
#777=DIRECTION('',(1.,0.,0.));
#778=AXIS2_PLACEMENT_3D('',#775,#776,#777);
#779=CIRCLE('',#778,0.0037000000000000028);
#780=EDGE_CURVE('',#721,#721,#779,.T.);
#781=ORIENTED_EDGE('',*,*,#780,.F.);
#782=EDGE_LOOP('',(#781));
#783=FACE_OUTER_BOUND('',#782,.T.);
#784=CARTESIAN_POINT('',(0.007845979639443022,0.03829583670898964,0.018));
#785=DIRECTION('',(0.,0.,1.));
#786=DIRECTION('',(1.,0.,0.));
#787=AXIS2_PLACEMENT_3D('',#784,#785,#786);
#788=CIRCLE('',#787,0.0034320508075688996);
#789=EDGE_CURVE('',#755,#755,#788,.T.);
#790=ORIENTED_EDGE('',*,*,#789,.F.);
#791=EDGE_LOOP('',(#790));
#792=FACE_BOUND('',#791,.T.);
#793=ADVANCED_FACE('',(#783,#792),#774,.T.);
#794=CARTESIAN_POINT('',(0.009750000000000002,0.006,-0.012));
#795=DIRECTION('',(1.,-1.8586322956894359E-16,0.));
#796=DIRECTION('',(1.8586322956894359E-16,1.,0.));
#797=AXIS2_PLACEMENT_3D('',#794,#795,#796);
#798=PLANE('',#797);
#799=CARTESIAN_POINT('',(0.009750000000000007,-0.01754357561847744,-0.010976080431375733));
#800=DIRECTION('',(0.,1.,0.));
#801=VECTOR('',#800,1.);
#802=LINE('',#799,#801);
#803=CARTESIAN_POINT('',(0.009750000000000007,0.006000000000000002,-0.010976080431375733));
#804=VERTEX_POINT('',#803);
#805=CARTESIAN_POINT('',(0.009750000000000009,0.034,-0.010976080431375735));
#806=VERTEX_POINT('',#805);
#807=EDGE_CURVE('',#804,#806,#802,.T.);
#808=ORIENTED_EDGE('',*,*,#807,.F.);
#809=CARTESIAN_POINT('',(0.009750000000000002,0.006,-0.012));
#810=DIRECTION('',(0.,0.,1.));
#811=VECTOR('',#810,1.);
#812=LINE('',#809,#811);
#813=CARTESIAN_POINT('',(0.009750000000000002,0.006,-0.012));
#814=VERTEX_POINT('',#813);
#815=EDGE_CURVE('',#814,#804,#812,.T.);
#816=ORIENTED_EDGE('',*,*,#815,.F.);
#817=CARTESIAN_POINT('',(0.009750000000000002,0.006,-0.012));
#818=DIRECTION('',(1.8586322956894359E-16,1.,0.));
#819=VECTOR('',#818,1.);
#820=LINE('',#817,#819);
#821=CARTESIAN_POINT('',(0.009750000000000007,0.034,-0.012));
#822=VERTEX_POINT('',#821);
#823=EDGE_CURVE('',#822,#814,#820,.T.);
#824=ORIENTED_EDGE('',*,*,#823,.F.);
#825=CARTESIAN_POINT('',(0.009750000000000007,0.034,-0.012));
#826=DIRECTION('',(0.,0.,1.));
#827=VECTOR('',#826,1.);
#828=LINE('',#825,#827);
#829=EDGE_CURVE('',#806,#822,#828,.T.);
#830=ORIENTED_EDGE('',*,*,#829,.F.);
#831=EDGE_LOOP('',(#808,#816,#824,#830));
#832=FACE_OUTER_BOUND('',#831,.T.);
#833=ADVANCED_FACE('',(#832),#798,.T.);
#834=CARTESIAN_POINT('',(-0.009749999999999998,0.005999999999999997,-0.012));
#835=DIRECTION('',(1.,1.7792035651044176E-16,0.));
#836=VECTOR('',#835,1.);
#837=LINE('',#834,#836);
#838=CARTESIAN_POINT('',(0.008750000000000008,0.006,-0.012));
#839=VERTEX_POINT('',#838);
#840=EDGE_CURVE('',#814,#839,#837,.T.);
#841=ORIENTED_EDGE('',*,*,#840,.F.);
#842=CARTESIAN_POINT('',(0.009750000000000002,0.006,-0.012));
#843=DIRECTION('',(0.,0.,1.));
#844=VECTOR('',#843,1.);
#845=LINE('',#842,#844);
#846=EDGE_CURVE('',#814,#804,#845,.T.);
#847=ORIENTED_EDGE('',*,*,#846,.T.);
#848=CARTESIAN_POINT('',(0.009750000000000005,0.006000000000000002,-0.010976080431375731));
#849=DIRECTION('',(-0.7760418102045143,-1.3807363553859577E-16,0.6306814638266298));
#850=VECTOR('',#849,1.);
#851=LINE('',#848,#850);
#852=EDGE_CURVE('',#296,#804,#851,.T.);
#853=ORIENTED_EDGE('',*,*,#852,.F.);
#854=CARTESIAN_POINT('',(0.007318469785412795,0.006000000000000002,-0.009));
#855=CARTESIAN_POINT('',(0.0041210800733392445,0.005999999999999999,-0.0116));
#856=CARTESIAN_POINT('',(0.,0.006,-0.0116));
#857=(BOUNDED_CURVE() B_SPLINE_CURVE(2,(#854,#855,#856),.UNSPECIFIED.,.F.,.F.) B_SPLINE_CURVE_WITH_KNOTS((3,3),(0.,1.),.UNSPECIFIED.) CURVE() GEOMETRIC_REPRESENTATION_ITEM() RATIONAL_B_SPLINE_CURVE((1.,0.9423009256510144,1.)) REPRESENTATION_ITEM(''));
#858=EDGE_CURVE('',#296,#146,#857,.T.);
#859=ORIENTED_EDGE('',*,*,#858,.T.);
#860=CARTESIAN_POINT('',(-4.180145716114334E-18,0.005999999999999998,-0.0116));
#861=DIRECTION('',(0.9989567369115598,1.777347387698123E-16,-0.045666593687385675));
#862=VECTOR('',#861,1.);
#863=LINE('',#860,#862);
#864=EDGE_CURVE('',#839,#146,#863,.T.);
#865=ORIENTED_EDGE('',*,*,#864,.F.);
#866=EDGE_LOOP('',(#841,#847,#853,#859,#865));
#867=FACE_OUTER_BOUND('',#866,.T.);
#868=ADVANCED_FACE('',(#867),#138,.T.);
#869=CARTESIAN_POINT('',(-0.009749999999999998,0.005999999999999997,-0.012));
#870=DIRECTION('',(-1.,1.8586322956894359E-16,0.));
#871=DIRECTION('',(-1.8586322956894359E-16,-1.,0.));
#872=AXIS2_PLACEMENT_3D('',#869,#870,#871);
#873=PLANE('',#872);
#874=CARTESIAN_POINT('',(-0.009749999999999993,0.034,-0.012));
#875=DIRECTION('',(0.,0.,1.));
#876=VECTOR('',#875,1.);
#877=LINE('',#874,#876);
#878=EDGE_CURVE('',#210,#202,#877,.T.);
#879=ORIENTED_EDGE('',*,*,#878,.T.);
#880=CARTESIAN_POINT('',(-0.009749999999999998,0.005999999999999997,-0.012));
#881=DIRECTION('',(-1.8586322956894359E-16,-1.,0.));
#882=VECTOR('',#881,1.);
#883=LINE('',#880,#882);
#884=EDGE_CURVE('',#202,#162,#883,.T.);
#885=ORIENTED_EDGE('',*,*,#884,.T.);
#886=CARTESIAN_POINT('',(-0.009749999999999998,0.005999999999999997,-0.012));
#887=DIRECTION('',(0.,0.,1.));
#888=VECTOR('',#887,1.);
#889=LINE('',#886,#888);
#890=EDGE_CURVE('',#162,#154,#889,.T.);
#891=ORIENTED_EDGE('',*,*,#890,.T.);
#892=CARTESIAN_POINT('',(-0.009749999999999993,-0.01754357561847744,-0.010976080431375733));
#893=DIRECTION('',(0.,1.,0.));
#894=VECTOR('',#893,1.);
#895=LINE('',#892,#894);
#896=EDGE_CURVE('',#210,#154,#895,.T.);
#897=ORIENTED_EDGE('',*,*,#896,.F.);
#898=EDGE_LOOP('',(#879,#885,#891,#897));
#899=FACE_OUTER_BOUND('',#898,.T.);
#900=ADVANCED_FACE('',(#899),#873,.T.);
#901=CARTESIAN_POINT('',(0.,0.034,-0.0116));
#902=DIRECTION('',(0.9989567369115598,0.,-0.045666593687385675));
#903=VECTOR('',#902,1.);
#904=LINE('',#901,#903);
#905=CARTESIAN_POINT('',(0.00875000000000001,0.034,-0.012));
#906=VERTEX_POINT('',#905);
#907=EDGE_CURVE('',#194,#906,#904,.T.);
#908=ORIENTED_EDGE('',*,*,#907,.F.);
#909=CARTESIAN_POINT('',(0.,0.034,-0.0116));
#910=CARTESIAN_POINT('',(0.0041210800733392445,0.034,-0.0116));
#911=CARTESIAN_POINT('',(0.007318469785412795,0.034,-0.009));
#912=(BOUNDED_CURVE() B_SPLINE_CURVE(2,(#909,#910,#911),.UNSPECIFIED.,.F.,.F.) B_SPLINE_CURVE_WITH_KNOTS((3,3),(0.,1.),.UNSPECIFIED.) CURVE() GEOMETRIC_REPRESENTATION_ITEM() RATIONAL_B_SPLINE_CURVE((1.,0.9423009256510144,1.)) REPRESENTATION_ITEM(''));
#913=EDGE_CURVE('',#194,#294,#912,.T.);
#914=ORIENTED_EDGE('',*,*,#913,.T.);
#915=CARTESIAN_POINT('',(0.009750000000000007,0.034,-0.010976080431375733));
#916=DIRECTION('',(-0.7760418102045145,0.,0.6306814638266298));
#917=VECTOR('',#916,1.);
#918=LINE('',#915,#917);
#919=EDGE_CURVE('',#806,#294,#918,.T.);
#920=ORIENTED_EDGE('',*,*,#919,.F.);
#921=CARTESIAN_POINT('',(0.009750000000000007,0.034,-0.012));
#922=DIRECTION('',(0.,0.,1.));
#923=VECTOR('',#922,1.);
#924=LINE('',#921,#923);
#925=EDGE_CURVE('',#806,#822,#924,.T.);
#926=ORIENTED_EDGE('',*,*,#925,.T.);
#927=CARTESIAN_POINT('',(-0.009749999999999993,0.034,-0.012));
#928=DIRECTION('',(-1.,0.,0.));
#929=VECTOR('',#928,1.);
#930=LINE('',#927,#929);
#931=EDGE_CURVE('',#906,#822,#930,.T.);
#932=ORIENTED_EDGE('',*,*,#931,.F.);
#933=EDGE_LOOP('',(#908,#914,#920,#926,#932));
#934=FACE_OUTER_BOUND('',#933,.T.);
#935=ADVANCED_FACE('',(#934),#186,.T.);
#936=CARTESIAN_POINT('',(-0.009749999999999993,0.034,-0.012));
#937=DIRECTION('',(-1.,0.,0.));
#938=VECTOR('',#937,1.);
#939=LINE('',#936,#938);
#940=EDGE_CURVE('',#906,#822,#939,.T.);
#941=ORIENTED_EDGE('',*,*,#940,.T.);
#942=CARTESIAN_POINT('',(0.009750000000000002,0.006,-0.012));
#943=DIRECTION('',(1.8586322956894359E-16,1.,0.));
#944=VECTOR('',#943,1.);
#945=LINE('',#942,#944);
#946=EDGE_CURVE('',#822,#814,#945,.T.);
#947=ORIENTED_EDGE('',*,*,#946,.T.);
#948=CARTESIAN_POINT('',(-0.009749999999999998,0.005999999999999997,-0.012));
#949=DIRECTION('',(1.,1.7792035651044176E-16,0.));
#950=VECTOR('',#949,1.);
#951=LINE('',#948,#950);
#952=EDGE_CURVE('',#814,#839,#951,.T.);
#953=ORIENTED_EDGE('',*,*,#952,.T.);
#954=CARTESIAN_POINT('',(0.008750000000000008,-0.01754357561847744,-0.012));
#955=DIRECTION('',(0.,1.,0.));
#956=VECTOR('',#955,1.);
#957=LINE('',#954,#956);
#958=EDGE_CURVE('',#906,#839,#957,.T.);
#959=ORIENTED_EDGE('',*,*,#958,.F.);
#960=EDGE_LOOP('',(#941,#947,#953,#959));
#961=FACE_OUTER_BOUND('',#960,.T.);
#962=ADVANCED_FACE('',(#961),#234,.T.);
#963=CARTESIAN_POINT('',(0.,-0.01754357561847744,-0.0116));
#964=DIRECTION('',(0.045666593687385675,0.,0.9989567369115598));
#965=DIRECTION('',(0.9989567369115598,0.,-0.045666593687385675));
#966=AXIS2_PLACEMENT_3D('',#963,#964,#965);
#967=PLANE('',#966);
#968=CARTESIAN_POINT('',(0.,-0.01754357561847744,-0.0116));
#969=DIRECTION('',(0.,1.,0.));
#970=VECTOR('',#969,1.);
#971=LINE('',#968,#970);
#972=EDGE_CURVE('',#194,#146,#971,.T.);
#973=ORIENTED_EDGE('',*,*,#972,.T.);
#974=CARTESIAN_POINT('',(-4.180145716114334E-18,0.005999999999999998,-0.0116));
#975=DIRECTION('',(0.9989567369115598,1.777347387698123E-16,-0.045666593687385675));
#976=VECTOR('',#975,1.);
#977=LINE('',#974,#976);
#978=EDGE_CURVE('',#839,#146,#977,.T.);
#979=ORIENTED_EDGE('',*,*,#978,.F.);
#980=CARTESIAN_POINT('',(0.008750000000000008,-0.01754357561847744,-0.012));
#981=DIRECTION('',(0.,1.,0.));
#982=VECTOR('',#981,1.);
#983=LINE('',#980,#982);
#984=EDGE_CURVE('',#906,#839,#983,.T.);
#985=ORIENTED_EDGE('',*,*,#984,.F.);
#986=CARTESIAN_POINT('',(0.,0.034,-0.0116));
#987=DIRECTION('',(0.9989567369115598,0.,-0.045666593687385675));
#988=VECTOR('',#987,1.);
#989=LINE('',#986,#988);
#990=EDGE_CURVE('',#194,#906,#989,.T.);
#991=ORIENTED_EDGE('',*,*,#990,.F.);
#992=EDGE_LOOP('',(#973,#979,#985,#991));
#993=FACE_OUTER_BOUND('',#992,.T.);
#994=ADVANCED_FACE('',(#993),#967,.F.);
#995=CARTESIAN_POINT('',(-0.008749999999999994,-0.01754357561847744,-0.012));
#996=DIRECTION('',(-0.045666593687385744,0.,0.9989567369115598));
#997=DIRECTION('',(0.9989567369115598,0.,0.045666593687385744));
#998=AXIS2_PLACEMENT_3D('',#995,#996,#997);
#999=PLANE('',#998);
#1000=CARTESIAN_POINT('',(-0.008749999999999997,0.005999999999999998,-0.012));
#1001=DIRECTION('',(0.9989567369115598,1.777347387698123E-16,0.045666593687385744));
#1002=VECTOR('',#1001,1.);
#1003=LINE('',#1000,#1002);
#1004=EDGE_CURVE('',#146,#170,#1003,.T.);
#1005=ORIENTED_EDGE('',*,*,#1004,.F.);
#1006=CARTESIAN_POINT('',(0.,-0.01754357561847744,-0.0116));
#1007=DIRECTION('',(0.,1.,0.));
#1008=VECTOR('',#1007,1.);
#1009=LINE('',#1006,#1008);
#1010=EDGE_CURVE('',#194,#146,#1009,.T.);
#1011=ORIENTED_EDGE('',*,*,#1010,.F.);
#1012=CARTESIAN_POINT('',(-0.008749999999999994,0.034,-0.012));
#1013=DIRECTION('',(0.9989567369115598,0.,0.045666593687385744));
#1014=VECTOR('',#1013,1.);
#1015=LINE('',#1012,#1014);
#1016=EDGE_CURVE('',#192,#194,#1015,.T.);
#1017=ORIENTED_EDGE('',*,*,#1016,.F.);
#1018=CARTESIAN_POINT('',(-0.008749999999999994,-0.01754357561847744,-0.012));
#1019=DIRECTION('',(0.,1.,0.));
#1020=VECTOR('',#1019,1.);
#1021=LINE('',#1018,#1020);
#1022=EDGE_CURVE('',#170,#192,#1021,.T.);
#1023=ORIENTED_EDGE('',*,*,#1022,.F.);
#1024=EDGE_LOOP('',(#1005,#1011,#1017,#1023));
#1025=FACE_OUTER_BOUND('',#1024,.T.);
#1026=ADVANCED_FACE('',(#1025),#999,.F.);
#1027=CARTESIAN_POINT('',(-0.009749999999999993,-0.01754357561847744,-0.010976080431375733));
#1028=DIRECTION('',(0.6170288507624339,0.,-0.7869405297268594));
#1029=DIRECTION('',(-0.7869405297268594,0.,-0.6170288507624339));
#1030=AXIS2_PLACEMENT_3D('',#1027,#1028,#1029);
#1031=PLANE('',#1030);
#1032=CARTESIAN_POINT('',(-0.00722976487723679,-0.01754357561847744,-0.009));
#1033=DIRECTION('',(0.,1.,0.));
#1034=VECTOR('',#1033,1.);
#1035=LINE('',#1032,#1034);
#1036=CARTESIAN_POINT('',(-0.00722976487723679,0.034,-0.009));
#1037=VERTEX_POINT('',#1036);
#1038=CARTESIAN_POINT('',(-0.00722976487723679,0.005999999999999998,-0.009));
#1039=VERTEX_POINT('',#1038);
#1040=EDGE_CURVE('',#1037,#1039,#1035,.T.);
#1041=ORIENTED_EDGE('',*,*,#1040,.T.);
#1042=CARTESIAN_POINT('',(-0.009749999999999995,0.005999999999999998,-0.010976080431375735));
#1043=DIRECTION('',(-0.7869405297268594,-1.4001273960151873E-16,-0.6170288507624339));
#1044=VECTOR('',#1043,1.);
#1045=LINE('',#1042,#1044);
#1046=EDGE_CURVE('',#1039,#144,#1045,.T.);
#1047=ORIENTED_EDGE('',*,*,#1046,.T.);
#1048=CARTESIAN_POINT('',(-0.009749999999999995,0.005999999999999998,-0.010976080431375735));
#1049=DIRECTION('',(-0.7869405297268594,-1.4001273960151873E-16,-0.6170288507624339));
#1050=VECTOR('',#1049,1.);
#1051=LINE('',#1048,#1050);
#1052=EDGE_CURVE('',#154,#144,#1051,.T.);
#1053=ORIENTED_EDGE('',*,*,#1052,.F.);
#1054=CARTESIAN_POINT('',(-0.009749999999999993,-0.01754357561847744,-0.010976080431375733));
#1055=DIRECTION('',(0.,1.,0.));
#1056=VECTOR('',#1055,1.);
#1057=LINE('',#1054,#1056);
#1058=EDGE_CURVE('',#210,#154,#1057,.T.);
#1059=ORIENTED_EDGE('',*,*,#1058,.F.);
#1060=CARTESIAN_POINT('',(-0.009749999999999993,0.034,-0.010976080431375733));
#1061=DIRECTION('',(-0.7869405297268592,0.,-0.6170288507624337));
#1062=VECTOR('',#1061,1.);
#1063=LINE('',#1060,#1062);
#1064=EDGE_CURVE('',#218,#210,#1063,.T.);
#1065=ORIENTED_EDGE('',*,*,#1064,.F.);
#1066=CARTESIAN_POINT('',(-0.009749999999999993,0.034,-0.010976080431375733));
#1067=DIRECTION('',(-0.7869405297268592,0.,-0.6170288507624337));
#1068=VECTOR('',#1067,1.);
#1069=LINE('',#1066,#1068);
#1070=EDGE_CURVE('',#218,#1037,#1069,.T.);
#1071=ORIENTED_EDGE('',*,*,#1070,.T.);
#1072=EDGE_LOOP('',(#1041,#1047,#1053,#1059,#1065,#1071));
#1073=FACE_OUTER_BOUND('',#1072,.T.);
#1074=ADVANCED_FACE('',(#1073),#1031,.F.);
#1075=CARTESIAN_POINT('',(-0.00722976487723679,-0.01754357561847744,-0.009));
#1076=DIRECTION('',(0.,0.,1.));
#1077=DIRECTION('',(1.,0.,0.));
#1078=AXIS2_PLACEMENT_3D('',#1075,#1076,#1077);
#1079=PLANE('',#1078);
#1080=CARTESIAN_POINT('',(-0.00722976487723679,0.034,-0.009));
#1081=DIRECTION('',(1.,0.,0.));
#1082=VECTOR('',#1081,1.);
#1083=LINE('',#1080,#1082);
#1084=EDGE_CURVE('',#1037,#316,#1083,.T.);
#1085=ORIENTED_EDGE('',*,*,#1084,.T.);
#1086=CARTESIAN_POINT('',(-0.007318469785412795,0.043,-0.009));
#1087=DIRECTION('',(0.,-1.,0.));
#1088=VECTOR('',#1087,1.);
#1089=LINE('',#1086,#1088);
#1090=EDGE_CURVE('',#324,#316,#1089,.T.);
#1091=ORIENTED_EDGE('',*,*,#1090,.F.);
#1092=CARTESIAN_POINT('',(-0.007229764877236794,0.005999999999999998,-0.009));
#1093=DIRECTION('',(1.,1.7792035651044176E-16,0.));
#1094=VECTOR('',#1093,1.);
#1095=LINE('',#1092,#1094);
#1096=EDGE_CURVE('',#324,#1039,#1095,.T.);
#1097=ORIENTED_EDGE('',*,*,#1096,.T.);
#1098=CARTESIAN_POINT('',(-0.00722976487723679,-0.01754357561847744,-0.009));
#1099=DIRECTION('',(0.,1.,0.));
#1100=VECTOR('',#1099,1.);
#1101=LINE('',#1098,#1100);
#1102=EDGE_CURVE('',#1037,#1039,#1101,.T.);
#1103=ORIENTED_EDGE('',*,*,#1102,.F.);
#1104=EDGE_LOOP('',(#1085,#1091,#1097,#1103));
#1105=FACE_OUTER_BOUND('',#1104,.T.);
#1106=ADVANCED_FACE('',(#1105),#1079,.F.);
#1107=CARTESIAN_POINT('',(0.,0.034,0.));
#1108=DIRECTION('',(0.,-1.,0.));
#1109=DIRECTION('',(0.,0.,-1.));
#1110=AXIS2_PLACEMENT_3D('',#1107,#1108,#1109);
#1111=PLANE('',#1110);
#1112=CARTESIAN_POINT('',(-0.007318469785412795,0.034,-0.009));
#1113=CARTESIAN_POINT('',(-0.007296685179881847,0.034,-0.009017714441929484));
#1114=CARTESIAN_POINT('',(-0.007274815074089677,0.034,-0.009035323217118332));
#1115=(BOUNDED_CURVE() B_SPLINE_CURVE(2,(#1112,#1113,#1114),.UNSPECIFIED.,.F.,.F.) B_SPLINE_CURVE_WITH_KNOTS((3,3),(0.,1.),.UNSPECIFIED.) CURVE() GEOMETRIC_REPRESENTATION_ITEM() RATIONAL_B_SPLINE_CURVE((1.,0.9999970705743654,1.)) REPRESENTATION_ITEM(''));
#1116=EDGE_CURVE('',#316,#218,#1115,.T.);
#1117=ORIENTED_EDGE('',*,*,#1116,.T.);
#1118=CARTESIAN_POINT('',(-0.009749999999999993,0.034,-0.010976080431375733));
#1119=DIRECTION('',(-0.7869405297268592,0.,-0.6170288507624337));
#1120=VECTOR('',#1119,1.);
#1121=LINE('',#1118,#1120);
#1122=EDGE_CURVE('',#218,#1037,#1121,.T.);
#1123=ORIENTED_EDGE('',*,*,#1122,.T.);
#1124=CARTESIAN_POINT('',(-0.00722976487723679,0.034,-0.009));
#1125=DIRECTION('',(1.,0.,0.));
#1126=VECTOR('',#1125,1.);
#1127=LINE('',#1124,#1126);
#1128=EDGE_CURVE('',#1037,#316,#1127,.T.);
#1129=ORIENTED_EDGE('',*,*,#1128,.T.);
#1130=EDGE_LOOP('',(#1117,#1123,#1129));
#1131=FACE_OUTER_BOUND('',#1130,.T.);
#1132=ADVANCED_FACE('',(#1131),#1111,.T.);
#1133=CARTESIAN_POINT('',(-0.009749999999999998,0.005999999999999997,-0.012));
#1134=DIRECTION('',(1.7792035651044176E-16,-1.,0.));
#1135=DIRECTION('',(1.,1.7792035651044176E-16,0.));
#1136=AXIS2_PLACEMENT_3D('',#1133,#1134,#1135);
#1137=PLANE('',#1136);
#1138=CARTESIAN_POINT('',(-0.007274815074089677,0.005999999999999999,-0.009035323217118333));
#1139=CARTESIAN_POINT('',(-0.007296685179881847,0.0059999999999999975,-0.009017714441929486));
#1140=CARTESIAN_POINT('',(-0.007318469785412795,0.005999999999999998,-0.009));
#1141=(BOUNDED_CURVE() B_SPLINE_CURVE(2,(#1138,#1139,#1140),.UNSPECIFIED.,.F.,.F.) B_SPLINE_CURVE_WITH_KNOTS((3,3),(0.,1.),.UNSPECIFIED.) CURVE() GEOMETRIC_REPRESENTATION_ITEM() RATIONAL_B_SPLINE_CURVE((1.,0.9999970705743654,1.)) REPRESENTATION_ITEM(''));
#1142=EDGE_CURVE('',#144,#324,#1141,.T.);
#1143=ORIENTED_EDGE('',*,*,#1142,.F.);
#1144=CARTESIAN_POINT('',(-0.009749999999999995,0.005999999999999998,-0.010976080431375735));
#1145=DIRECTION('',(-0.7869405297268594,-1.4001273960151873E-16,-0.6170288507624339));
#1146=VECTOR('',#1145,1.);
#1147=LINE('',#1144,#1146);
#1148=EDGE_CURVE('',#1039,#144,#1147,.T.);
#1149=ORIENTED_EDGE('',*,*,#1148,.F.);
#1150=CARTESIAN_POINT('',(-0.007229764877236794,0.005999999999999998,-0.009));
#1151=DIRECTION('',(1.,1.7792035651044176E-16,0.));
#1152=VECTOR('',#1151,1.);
#1153=LINE('',#1150,#1152);
#1154=EDGE_CURVE('',#324,#1039,#1153,.T.);
#1155=ORIENTED_EDGE('',*,*,#1154,.F.);
#1156=EDGE_LOOP('',(#1143,#1149,#1155));
#1157=FACE_OUTER_BOUND('',#1156,.T.);
#1158=ADVANCED_FACE('',(#1157),#1137,.F.);
#1159=CARTESIAN_POINT('',(0.009750000000000007,-0.01754357561847744,-0.010976080431375733));
#1160=DIRECTION('',(-0.6306814638266298,0.,-0.7760418102045143));
#1161=DIRECTION('',(-0.7760418102045143,0.,0.6306814638266298));
#1162=AXIS2_PLACEMENT_3D('',#1159,#1160,#1161);
#1163=PLANE('',#1162);
#1164=CARTESIAN_POINT('',(0.009750000000000005,0.006000000000000002,-0.010976080431375731));
#1165=DIRECTION('',(-0.7760418102045143,-1.3807363553859577E-16,0.6306814638266298));
#1166=VECTOR('',#1165,1.);
#1167=LINE('',#1164,#1166);
#1168=EDGE_CURVE('',#296,#804,#1167,.T.);
#1169=ORIENTED_EDGE('',*,*,#1168,.F.);
#1170=CARTESIAN_POINT('',(0.007318469785412795,0.043,-0.009));
#1171=DIRECTION('',(0.,-1.,0.));
#1172=VECTOR('',#1171,1.);
#1173=LINE('',#1170,#1172);
#1174=EDGE_CURVE('',#294,#296,#1173,.T.);
#1175=ORIENTED_EDGE('',*,*,#1174,.F.);
#1176=CARTESIAN_POINT('',(0.009750000000000007,0.034,-0.010976080431375733));
#1177=DIRECTION('',(-0.7760418102045145,0.,0.6306814638266298));
#1178=VECTOR('',#1177,1.);
#1179=LINE('',#1176,#1178);
#1180=EDGE_CURVE('',#806,#294,#1179,.T.);
#1181=ORIENTED_EDGE('',*,*,#1180,.F.);
#1182=CARTESIAN_POINT('',(0.009750000000000007,-0.01754357561847744,-0.010976080431375733));
#1183=DIRECTION('',(0.,1.,0.));
#1184=VECTOR('',#1183,1.);
#1185=LINE('',#1182,#1184);
#1186=EDGE_CURVE('',#804,#806,#1185,.T.);
#1187=ORIENTED_EDGE('',*,*,#1186,.F.);
#1188=EDGE_LOOP('',(#1169,#1175,#1181,#1187));
#1189=FACE_OUTER_BOUND('',#1188,.T.);
#1190=ADVANCED_FACE('',(#1189),#1163,.F.);
#1191=CARTESIAN_POINT('',(0.,-0.0008,0.));
#1192=DIRECTION('',(0.,1.,0.));
#1193=DIRECTION('',(0.,0.,1.));
#1194=AXIS2_PLACEMENT_3D('',#1191,#1192,#1193);
#1195=CYLINDRICAL_SURFACE('',#1194,0.009800000000000003);
#1196=CARTESIAN_POINT('',(0.,-0.00030000000000000003,0.));
#1197=DIRECTION('',(0.,1.,0.));
#1198=DIRECTION('',(0.,0.,-1.));
#1199=AXIS2_PLACEMENT_3D('',#1196,#1197,#1198);
#1200=CIRCLE('',#1199,0.009800000000000003);
#1201=CARTESIAN_POINT('',(0.,-0.00030000000000000003,-0.009800000000000003));
#1202=VERTEX_POINT('',#1201);
#1203=EDGE_CURVE('',#1202,#1202,#1200,.T.);
#1204=ORIENTED_EDGE('',*,*,#1203,.T.);
#1205=EDGE_LOOP('',(#1204));
#1206=FACE_OUTER_BOUND('',#1205,.T.);
#1207=CARTESIAN_POINT('',(0.,0.,0.));
#1208=DIRECTION('',(0.,-1.,0.));
#1209=DIRECTION('',(0.,0.,-1.));
#1210=AXIS2_PLACEMENT_3D('',#1207,#1208,#1209);
#1211=CIRCLE('',#1210,0.009800000000000003);
#1212=EDGE_CURVE('',#431,#431,#1211,.T.);
#1213=ORIENTED_EDGE('',*,*,#1212,.T.);
#1214=EDGE_LOOP('',(#1213));
#1215=FACE_BOUND('',#1214,.T.);
#1216=ADVANCED_FACE('',(#1206,#1215),#1195,.T.);
#1217=CARTESIAN_POINT('',(0.,-0.0008,0.));
#1218=DIRECTION('',(0.,-1.,0.));
#1219=DIRECTION('',(0.,0.,-1.));
#1220=AXIS2_PLACEMENT_3D('',#1217,#1218,#1219);
#1221=PLANE('',#1220);
#1222=CARTESIAN_POINT('',(0.,-0.0008,0.));
#1223=DIRECTION('',(0.,-1.,0.));
#1224=DIRECTION('',(0.,0.,-1.));
#1225=AXIS2_PLACEMENT_3D('',#1222,#1223,#1224);
#1226=CIRCLE('',#1225,0.009300000000000003);
#1227=CARTESIAN_POINT('',(0.,-0.0008,-0.009300000000000003));
#1228=VERTEX_POINT('',#1227);
#1229=EDGE_CURVE('',#1228,#1228,#1226,.T.);
#1230=ORIENTED_EDGE('',*,*,#1229,.T.);
#1231=EDGE_LOOP('',(#1230));
#1232=FACE_OUTER_BOUND('',#1231,.T.);
#1233=CARTESIAN_POINT('',(-0.0036542624938009152,-0.0008,-0.004100079434268747));
#1234=DIRECTION('',(0.,-1.,0.));
#1235=DIRECTION('',(0.,0.,-1.));
#1236=AXIS2_PLACEMENT_3D('',#1233,#1234,#1235);
#1237=CIRCLE('',#1236,0.0027);
#1238=CARTESIAN_POINT('',(-0.0036542624938009152,-0.0008,-0.006800079434268747));
#1239=VERTEX_POINT('',#1238);
#1240=EDGE_CURVE('',#1239,#1239,#1237,.T.);
#1241=ORIENTED_EDGE('',*,*,#1240,.F.);
#1242=EDGE_LOOP('',(#1241));
#1243=FACE_BOUND('',#1242,.T.);
#1244=ADVANCED_FACE('',(#1232,#1243),#1221,.T.);
#1245=CARTESIAN_POINT('',(-0.0036542624938009152,-0.0018,-0.004100079434268747));
#1246=DIRECTION('',(0.,-1.,0.));
#1247=DIRECTION('',(0.,0.,-1.));
#1248=AXIS2_PLACEMENT_3D('',#1245,#1246,#1247);
#1249=PLANE('',#1248);
#1250=CARTESIAN_POINT('',(-0.003877750225103864,-0.0018,-0.002718032678924681));
#1251=DIRECTION('',(-0.3021263754817192,0.,-0.9532678811531831));
#1252=VECTOR('',#1251,1.);
#1253=LINE('',#1250,#1252);
#1254=CARTESIAN_POINT('',(-0.003877750225103864,-0.0018,-0.002718032678924681));
#1255=VERTEX_POINT('',#1254);
#1256=CARTESIAN_POINT('',(-0.0046330294517665585,-0.0018,-0.005101086548126926));
#1257=VERTEX_POINT('',#1256);
#1258=EDGE_CURVE('',#1255,#1257,#1253,.T.);
#1259=ORIENTED_EDGE('',*,*,#1258,.F.);
#1260=CARTESIAN_POINT('',(-0.0046330294517665585,-0.0018,-0.005101086548126926));
#1261=CARTESIAN_POINT('',(-0.0038246354143178125,-0.0018,-0.005891519864651161));
#1262=CARTESIAN_POINT('',(-0.0028817348551757717,-0.0018,-0.0052676414444250644));
#1263=CARTESIAN_POINT('',(-0.0019388342960337303,-0.0018,-0.004643763024198968));
#1264=CARTESIAN_POINT('',(-0.0023502351094116195,-0.0018,-0.0035906556610083976));
#1265=CARTESIAN_POINT('',(-0.0027616359227895086,-0.0018,-0.0025375482978178274));
#1266=CARTESIAN_POINT('',(-0.003877750225103864,-0.0018,-0.002718032678924681));
#1267=(BOUNDED_CURVE() B_SPLINE_CURVE(2,(#1260,#1261,#1262,#1263,#1264,#1265,#1266),.UNSPECIFIED.,.F.,.F.) B_SPLINE_CURVE_WITH_KNOTS((3,2,2,3),(0.,1.,2.,3.),.UNSPECIFIED.) CURVE() GEOMETRIC_REPRESENTATION_ITEM() RATIONAL_B_SPLINE_CURVE((1.,0.777983616773672,1.,0.777983616773672,1.,0.777983616773672,1.)) REPRESENTATION_ITEM(''));
#1268=EDGE_CURVE('',#1257,#1255,#1267,.T.);
#1269=ORIENTED_EDGE('',*,*,#1268,.F.);
#1270=EDGE_LOOP('',(#1259,#1269));
#1271=FACE_OUTER_BOUND('',#1270,.T.);
#1272=CARTESIAN_POINT('',(-0.0036542624938009152,-0.0018,-0.004100079434268747));
#1273=DIRECTION('',(0.,-1.,0.));
#1274=DIRECTION('',(0.,0.,-1.));
#1275=AXIS2_PLACEMENT_3D('',#1272,#1273,#1274);
#1276=CIRCLE('',#1275,0.0022);
#1277=CARTESIAN_POINT('',(-0.0036542624938009152,-0.0018,-0.006300079434268748));
#1278=VERTEX_POINT('',#1277);
#1279=EDGE_CURVE('',#1278,#1278,#1276,.T.);
#1280=ORIENTED_EDGE('',*,*,#1279,.T.);
#1281=EDGE_LOOP('',(#1280));
#1282=FACE_BOUND('',#1281,.T.);
#1283=ADVANCED_FACE('',(#1271,#1282),#1249,.T.);
#1284=CARTESIAN_POINT('',(-0.0036542624938009152,-0.0018,-0.004100079434268747));
#1285=DIRECTION('',(0.,1.,0.));
#1286=DIRECTION('',(0.,0.,1.));
#1287=AXIS2_PLACEMENT_3D('',#1284,#1285,#1286);
#1288=CYLINDRICAL_SURFACE('',#1287,0.0027);
#1289=CARTESIAN_POINT('',(-0.0036542624938009152,-0.0013,-0.004100079434268747));
#1290=DIRECTION('',(0.,1.,0.));
#1291=DIRECTION('',(0.,0.,-1.));
#1292=AXIS2_PLACEMENT_3D('',#1289,#1290,#1291);
#1293=CIRCLE('',#1292,0.0027);
#1294=CARTESIAN_POINT('',(-0.0036542624938009152,-0.0013,-0.006800079434268747));
#1295=VERTEX_POINT('',#1294);
#1296=EDGE_CURVE('',#1295,#1295,#1293,.T.);
#1297=ORIENTED_EDGE('',*,*,#1296,.T.);
#1298=EDGE_LOOP('',(#1297));
#1299=FACE_OUTER_BOUND('',#1298,.T.);
#1300=CARTESIAN_POINT('',(-0.0036542624938009152,-0.0008,-0.004100079434268747));
#1301=DIRECTION('',(0.,-1.,0.));
#1302=DIRECTION('',(0.,0.,-1.));
#1303=AXIS2_PLACEMENT_3D('',#1300,#1301,#1302);
#1304=CIRCLE('',#1303,0.0027);
#1305=EDGE_CURVE('',#1239,#1239,#1304,.T.);
#1306=ORIENTED_EDGE('',*,*,#1305,.T.);
#1307=EDGE_LOOP('',(#1306));
#1308=FACE_BOUND('',#1307,.T.);
#1309=ADVANCED_FACE('',(#1299,#1308),#1288,.T.);
#1310=CARTESIAN_POINT('',(-0.0036542624938009152,-0.0018,-0.004100079434268747));
#1311=DIRECTION('',(0.,1.,0.));
#1312=DIRECTION('',(0.,0.,1.));
#1313=AXIS2_PLACEMENT_3D('',#1310,#1311,#1312);
#1314=CYLINDRICAL_SURFACE('',#1313,0.0014000000000000002);
#1315=CARTESIAN_POINT('',(-0.004210056955030161,-0.0009999999999998495,-0.0028151309851598616));
#1316=DIRECTION('',(0.3812181178641669,-0.9177499786388069,0.11138996059148092));
#1317=VECTOR('',#1316,1.);
#1318=LINE('',#1315,#1317);
#1319=CARTESIAN_POINT('',(-0.004210056955030161,-0.0009999999999998495,-0.0028151309851598616));
#1320=VERTEX_POINT('',#1319);
#1321=EDGE_CURVE('',#1320,#1255,#1318,.T.);
#1322=ORIENTED_EDGE('',*,*,#1321,.F.);
#1323=CARTESIAN_POINT('',(-0.004851914010364759,-0.001000000000007347,-0.0048250834652039856));
#1324=CARTESIAN_POINT('',(-0.0041590782289660675,-0.001,-0.005969595480194355));
#1325=CARTESIAN_POINT('',(-0.0029843216594518706,-0.001,-0.005329379754968171));
#1326=CARTESIAN_POINT('',(-0.0018095650899376745,-0.001,-0.0046891640297419875));
#1327=CARTESIAN_POINT('',(-0.002395843220369133,-0.001,-0.003486580508226145));
#1328=CARTESIAN_POINT('',(-0.0029821213508005925,-0.001,-0.0022839969867103024));
#1329=CARTESIAN_POINT('',(-0.004210056955030161,-0.0009999999999998495,-0.0028151309851598616));
#1330=(BOUNDED_CURVE() B_SPLINE_CURVE(2,(#1323,#1324,#1325,#1326,#1327,#1328,#1329),.UNSPECIFIED.,.F.,.F.) B_SPLINE_CURVE_WITH_KNOTS((3,2,2,3),(0.,1.,2.,3.),.UNSPECIFIED.) CURVE() GEOMETRIC_REPRESENTATION_ITEM() RATIONAL_B_SPLINE_CURVE((1.,0.7229637187580933,1.,0.7229637187580933,1.,0.7229637187580933,1.)) REPRESENTATION_ITEM(''));
#1331=CARTESIAN_POINT('',(-0.004851914010364759,-0.001000000000007347,-0.0048250834652039856));
#1332=VERTEX_POINT('',#1331);
#1333=EDGE_CURVE('',#1332,#1320,#1330,.T.);
#1334=ORIENTED_EDGE('',*,*,#1333,.F.);
#1335=CARTESIAN_POINT('',(-0.0046330294517665585,-0.0018,-0.005101086548126926));
#1336=DIRECTION('',(-0.25040522820903666,0.9152047264015472,0.3157491574934915));
#1337=VECTOR('',#1336,1.);
#1338=LINE('',#1335,#1337);
#1339=EDGE_CURVE('',#1257,#1332,#1338,.T.);
#1340=ORIENTED_EDGE('',*,*,#1339,.F.);
#1341=CARTESIAN_POINT('',(-0.0046330294517665585,-0.0018,-0.005101086548126926));
#1342=CARTESIAN_POINT('',(-0.0038246354143178125,-0.0018,-0.005891519864651161));
#1343=CARTESIAN_POINT('',(-0.0028817348551757717,-0.0018,-0.0052676414444250644));
#1344=CARTESIAN_POINT('',(-0.0019388342960337303,-0.0018,-0.004643763024198968));
#1345=CARTESIAN_POINT('',(-0.0023502351094116195,-0.0018,-0.0035906556610083976));
#1346=CARTESIAN_POINT('',(-0.0027616359227895086,-0.0018,-0.0025375482978178274));
#1347=CARTESIAN_POINT('',(-0.003877750225103864,-0.0018,-0.002718032678924681));
#1348=(BOUNDED_CURVE() B_SPLINE_CURVE(2,(#1341,#1342,#1343,#1344,#1345,#1346,#1347),.UNSPECIFIED.,.F.,.F.) B_SPLINE_CURVE_WITH_KNOTS((3,2,2,3),(0.,1.,2.,3.),.UNSPECIFIED.) CURVE() GEOMETRIC_REPRESENTATION_ITEM() RATIONAL_B_SPLINE_CURVE((1.,0.777983616773672,1.,0.777983616773672,1.,0.777983616773672,1.)) REPRESENTATION_ITEM(''));
#1349=EDGE_CURVE('',#1257,#1255,#1348,.T.);
#1350=ORIENTED_EDGE('',*,*,#1349,.T.);
#1351=EDGE_LOOP('',(#1322,#1334,#1340,#1350));
#1352=FACE_OUTER_BOUND('',#1351,.T.);
#1353=ADVANCED_FACE('',(#1352),#1314,.F.);
#1354=CARTESIAN_POINT('',(-0.0021151687728281233,-0.0008,0.0006809135631115325));
#1355=DIRECTION('',(-0.3064324932664865,0.,-0.9518923925898792));
#1356=VECTOR('',#1355,1.);
#1357=LINE('',#1354,#1356);
#1358=CARTESIAN_POINT('',(-0.0040219814857207,-0.0008,-0.005242350305376602));
#1359=VERTEX_POINT('',#1358);
#1360=CARTESIAN_POINT('',(-0.003286543501881132,-0.0008,-0.0029578085631608913));
#1361=VERTEX_POINT('',#1360);
#1362=EDGE_CURVE('',#1359,#1361,#1357,.T.);
#1363=ORIENTED_EDGE('',*,*,#1362,.T.);
#1364=CARTESIAN_POINT('',(-0.003286543501881132,-0.0008,-0.0029578085631608913));
#1365=CARTESIAN_POINT('',(-0.002627053106959543,-0.0008,-0.003170111222131917));
#1366=CARTESIAN_POINT('',(-0.002481167405458641,-0.0008,-0.003847397987171357));
#1367=CARTESIAN_POINT('',(-0.0023352817039577383,-0.0008,-0.004524684752210797));
#1368=CARTESIAN_POINT('',(-0.0028488863973784246,-0.0008,-0.0049896688582792125));
#1369=CARTESIAN_POINT('',(-0.003362491090799111,-0.0008,-0.005454652964347628));
#1370=CARTESIAN_POINT('',(-0.0040219814857207,-0.0008,-0.005242350305376602));
#1371=(BOUNDED_CURVE() B_SPLINE_CURVE(2,(#1364,#1365,#1366,#1367,#1368,#1369,#1370),.UNSPECIFIED.,.F.,.F.) B_SPLINE_CURVE_WITH_KNOTS((3,2,2,3),(0.,1.,2.,3.),.UNSPECIFIED.) CURVE() GEOMETRIC_REPRESENTATION_ITEM() RATIONAL_B_SPLINE_CURVE((1.,0.8660254037844386,1.,0.8660254037844386,1.,0.8660254037844386,1.)) REPRESENTATION_ITEM(''));
#1372=EDGE_CURVE('',#1361,#1359,#1371,.T.);
#1373=ORIENTED_EDGE('',*,*,#1372,.T.);
#1374=EDGE_LOOP('',(#1363,#1373));
#1375=FACE_OUTER_BOUND('',#1374,.T.);
#1376=ADVANCED_FACE('',(#1375),#1221,.T.);
#1377=CARTESIAN_POINT('',(0.,0.05175,0.));
#1378=DIRECTION('',(0.,1.,0.));
#1379=DIRECTION('',(0.,0.,1.));
#1380=AXIS2_PLACEMENT_3D('',#1377,#1378,#1379);
#1381=TOROIDAL_SURFACE('',#1380,0.0035,0.0005);
#1382=CARTESIAN_POINT('',(0.,0.05225,0.));
#1383=DIRECTION('',(0.,-1.,0.));
#1384=DIRECTION('',(0.,0.,1.));
#1385=AXIS2_PLACEMENT_3D('',#1382,#1383,#1384);
#1386=CIRCLE('',#1385,0.0035);
#1387=EDGE_CURVE('',#502,#502,#1386,.T.);
#1388=ORIENTED_EDGE('',*,*,#1387,.F.);
#1389=EDGE_LOOP('',(#1388));
#1390=FACE_OUTER_BOUND('',#1389,.T.);
#1391=CARTESIAN_POINT('',(0.,0.05175,0.));
#1392=DIRECTION('',(0.,1.,0.));
#1393=DIRECTION('',(0.,0.,1.));
#1394=AXIS2_PLACEMENT_3D('',#1391,#1392,#1393);
#1395=CIRCLE('',#1394,0.003);
#1396=EDGE_CURVE('',#554,#554,#1395,.T.);
#1397=ORIENTED_EDGE('',*,*,#1396,.F.);
#1398=EDGE_LOOP('',(#1397));
#1399=FACE_BOUND('',#1398,.T.);
#1400=ADVANCED_FACE('',(#1390,#1399),#1381,.T.);
#1401=CARTESIAN_POINT('',(0.,0.04325,0.));
#1402=DIRECTION('',(0.,1.,0.));
#1403=DIRECTION('',(0.,0.,1.));
#1404=AXIS2_PLACEMENT_3D('',#1401,#1402,#1403);
#1405=TOROIDAL_SURFACE('',#1404,0.006100000000000001,0.0005);
#1406=CARTESIAN_POINT('',(0.,0.04325,0.));
#1407=DIRECTION('',(0.,-1.,0.));
#1408=DIRECTION('',(0.,0.,1.));
#1409=AXIS2_PLACEMENT_3D('',#1406,#1407,#1408);
#1410=CIRCLE('',#1409,0.006600000000000001);
#1411=EDGE_CURVE('',#448,#448,#1410,.T.);
#1412=ORIENTED_EDGE('',*,*,#1411,.F.);
#1413=EDGE_LOOP('',(#1412));
#1414=FACE_OUTER_BOUND('',#1413,.T.);
#1415=CARTESIAN_POINT('',(0.,0.04375,0.));
#1416=DIRECTION('',(0.,1.,0.));
#1417=DIRECTION('',(0.,0.,1.));
#1418=AXIS2_PLACEMENT_3D('',#1415,#1416,#1417);
#1419=CIRCLE('',#1418,0.006100000000000001);
#1420=EDGE_CURVE('',#474,#474,#1419,.T.);
#1421=ORIENTED_EDGE('',*,*,#1420,.F.);
#1422=EDGE_LOOP('',(#1421));
#1423=FACE_BOUND('',#1422,.T.);
#1424=ADVANCED_FACE('',(#1414,#1423),#1405,.T.);
#1425=CARTESIAN_POINT('',(0.,0.042499999999999996,0.));
#1426=DIRECTION('',(0.,1.,0.));
#1427=DIRECTION('',(0.,0.,1.));
#1428=AXIS2_PLACEMENT_3D('',#1425,#1426,#1427);
#1429=TOROIDAL_SURFACE('',#1428,0.011099999999999999,0.0005);
#1430=CARTESIAN_POINT('',(0.,0.042499999999999996,0.));
#1431=DIRECTION('',(0.,-1.,0.));
#1432=DIRECTION('',(0.,0.,1.));
#1433=AXIS2_PLACEMENT_3D('',#1430,#1431,#1432);
#1434=CIRCLE('',#1433,0.0116);
#1435=EDGE_CURVE('',#273,#273,#1434,.T.);
#1436=ORIENTED_EDGE('',*,*,#1435,.F.);
#1437=EDGE_LOOP('',(#1436));
#1438=FACE_OUTER_BOUND('',#1437,.T.);
#1439=CARTESIAN_POINT('',(0.,0.043,0.));
#1440=DIRECTION('',(0.,1.,0.));
#1441=DIRECTION('',(0.,0.,1.));
#1442=AXIS2_PLACEMENT_3D('',#1439,#1440,#1441);
#1443=CIRCLE('',#1442,0.011099999999999999);
#1444=EDGE_CURVE('',#359,#359,#1443,.T.);
#1445=ORIENTED_EDGE('',*,*,#1444,.F.);
#1446=EDGE_LOOP('',(#1445));
#1447=FACE_BOUND('',#1446,.T.);
#1448=ADVANCED_FACE('',(#1438,#1447),#1429,.T.);
#1449=CARTESIAN_POINT('',(-0.0036542624938009152,-0.0013,-0.004100079434268747));
#1450=DIRECTION('',(0.,-1.,0.));
#1451=DIRECTION('',(0.,0.,-1.));
#1452=AXIS2_PLACEMENT_3D('',#1449,#1450,#1451);
#1453=TOROIDAL_SURFACE('',#1452,0.0022,0.0005);
#1454=CARTESIAN_POINT('',(-0.0036542624938009152,-0.0013,-0.004100079434268747));
#1455=DIRECTION('',(0.,1.,0.));
#1456=DIRECTION('',(0.,0.,-1.));
#1457=AXIS2_PLACEMENT_3D('',#1454,#1455,#1456);
#1458=CIRCLE('',#1457,0.0027);
#1459=EDGE_CURVE('',#1295,#1295,#1458,.T.);
#1460=ORIENTED_EDGE('',*,*,#1459,.F.);
#1461=EDGE_LOOP('',(#1460));
#1462=FACE_OUTER_BOUND('',#1461,.T.);
#1463=CARTESIAN_POINT('',(-0.0036542624938009152,-0.0018,-0.004100079434268747));
#1464=DIRECTION('',(0.,-1.,0.));
#1465=DIRECTION('',(0.,0.,-1.));
#1466=AXIS2_PLACEMENT_3D('',#1463,#1464,#1465);
#1467=CIRCLE('',#1466,0.0022);
#1468=EDGE_CURVE('',#1278,#1278,#1467,.T.);
#1469=ORIENTED_EDGE('',*,*,#1468,.F.);
#1470=EDGE_LOOP('',(#1469));
#1471=FACE_BOUND('',#1470,.T.);
#1472=ADVANCED_FACE('',(#1462,#1471),#1453,.T.);
#1473=CARTESIAN_POINT('',(0.,0.0005000000000000004,0.));
#1474=DIRECTION('',(0.,1.,0.));
#1475=DIRECTION('',(0.,0.,1.));
#1476=AXIS2_PLACEMENT_3D('',#1473,#1474,#1475);
#1477=TOROIDAL_SURFACE('',#1476,0.011099999999999999,0.0005);
#1478=CARTESIAN_POINT('',(0.,0.,0.));
#1479=DIRECTION('',(0.,-1.,0.));
#1480=DIRECTION('',(0.,0.,1.));
#1481=AXIS2_PLACEMENT_3D('',#1478,#1479,#1480);
#1482=CIRCLE('',#1481,0.011099999999999999);
#1483=EDGE_CURVE('',#420,#420,#1482,.T.);
#1484=ORIENTED_EDGE('',*,*,#1483,.F.);
#1485=EDGE_LOOP('',(#1484));
#1486=FACE_OUTER_BOUND('',#1485,.T.);
#1487=CARTESIAN_POINT('',(0.,0.0005000000000000004,0.));
#1488=DIRECTION('',(0.,1.,0.));
#1489=DIRECTION('',(0.,0.,1.));
#1490=AXIS2_PLACEMENT_3D('',#1487,#1488,#1489);
#1491=CIRCLE('',#1490,0.0116);
#1492=EDGE_CURVE('',#284,#284,#1491,.T.);
#1493=ORIENTED_EDGE('',*,*,#1492,.F.);
#1494=EDGE_LOOP('',(#1493));
#1495=FACE_BOUND('',#1494,.T.);
#1496=ADVANCED_FACE('',(#1486,#1495),#1477,.T.);
#1497=CARTESIAN_POINT('',(0.,-0.00030000000000000003,0.));
#1498=DIRECTION('',(0.,-1.,0.));
#1499=DIRECTION('',(0.,0.,-1.));
#1500=AXIS2_PLACEMENT_3D('',#1497,#1498,#1499);
#1501=TOROIDAL_SURFACE('',#1500,0.009300000000000003,0.0005);
#1502=CARTESIAN_POINT('',(0.,-0.00030000000000000003,0.));
#1503=DIRECTION('',(0.,1.,0.));
#1504=DIRECTION('',(0.,0.,-1.));
#1505=AXIS2_PLACEMENT_3D('',#1502,#1503,#1504);
#1506=CIRCLE('',#1505,0.009800000000000003);
#1507=EDGE_CURVE('',#1202,#1202,#1506,.T.);
#1508=ORIENTED_EDGE('',*,*,#1507,.F.);
#1509=EDGE_LOOP('',(#1508));
#1510=FACE_OUTER_BOUND('',#1509,.T.);
#1511=CARTESIAN_POINT('',(0.,-0.0008,0.));
#1512=DIRECTION('',(0.,-1.,0.));
#1513=DIRECTION('',(0.,0.,-1.));
#1514=AXIS2_PLACEMENT_3D('',#1511,#1512,#1513);
#1515=CIRCLE('',#1514,0.009300000000000003);
#1516=EDGE_CURVE('',#1228,#1228,#1515,.T.);
#1517=ORIENTED_EDGE('',*,*,#1516,.F.);
#1518=EDGE_LOOP('',(#1517));
#1519=FACE_BOUND('',#1518,.T.);
#1520=ADVANCED_FACE('',(#1510,#1519),#1501,.T.);
#1521=CARTESIAN_POINT('',(-0.0036542624938009157,-0.0008000000000000003,-0.004100079434268748));
#1522=DIRECTION('',(-0.5207622380365403,-0.8370796760343989,0.16764339356300184));
#1523=DIRECTION('',(0.8490963400142311,-0.5282380196222508,0.));
#1524=AXIS2_PLACEMENT_3D('',#1521,#1522,#1523);
#1525=PLANE('',#1524);
#1526=CARTESIAN_POINT('',(-0.0032619946030535882,-0.0008063466732502775,-0.002913240935724276));
#1527=DIRECTION('',(-0.47876239400621134,0.12377534734343215,-0.8691756056605902));
#1528=VECTOR('',#1527,1.);
#1529=LINE('',#1526,#1528);
#1530=CARTESIAN_POINT('',(-0.0032619946030535882,-0.0008063466732502775,-0.002913240935724276));
#1531=VERTEX_POINT('',#1530);
#1532=EDGE_CURVE('',#1531,#1361,#1529,.T.);
#1533=ORIENTED_EDGE('',*,*,#1532,.T.);
#1534=CARTESIAN_POINT('',(-0.0021151687728281233,-0.0008,0.0006809135631115325));
#1535=DIRECTION('',(-0.3064324932664865,0.,-0.9518923925898792));
#1536=VECTOR('',#1535,1.);
#1537=LINE('',#1534,#1536);
#1538=EDGE_CURVE('',#1359,#1361,#1537,.T.);
#1539=ORIENTED_EDGE('',*,*,#1538,.F.);
#1540=CARTESIAN_POINT('',(-0.0040219814857207,-0.0008,-0.005242350305376602));
#1541=DIRECTION('',(-0.1182110039962625,-0.12377534734344048,-0.9852440418110662));
#1542=VECTOR('',#1541,1.);
#1543=LINE('',#1540,#1542);
#1544=CARTESIAN_POINT('',(-0.004028042843115803,-0.0008063466732502782,-0.005292869428444041));
#1545=VERTEX_POINT('',#1544);
#1546=EDGE_CURVE('',#1359,#1545,#1543,.T.);
#1547=ORIENTED_EDGE('',*,*,#1546,.T.);
#1548=CARTESIAN_POINT('',(-0.004028042843115803,-0.0008063466732502782,-0.005292869428444041));
#1549=CARTESIAN_POINT('',(-0.003037752319169319,-0.001483851244755286,-0.005599588330857354));
#1550=CARTESIAN_POINT('',(-0.0026582502742899844,-0.0014838512447552855,-0.004420714949506152));
#1551=CARTESIAN_POINT('',(-0.0022787482294106495,-0.001483851244755285,-0.00324184156815495));
#1552=CARTESIAN_POINT('',(-0.0032619946030535882,-0.0008063466732502775,-0.002913240935724276));
#1553=(BOUNDED_CURVE() B_SPLINE_CURVE(2,(#1548,#1549,#1550,#1551,#1552),.UNSPECIFIED.,.F.,.F.) B_SPLINE_CURVE_WITH_KNOTS((3,2,3),(0.,1.,2.),.UNSPECIFIED.) CURVE() GEOMETRIC_REPRESENTATION_ITEM() RATIONAL_B_SPLINE_CURVE((1.,0.710380454556341,1.,0.710380454556341,1.)) REPRESENTATION_ITEM(''));
#1554=EDGE_CURVE('',#1545,#1531,#1553,.T.);
#1555=ORIENTED_EDGE('',*,*,#1554,.T.);
#1556=EDGE_LOOP('',(#1533,#1539,#1547,#1555));
#1557=FACE_OUTER_BOUND('',#1556,.T.);
#1558=ADVANCED_FACE('',(#1557),#1525,.F.);
#1559=CARTESIAN_POINT('',(-0.002592892068783127,-0.0014602975245278137,-0.004100079434268748));
#1560=CARTESIAN_POINT('',(-0.0034062642839667438,-0.002767722107202034,-0.003816239804086242));
#1561=CARTESIAN_POINT('',(-0.0038823679142083165,-0.0038294334387518033,-0.003656746393153665));
#1562=CARTESIAN_POINT('',(-0.004213887981307922,-0.005034411223236026,-0.003542048544825503));
#1563=CARTESIAN_POINT('',(-0.004261480247985647,-0.005370042079623675,-0.0035242190107079244));
#1564=CARTESIAN_POINT('',(-0.004272936006821763,-0.005915195167150438,-0.003512234093166552));
#1565=CARTESIAN_POINT('',(-0.0042387730211513475,-0.006123764134548634,-0.0035174310543233133));
#1566=CARTESIAN_POINT('',(-0.004127998231846529,-0.006466977128461654,-0.003536206478431766));
#1567=CARTESIAN_POINT('',(-0.004051740893112099,-0.006605425441326528,-0.0035499031385269335));
#1568=CARTESIAN_POINT('',(-0.0038345919414092045,-0.00687464982802168,-0.0035892699430848953));
#1569=CARTESIAN_POINT('',(-0.0036907205996271533,-0.007004791806986183,-0.0036157987243641797));
#1570=CARTESIAN_POINT('',(-0.003119484893744006,-0.007379829997689734,-0.003713668041606113));
#1571=CARTESIAN_POINT('',(-0.0025490725468645696,-0.007595445368810636,-0.0038025540263596043));
#1572=CARTESIAN_POINT('',(-0.0016799718875630427,-0.007808929213375663,-0.0038778341850465073));
#1573=CARTESIAN_POINT('',(-0.0014986576887034216,-0.00784939801695406,-0.0038911309358268392));
#1574=CARTESIAN_POINT('',(-0.0011237008203530152,-0.007927493345697,-0.003913334947269524));
#1575=CARTESIAN_POINT('',(-0.0009296667444327956,-0.007967874839958356,-0.003920122808805716));
#1576=CARTESIAN_POINT('',(-0.0005380592629578959,-0.008005256730080262,-0.003970529333587534));
#1577=CARTESIAN_POINT('',(-0.00034013297075272163,-0.008005516462823064,-0.004009565909168956));
#1578=CARTESIAN_POINT('',(0.00006288088381649806,-0.008006776768669411,-0.004074813441306115));
#1579=CARTESIAN_POINT('',(0.0002673642453314603,-0.008003484685749063,-0.0041056359831875755));
#1580=CARTESIAN_POINT('',(0.0012988796103355145,-0.007969451561007108,-0.004248143885451427));
#1581=CARTESIAN_POINT('',(0.00215325862634617,-0.007885847150546476,-0.004324258023236921));
#1582=CARTESIAN_POINT('',(0.0037750498175912264,-0.007668909295043506,-0.004338677711916045));
#1583=CARTESIAN_POINT('',(0.004542651594769608,-0.007535712719533252,-0.004275708615043278));
#1584=CARTESIAN_POINT('',(0.005839007077614864,-0.007289816696244417,-0.003976053968811201));
#1585=CARTESIAN_POINT('',(0.006359467255830181,-0.007179281271186642,-0.0037399538141240163));
#1586=CARTESIAN_POINT('',(0.00696709060369333,-0.007054494926092704,-0.003224596399639472));
#1587=CARTESIAN_POINT('',(0.007166143796199659,-0.007014981659485925,-0.0029616357861890837));
#1588=CARTESIAN_POINT('',(0.007500886968219244,-0.0069531313654686315,-0.0022970478653534594));
#1589=CARTESIAN_POINT('',(0.007632613560528452,-0.006931677737406048,-0.0018956661612820054));
#1590=CARTESIAN_POINT('',(0.007928109335064654,-0.006896297367884331,-0.0005181195775288551));
#1591=CARTESIAN_POINT('',(0.007987141121041673,-0.006912359443491575,0.0006236963116084827));
#1592=CARTESIAN_POINT('',(0.008059523591214788,-0.00698382696617946,0.003066269776791702));
#1593=CARTESIAN_POINT('',(0.008075643221601344,-0.007038408787000338,0.0043675272189455105));
#1594=CARTESIAN_POINT('',(0.00838149072813667,-0.007131904093213291,0.0069188750202974925));
#1595=CARTESIAN_POINT('',(0.0086690977679641,-0.007171629245313552,0.008179673379525246));
#1596=CARTESIAN_POINT('',(0.009304818414475148,-0.00716993442530811,0.009297343837228546));
#1597=CARTESIAN_POINT('',(-0.0023715030332369428,-0.0011044340447730382,-0.0016354601779297994));
#1598=CARTESIAN_POINT('',(-0.003252926596328644,-0.0024391303020686885,-0.0013415699829166046));
#1599=CARTESIAN_POINT('',(-0.003808596883576797,-0.0035497123615563252,-0.001169988524557951));
#1600=CARTESIAN_POINT('',(-0.004252598990146623,-0.00491881690717142,-0.001044138999895537));
#1601=CARTESIAN_POINT('',(-0.004335898999681945,-0.0053254094022679435,-0.0010240170780633359));
#1602=CARTESIAN_POINT('',(-0.004395099504027907,-0.0060490406992184985,-0.00101709855112832));
#1603=CARTESIAN_POINT('',(-0.004371513429703949,-0.006365815198193428,-0.0010301249744819312));
#1604=CARTESIAN_POINT('',(-0.00423861430638522,-0.006932973460933552,-0.001079885700692793));
#1605=CARTESIAN_POINT('',(-0.004129395451690459,-0.0071843194738022975,-0.0011166275741450907));
#1606=CARTESIAN_POINT('',(-0.0038302664391658935,-0.007649247923845098,-0.0012097831085809212));
#1607=CARTESIAN_POINT('',(-0.0036395870057084243,-0.007862640489113702,-0.0012663629831008447));
#1608=CARTESIAN_POINT('',(-0.002951239752251575,-0.00846624364628188,-0.00146092122683243));
#1609=CARTESIAN_POINT('',(-0.0023367271657661545,-0.008816481972715935,-0.0016186292468614914));
#1610=CARTESIAN_POINT('',(-0.0014440048574772787,-0.009270444040836448,-0.0018624519040921393));
#1611=CARTESIAN_POINT('',(-0.0012592835736785458,-0.00936213290180508,-0.0019139531478371398));
#1612=CARTESIAN_POINT('',(-0.0008792634052952583,-0.009548588085191474,-0.002024631427079461));
#1613=CARTESIAN_POINT('',(-0.0006840546935498127,-0.009650444721418622,-0.0020871884365867323));
#1614=CARTESIAN_POINT('',(-0.00027472266022260345,-0.009731141814096176,-0.002180839516589409));
#1615=CARTESIAN_POINT('',(-0.0000636295435870446,-0.009722304419818447,-0.0022133864596703815));
#1616=CARTESIAN_POINT('',(0.00035656025104851077,-0.009723591669903851,-0.0022813880388845224));
#1617=CARTESIAN_POINT('',(0.0005672612365245998,-0.00972015161909074,-0.0023131146290766486));
#1618=CARTESIAN_POINT('',(0.001618821953743254,-0.00968528009604163,-0.0024582189533854577));
#1619=CARTESIAN_POINT('',(0.0024557404796605167,-0.009601459646739618,-0.002530272349744283));
#1620=CARTESIAN_POINT('',(0.00396528062180304,-0.00939945381099547,-0.0025436194897790086));
#1621=CARTESIAN_POINT('',(0.0046380899587546015,-0.009280904435968884,-0.0024799344838830426));
#1622=CARTESIAN_POINT('',(0.005604706899636521,-0.009097474243414127,-0.0022564363000843347));
#1623=CARTESIAN_POINT('',(0.005869944620343347,-0.009039866398718758,-0.002095602928511026));
#1624=CARTESIAN_POINT('',(0.005972434567732678,-0.0090188175235569,-0.0020086753428697267));
#1625=CARTESIAN_POINT('',(0.006018043161437267,-0.009009478551134457,-0.0019628485868968732));
#1626=CARTESIAN_POINT('',(0.006165274498931664,-0.008982243551695303,-0.0016704922684298617));
#1627=CARTESIAN_POINT('',(0.006254398923987809,-0.008967135575725493,-0.001424555517243019));
#1628=CARTESIAN_POINT('',(0.006474094158364909,-0.008940796619756587,-0.0004002192747263446));
#1629=CARTESIAN_POINT('',(0.006540910956656742,-0.008951788045149973,0.0006405750575116825));
#1630=CARTESIAN_POINT('',(0.006611243648612097,-0.009021245640041838,0.0030158122783020313));
#1631=CARTESIAN_POINT('',(0.006624175583994762,-0.009077041445810091,0.0043517490267338445));
#1632=CARTESIAN_POINT('',(0.006957136123645409,-0.009178810560502909,0.0071296313676097855));
#1633=CARTESIAN_POINT('',(0.007271079140637707,-0.009227034175398604,0.00860150133814273));
#1634=CARTESIAN_POINT('',(0.00806858896419857,-0.009224908029006221,0.010003615905466308));
#1635=CARTESIAN_POINT('',(-0.004494243883272519,0.00021616100428258853,-0.0016354601779297994));
#1636=CARTESIAN_POINT('',(-0.0054638222522078485,-0.0012602363789085027,-0.0013571901533396223));
#1637=CARTESIAN_POINT('',(-0.0061301471475541085,-0.0025614433441912654,-0.0011951551037683735));
#1638=CARTESIAN_POINT('',(-0.006708542306344047,-0.0044244924187530725,-0.001100812317201066));
#1639=CARTESIAN_POINT('',(-0.0068296588991745705,-0.005033261352789308,-0.0010947650926684818));
#1640=CARTESIAN_POINT('',(-0.006896529668086164,-0.006240502839119388,-0.0011411288120443896));
#1641=CARTESIAN_POINT('',(-0.006838850208900819,-0.006840617604402393,-0.0011946581069903147));
#1642=CARTESIAN_POINT('',(-0.006517440914640059,-0.007965443484851724,-0.0013648666625035286));
#1643=CARTESIAN_POINT('',(-0.0062530963142499235,-0.008483508260530225,-0.0014813171154469203));
#1644=CARTESIAN_POINT('',(-0.00559796273172982,-0.009356453057865527,-0.001749871868513662));
#1645=CARTESIAN_POINT('',(-0.005212363898901782,-0.009712411379920282,-0.0019004251261640253));
#1646=CARTESIAN_POINT('',(-0.004001268472810862,-0.010587484520260605,-0.0023758170285131915));
#1647=CARTESIAN_POINT('',(-0.0031277896539221744,-0.010938185927263469,-0.002720773930507486));
#1648=CARTESIAN_POINT('',(-0.0020124714235548024,-0.011273611947425705,-0.0032480644947209775));
#1649=CARTESIAN_POINT('',(-0.00178766615376091,-0.011334490244176968,-0.003358665493242277));
#1650=CARTESIAN_POINT('',(-0.001334804028716624,-0.011443902438010552,-0.0035920629673188327));
#1651=CARTESIAN_POINT('',(-0.00110762014969692,-0.011494016705662878,-0.003722478220238742));
#1652=CARTESIAN_POINT('',(-0.0006278604401771487,-0.011538896981921096,-0.003871890381697173));
#1653=CARTESIAN_POINT('',(-0.00037902057900563493,-0.011539466461280436,-0.003901504342955319));
#1654=CARTESIAN_POINT('',(0.00011212124011371214,-0.011541003643806311,-0.003980962887539349));
#1655=CARTESIAN_POINT('',(0.00035723591576277,-0.011536991959302103,-0.004017856258867438));
#1656=CARTESIAN_POINT('',(0.0015776833449886113,-0.011496732707887005,-0.004186097062643403));
#1657=CARTESIAN_POINT('',(0.0025394270790792435,-0.011400797916215708,-0.00426954152595838));
#1658=CARTESIAN_POINT('',(0.00432705458528876,-0.01116167863914266,-0.004285274499545542));
#1659=CARTESIAN_POINT('',(0.0051527469097782976,-0.011017856407154856,-0.0042151335749329825));
#1660=CARTESIAN_POINT('',(0.006515733987886999,-0.010759320523784041,-0.0038999345120462343));
#1661=CARTESIAN_POINT('',(0.007041045948944139,-0.010647551779157757,-0.0036526854089119743));
#1662=CARTESIAN_POINT('',(0.007606826021625065,-0.010531358658573204,-0.003172816210194572));
#1663=CARTESIAN_POINT('',(0.007791636521630517,-0.010494658972504275,-0.0029292739769138125));
#1664=CARTESIAN_POINT('',(0.00810747489487115,-0.010436300618391195,-0.0023021156106592484));
#1665=CARTESIAN_POINT('',(0.008233931194682968,-0.010415663206817333,-0.0019186010586680622));
#1666=CARTESIAN_POINT('',(0.008519153005933654,-0.010381515684032257,-0.0005886553793499428));
#1667=CARTESIAN_POINT('',(0.008577802155626871,-0.010396991130260843,0.0005285476187799397));
#1668=CARTESIAN_POINT('',(0.008648650812333545,-0.010467051817950846,0.002922514869774734));
#1669=CARTESIAN_POINT('',(0.00866472842290445,-0.010520613956666734,0.004199773286173601));
#1670=CARTESIAN_POINT('',(0.00896330748573959,-0.010611920597458219,0.0066910812745914604));
#1671=CARTESIAN_POINT('',(0.009243965004844833,-0.010650292075514876,0.007913639239181338));
#1672=CARTESIAN_POINT('',(0.009855761204559237,-0.01064866103765428,0.008989247750578836));
#1673=CARTESIAN_POINT('',(-0.004715632918818704,-0.0001397024754721867,-0.004100079434268748));
#1674=CARTESIAN_POINT('',(-0.0056171599398471975,-0.0015888281840418703,-0.003831859974508724));
#1675=CARTESIAN_POINT('',(-0.006203918178185411,-0.0028411644213867425,-0.0036819129723643603));
#1676=CARTESIAN_POINT('',(-0.0066698312975054545,-0.004540086734817678,-0.0035987218621308962));
#1677=CARTESIAN_POINT('',(-0.006755240147478274,-0.005077894030145039,-0.003594967025313198));
#1678=CARTESIAN_POINT('',(-0.0067743661708800215,-0.0061066573070513285,-0.0036362643540824935));
#1679=CARTESIAN_POINT('',(-0.006706109800348146,-0.0065985665407576706,-0.003681964186831626));
#1680=CARTESIAN_POINT('',(-0.006406824840101441,-0.007499447152379755,-0.0038211874402425735));
#1681=CARTESIAN_POINT('',(-0.006175441755671428,-0.007904614228054455,-0.003914592679828832));
#1682=CARTESIAN_POINT('',(-0.005602288233973267,-0.008581854962042109,-0.004129358703017567));
#1683=CARTESIAN_POINT('',(-0.005263497492820511,-0.008854562697792615,-0.00424986086742736));
#1684=CARTESIAN_POINT('',(-0.004169513614303294,-0.009501070871668748,-0.004628563843286874));
#1685=CARTESIAN_POINT('',(-0.0033401350350204576,-0.009717149323358697,-0.0049046987100055985));
#1686=CARTESIAN_POINT('',(-0.0022484384536406,-0.009812097119964789,-0.005263446775675345));
#1687=CARTESIAN_POINT('',(-0.002027040268785752,-0.009821755359325949,-0.005335843281232021));
#1688=CARTESIAN_POINT('',(-0.0015792414437744153,-0.009822807698516078,-0.00548076648750885));
#1689=CARTESIAN_POINT('',(-0.001353232200579903,-0.009811446824202565,-0.005555412592457727));
#1690=CARTESIAN_POINT('',(-0.0008911970429124412,-0.00981301189790523,-0.005661580198695298));
#1691=CARTESIAN_POINT('',(-0.0006555240061712879,-0.009822678504285053,-0.0056976837924538936));
#1692=CARTESIAN_POINT('',(-0.00018155812711832472,-0.00982418874257187,-0.005774388289960942));
#1693=CARTESIAN_POINT('',(0.000057338924569581254,-0.009820325025960428,-0.005810377612978413));
#1694=CARTESIAN_POINT('',(0.001257741001581067,-0.009780904172852482,-0.005976021994709178));
#1695=CARTESIAN_POINT('',(0.0022369452257648016,-0.009685185420022183,-0.006063527199450922));
#1696=CARTESIAN_POINT('',(0.004136823781077042,-0.009431134123191083,-0.0060803327216826745));
#1697=CARTESIAN_POINT('',(0.005057308545793134,-0.009272664690719565,-0.006010907706093303));
#1698=CARTESIAN_POINT('',(0.00675003416586551,-0.008951662976613997,-0.005619552180773016));
#1699=CARTESIAN_POINT('',(0.007530568584430831,-0.00878696665162564,-0.005297036294524894));
#1700=CARTESIAN_POINT('',(0.008601482057585815,-0.008567036061109009,-0.004388737266964367));
#1701=CARTESIAN_POINT('',(0.008939737156393216,-0.008500162080855743,-0.003928061176206124));
#1702=CARTESIAN_POINT('',(0.009443087364158427,-0.00840718843216452,-0.0029286712075827447));
#1703=CARTESIAN_POINT('',(0.009612145831223724,-0.008380205368497774,-0.0023897117027070203));
#1704=CARTESIAN_POINT('',(0.009973168182633173,-0.008337016432160227,-0.0007065556821525105));
#1705=CARTESIAN_POINT('',(0.010024032320012335,-0.008357562528602976,0.0005116688728766079));
#1706=CARTESIAN_POINT('',(0.010096930754935705,-0.008429633144087935,0.0029729723682645386));
#1707=CARTESIAN_POINT('',(0.010116196060511033,-0.008481981297856978,0.004215551478385003));
#1708=CARTESIAN_POINT('',(0.010387662090230851,-0.0085650141301686,0.0064803249272794294));
#1709=CARTESIAN_POINT('',(0.010641983632172178,-0.00859488714542911,0.0074918112805659985));
#1710=CARTESIAN_POINT('',(0.011091990654835817,-0.008593687433956167,0.008282975682341074));
#1711=CARTESIAN_POINT('',(-0.004937021954364889,-0.0004955659552269619,-0.006564698690607697));
#1712=CARTESIAN_POINT('',(-0.0057704976274865465,-0.0019174199891752379,-0.0063065297956778265));
#1713=CARTESIAN_POINT('',(-0.0062776892088167125,-0.00312088549858222,-0.006168670840960348));
#1714=CARTESIAN_POINT('',(-0.00663112028866686,-0.004655681050882283,-0.006096631407060726));
#1715=CARTESIAN_POINT('',(-0.0066808213957819775,-0.00512252670750077,-0.006095168957957914));
#1716=CARTESIAN_POINT('',(-0.006652202673673877,-0.005972811774983267,-0.006131399896120598));
#1717=CARTESIAN_POINT('',(-0.0065733693917954744,-0.0063565154771129465,-0.006169270266672936));
#1718=CARTESIAN_POINT('',(-0.006296208765562822,-0.007033450819907786,-0.006277508217981617));
#1719=CARTESIAN_POINT('',(-0.006097787197092932,-0.007325720195578684,-0.0063478682442107415));
#1720=CARTESIAN_POINT('',(-0.005606613736216715,-0.007807256866218691,-0.006508845537521472));
#1721=CARTESIAN_POINT('',(-0.00531463108673924,-0.00799671401566495,-0.006599296608690694));
#1722=CARTESIAN_POINT('',(-0.004337758755795725,-0.008414657223076891,-0.0068813106580605556));
#1723=CARTESIAN_POINT('',(-0.003552480416118741,-0.008496112719453924,-0.007088623489503712));
#1724=CARTESIAN_POINT('',(-0.002484405483726397,-0.00835058229250387,-0.0072788290566297145));
#1725=CARTESIAN_POINT('',(-0.002266414383810594,-0.00830902047447493,-0.007313021069221767));
#1726=CARTESIAN_POINT('',(-0.001823678858832207,-0.0082017129590216,-0.007369470007698868));
#1727=CARTESIAN_POINT('',(-0.001598844251462886,-0.008128876942742254,-0.0073883469646767105));
#1728=CARTESIAN_POINT('',(-0.0011545336456477342,-0.008087126813889364,-0.0074512700156934225));
#1729=CARTESIAN_POINT('',(-0.0009320274333369405,-0.008105890547289668,-0.007493863241952468));
#1730=CARTESIAN_POINT('',(-0.0004752374943503613,-0.00810737384133743,-0.007567813692382535));
#1731=CARTESIAN_POINT('',(-0.00024255806662360773,-0.00810365809261875,-0.00760289896708939));
#1732=CARTESIAN_POINT('',(0.0009377986581735226,-0.008065075637817958,-0.007765946926774952));
#1733=CARTESIAN_POINT('',(0.001934463372450359,-0.007969572923828652,-0.007857512872943466));
#1734=CARTESIAN_POINT('',(0.0039465929768653235,-0.007700589607239503,-0.007875390943819808));
#1735=CARTESIAN_POINT('',(0.00496187018180797,-0.007527472974284272,-0.007806681837253622));
#1736=CARTESIAN_POINT('',(0.00698433434384402,-0.007144005429443949,-0.007339169849499796));
#1737=CARTESIAN_POINT('',(0.008020091219917523,-0.006926381524093525,-0.006941387180137814));
#1738=CARTESIAN_POINT('',(0.009596138093546569,-0.006602713463644815,-0.005604658323734164));
#1739=CARTESIAN_POINT('',(0.010087837791155909,-0.00650566518920721,-0.004926848375498436));
#1740=CARTESIAN_POINT('',(0.0107786998334457,-0.0063780762459378455,-0.003555226804506242));
#1741=CARTESIAN_POINT('',(0.010990360467764481,-0.006344747530178213,-0.002860822346745979));
#1742=CARTESIAN_POINT('',(0.011427183359332693,-0.006292517180288196,-0.000824455984955078));
#1743=CARTESIAN_POINT('',(0.011470262484397798,-0.00631813392694511,0.0004947901269732754));
#1744=CARTESIAN_POINT('',(0.011545210697537864,-0.006392214470225023,0.0030234298667543417));
#1745=CARTESIAN_POINT('',(0.011567663698117615,-0.006443348639047225,0.0042313296705964055));
#1746=CARTESIAN_POINT('',(0.011812016694722113,-0.006518107662878981,0.0062695685799673976));
#1747=CARTESIAN_POINT('',(0.012040002259499522,-0.006539482215343342,0.007069983321950659));
#1748=CARTESIAN_POINT('',(0.012328220105112395,-0.006538713830258054,0.007576703614103312));
#1749=CARTESIAN_POINT('',(-0.0028142811043293113,-0.0018161610042825892,-0.006564698690607697));
#1750=CARTESIAN_POINT('',(-0.0035596019716048425,-0.0030963139123353794,-0.006290909625255879));
#1751=CARTESIAN_POINT('',(-0.003956138944839835,-0.00410915451594728,-0.006143504261749379));
#1752=CARTESIAN_POINT('',(-0.004175176972469219,-0.005150005539300631,-0.006039958089755469));
#1753=CARTESIAN_POINT('',(-0.0041870614962893505,-0.005414674756979407,-0.006024420943352514));
#1754=CARTESIAN_POINT('',(-0.004150772509615619,-0.005781349635082378,-0.006007369635204783));
#1755=CARTESIAN_POINT('',(-0.004106032612598747,-0.005881713070903839,-0.0060047371341646946));
#1756=CARTESIAN_POINT('',(-0.0040173821573078385,-0.006000980795989755,-0.005992527256170739));
#1757=CARTESIAN_POINT('',(-0.003974086334533739,-0.006026531408850758,-0.005983178702908775));
#1758=CARTESIAN_POINT('',(-0.0038389174436525143,-0.006100051732198262,-0.005968756777588868));
#1759=CARTESIAN_POINT('',(-0.0037418541935458813,-0.006146943124858663,-0.005965234465627515));
#1760=CARTESIAN_POINT('',(-0.003287730035236437,-0.006293416349097586,-0.005966414856379795));
#1761=CARTESIAN_POINT('',(-0.0027614179279629855,-0.006374408764905333,-0.005986478805857716));
#1762=CARTESIAN_POINT('',(-0.0019159389176488068,-0.0063474143859148765,-0.005893216466000875));
#1763=CARTESIAN_POINT('',(-0.0017380318037282976,-0.006336663132103041,-0.005868308723816537));
#1764=CARTESIAN_POINT('',(-0.0013681382354107728,-0.00630639860620252,-0.005802038467459587));
#1765=CARTESIAN_POINT('',(-0.0011752787953157784,-0.00628530495849809,-0.005753057181024701));
#1766=CARTESIAN_POINT('',(-0.0008013958656931886,-0.0062793716460643485,-0.005760219150585659));
#1767=CARTESIAN_POINT('',(-0.0006166363979183979,-0.006288728505827678,-0.005805745358667531));
#1768=CARTESIAN_POINT('',(-0.00023079848341551405,-0.006289961867434968,-0.005868238843727708));
#1769=CARTESIAN_POINT('',(-0.000032532745861678944,-0.006286817752407386,-0.005898157337298502));
#1770=CARTESIAN_POINT('',(0.0009789372669277755,-0.006253623025972582,-0.006038068817517396));
#1771=CARTESIAN_POINT('',(0.0018507767730318247,-0.006170234654353331,-0.006118243696729558));
#1772=CARTESIAN_POINT('',(0.003584819013379412,-0.005938364779091541,-0.006133735934053082));
#1773=CARTESIAN_POINT('',(0.004447213230784612,-0.005790521003097622,-0.006071482746203512));
#1774=CARTESIAN_POINT('',(0.006073307255593204,-0.005482159149074709,-0.005695671637538066));
#1775=CARTESIAN_POINT('',(0.006848989891317016,-0.005318696143654525,-0.005384304699737007));
#1776=CARTESIAN_POINT('',(0.007961746639653981,-0.005090172328628509,-0.004440517456409218));
#1777=CARTESIAN_POINT('',(0.008314244430962051,-0.00502048476783739,-0.003960422985481294));
#1778=CARTESIAN_POINT('',(0.008836499437506825,-0.0049240191792419554,-0.002923603462277057));
#1779=CARTESIAN_POINT('',(0.009010828197069094,-0.0048962198990866014,-0.0023667768053209923));
#1780=CARTESIAN_POINT('',(0.009382124511764399,-0.004851798116012073,-0.0006360198803313667));
#1781=CARTESIAN_POINT('',(0.0094333712854266,-0.004872930841833175,0.0006068175657052836));
#1782=CARTESIAN_POINT('',(0.009507803533817479,-0.00494640829231708,0.0031167272752813725));
#1783=CARTESIAN_POINT('',(0.009527110859207925,-0.0049997761281905815,0.0043833054111571765));
#1784=CARTESIAN_POINT('',(0.009805845332627933,-0.005084997625923672,0.0067081186729852));
#1785=CARTESIAN_POINT('',(0.01006711639529049,-0.0051162243152284995,0.007757845420907767));
#1786=CARTESIAN_POINT('',(0.010541047864751726,-0.005114960821609997,0.008591071768990786));
#1787=CARTESIAN_POINT('',(-0.002592892068783127,-0.0014602975245278137,-0.004100079434268748));
#1788=CARTESIAN_POINT('',(-0.0034062642839667438,-0.002767722107202034,-0.003816239804086242));
#1789=CARTESIAN_POINT('',(-0.0038823679142083165,-0.0038294334387518033,-0.003656746393153665));
#1790=CARTESIAN_POINT('',(-0.004213887981307922,-0.005034411223236026,-0.003542048544825503));
#1791=CARTESIAN_POINT('',(-0.004261480247985647,-0.005370042079623675,-0.0035242190107079244));
#1792=CARTESIAN_POINT('',(-0.004272936006821763,-0.005915195167150438,-0.003512234093166552));
#1793=CARTESIAN_POINT('',(-0.0042387730211513475,-0.006123764134548634,-0.0035174310543233133));
#1794=CARTESIAN_POINT('',(-0.004127998231846529,-0.006466977128461654,-0.003536206478431766));
#1795=CARTESIAN_POINT('',(-0.004051740893112099,-0.006605425441326528,-0.0035499031385269335));
#1796=CARTESIAN_POINT('',(-0.0038345919414092045,-0.00687464982802168,-0.0035892699430848953));
#1797=CARTESIAN_POINT('',(-0.0036907205996271533,-0.007004791806986183,-0.0036157987243641797));
#1798=CARTESIAN_POINT('',(-0.003119484893744006,-0.007379829997689734,-0.003713668041606113));
#1799=CARTESIAN_POINT('',(-0.0025490725468645696,-0.007595445368810636,-0.0038025540263596043));
#1800=CARTESIAN_POINT('',(-0.0016799718875630427,-0.007808929213375663,-0.0038778341850465073));
#1801=CARTESIAN_POINT('',(-0.0014986576887034216,-0.00784939801695406,-0.0038911309358268392));
#1802=CARTESIAN_POINT('',(-0.0011237008203530152,-0.007927493345697,-0.003913334947269524));
#1803=CARTESIAN_POINT('',(-0.0009296667444327956,-0.007967874839958356,-0.003920122808805716));
#1804=CARTESIAN_POINT('',(-0.0005380592629578959,-0.008005256730080262,-0.003970529333587534));
#1805=CARTESIAN_POINT('',(-0.00034013297075272163,-0.008005516462823064,-0.004009565909168956));
#1806=CARTESIAN_POINT('',(0.00006288088381649806,-0.008006776768669411,-0.004074813441306115));
#1807=CARTESIAN_POINT('',(0.0002673642453314603,-0.008003484685749063,-0.0041056359831875755));
#1808=CARTESIAN_POINT('',(0.0012988796103355145,-0.007969451561007108,-0.004248143885451427));
#1809=CARTESIAN_POINT('',(0.00215325862634617,-0.007885847150546476,-0.004324258023236921));
#1810=CARTESIAN_POINT('',(0.0037750498175912264,-0.007668909295043506,-0.004338677711916045));
#1811=CARTESIAN_POINT('',(0.004542651594769608,-0.007535712719533252,-0.004275708615043278));
#1812=CARTESIAN_POINT('',(0.005839007077614864,-0.007289816696244417,-0.003976053968811201));
#1813=CARTESIAN_POINT('',(0.006359467255830181,-0.007179281271186642,-0.0037399538141240163));
#1814=CARTESIAN_POINT('',(0.00696709060369333,-0.007054494926092704,-0.003224596399639472));
#1815=CARTESIAN_POINT('',(0.007166143796199659,-0.007014981659485925,-0.0029616357861890837));
#1816=CARTESIAN_POINT('',(0.007500886968219244,-0.0069531313654686315,-0.0022970478653534594));
#1817=CARTESIAN_POINT('',(0.007632613560528452,-0.006931677737406048,-0.0018956661612820054));
#1818=CARTESIAN_POINT('',(0.007928109335064654,-0.006896297367884331,-0.0005181195775288551));
#1819=CARTESIAN_POINT('',(0.007987141121041673,-0.006912359443491575,0.0006236963116084827));
#1820=CARTESIAN_POINT('',(0.008059523591214788,-0.00698382696617946,0.003066269776791702));
#1821=CARTESIAN_POINT('',(0.008075643221601344,-0.007038408787000338,0.0043675272189455105));
#1822=CARTESIAN_POINT('',(0.00838149072813667,-0.007131904093213291,0.0069188750202974925));
#1823=CARTESIAN_POINT('',(0.0086690977679641,-0.007171629245313552,0.008179673379525246));
#1824=CARTESIAN_POINT('',(0.009304818414475148,-0.00716993442530811,0.009297343837228546));
#1825=(BOUNDED_SURFACE() B_SPLINE_SURFACE(3,3,((#1559,#1560,#1561,#1562,#1563,#1564,#1565,#1566,#1567,#1568,#1569,#1570,#1571,#1572,#1573,#1574,#1575,#1576,#1577,#1578,#1579,#1580,#1581,#1582,#1583,#1584,#1585,#1586,#1587,#1588,#1589,#1590,#1591,#1592,#1593,#1594,#1595,#1596),(#1597,#1598,#1599,#1600,#1601,#1602,#1603,#1604,#1605,#1606,#1607,#1608,#1609,#1610,#1611,#1612,#1613,#1614,#1615,#1616,#1617,#1618,#1619,#1620,#1621,#1622,#1623,#1624,#1625,#1626,#1627,#1628,#1629,#1630,#1631,#1632,#1633,#1634),(#1635,#1636,#1637,#1638,#1639,#1640,#1641,#1642,#1643,#1644,#1645,#1646,#1647,#1648,#1649,#1650,#1651,#1652,#1653,#1654,#1655,#1656,#1657,#1658,#1659,#1660,#1661,#1662,#1663,#1664,#1665,#1666,#1667,#1668,#1669,#1670,#1671,#1672),(#1673,#1674,#1675,#1676,#1677,#1678,#1679,#1680,#1681,#1682,#1683,#1684,#1685,#1686,#1687,#1688,#1689,#1690,#1691,#1692,#1693,#1694,#1695,#1696,#1697,#1698,#1699,#1700,#1701,#1702,#1703,#1704,#1705,#1706,#1707,#1708,#1709,#1710),(#1711,#1712,#1713,#1714,#1715,#1716,#1717,#1718,#1719,#1720,#1721,#1722,#1723,#1724,#1725,#1726,#1727,#1728,#1729,#1730,#1731,#1732,#1733,#1734,#1735,#1736,#1737,#1738,#1739,#1740,#1741,#1742,#1743,#1744,#1745,#1746,#1747,#1748),(#1749,#1750,#1751,#1752,#1753,#1754,#1755,#1756,#1757,#1758,#1759,#1760,#1761,#1762,#1763,#1764,#1765,#1766,#1767,#1768,#1769,#1770,#1771,#1772,#1773,#1774,#1775,#1776,#1777,#1778,#1779,#1780,#1781,#1782,#1783,#1784,#1785,#1786),(#1787,#1788,#1789,#1790,#1791,#1792,#1793,#1794,#1795,#1796,#1797,#1798,#1799,#1800,#1801,#1802,#1803,#1804,#1805,#1806,#1807,#1808,#1809,#1810,#1811,#1812,#1813,#1814,#1815,#1816,#1817,#1818,#1819,#1820,#1821,#1822,#1823,#1824)),.UNSPECIFIED.,.F.,.F.,.F.) B_SPLINE_SURFACE_WITH_KNOTS((4,3,4),(4,2,2,2,2,2,2,2,2,2,2,2,2,2,2,2,2,2,4),(0.,0.5,1.),(0.,0.07347552535717333,0.11021328803576,0.14695105071434666,0.18368881339293333,0.22042657607152,0.29390210142869333,0.31227098276798665,0.33063986410727997,0.34900874544657334,0.36737762678586666,0.44085315214304,0.5143286775002134,0.5878042028573867,0.6393286775002134,0.69085315214304,0.7939021014286933,0.8969510507143467,1.),.UNSPECIFIED.) GEOMETRIC_REPRESENTATION_ITEM() RATIONAL_B_SPLINE_SURFACE(((1.,1.,1.,1.,1.,1.,1.,1.,1.,1.,1.,1.,1.,1.,1.,1.,1.,1.,1.,1.,1.,1.,1.,1.,1.,1.,1.,1.,1.,1.,1.,1.,1.,1.,1.,1.,1.,1.),(0.33333333333333337,0.33333333333333337,0.33333333333333337,0.33333333333333337,0.33333333333333337,0.33333333333333337,0.33333333333333337,0.33333333333333337,0.33333333333333337,0.33333333333333337,0.33333333333333337,0.33333333333333337,0.33333333333333337,0.33333333333333337,0.33333333333333337,0.33333333333333337,0.33333333333333337,0.33333333333333337,0.33333333333333337,0.33333333333333337,0.33333333333333337,0.33333333333333337,0.33333333333333337,0.33333333333333337,0.33333333333333337,0.33333333333333337,0.33333333333333337,0.33333333333333337,0.33333333333333337,0.33333333333333337,0.33333333333333337,0.33333333333333337,0.33333333333333337,0.33333333333333337,0.33333333333333337,0.33333333333333337,0.33333333333333337,0.33333333333333337),(0.33333333333333337,0.33333333333333337,0.33333333333333337,0.33333333333333337,0.33333333333333337,0.33333333333333337,0.33333333333333337,0.33333333333333337,0.33333333333333337,0.33333333333333337,0.33333333333333337,0.33333333333333337,0.33333333333333337,0.33333333333333337,0.33333333333333337,0.33333333333333337,0.33333333333333337,0.33333333333333337,0.33333333333333337,0.33333333333333337,0.33333333333333337,0.33333333333333337,0.33333333333333337,0.33333333333333337,0.33333333333333337,0.33333333333333337,0.33333333333333337,0.33333333333333337,0.33333333333333337,0.33333333333333337,0.33333333333333337,0.33333333333333337,0.33333333333333337,0.33333333333333337,0.33333333333333337,0.33333333333333337,0.33333333333333337,0.33333333333333337),(1.,1.,1.,1.,1.,1.,1.,1.,1.,1.,1.,1.,1.,1.,1.,1.,1.,1.,1.,1.,1.,1.,1.,1.,1.,1.,1.,1.,1.,1.,1.,1.,1.,1.,1.,1.,1.,1.),(0.33333333333333337,0.33333333333333337,0.33333333333333337,0.33333333333333337,0.33333333333333337,0.33333333333333337,0.33333333333333337,0.33333333333333337,0.33333333333333337,0.33333333333333337,0.33333333333333337,0.33333333333333337,0.33333333333333337,0.33333333333333337,0.33333333333333337,0.33333333333333337,0.33333333333333337,0.33333333333333337,0.33333333333333337,0.33333333333333337,0.33333333333333337,0.33333333333333337,0.33333333333333337,0.33333333333333337,0.33333333333333337,0.33333333333333337,0.33333333333333337,0.33333333333333337,0.33333333333333337,0.33333333333333337,0.33333333333333337,0.33333333333333337,0.33333333333333337,0.33333333333333337,0.33333333333333337,0.33333333333333337,0.33333333333333337,0.33333333333333337),(0.33333333333333337,0.33333333333333337,0.33333333333333337,0.33333333333333337,0.33333333333333337,0.33333333333333337,0.33333333333333337,0.33333333333333337,0.33333333333333337,0.33333333333333337,0.33333333333333337,0.33333333333333337,0.33333333333333337,0.33333333333333337,0.33333333333333337,0.33333333333333337,0.33333333333333337,0.33333333333333337,0.33333333333333337,0.33333333333333337,0.33333333333333337,0.33333333333333337,0.33333333333333337,0.33333333333333337,0.33333333333333337,0.33333333333333337,0.33333333333333337,0.33333333333333337,0.33333333333333337,0.33333333333333337,0.33333333333333337,0.33333333333333337,0.33333333333333337,0.33333333333333337,0.33333333333333337,0.33333333333333337,0.33333333333333337,0.33333333333333337),(1.,1.,1.,1.,1.,1.,1.,1.,1.,1.,1.,1.,1.,1.,1.,1.,1.,1.,1.,1.,1.,1.,1.,1.,1.,1.,1.,1.,1.,1.,1.,1.,1.,1.,1.,1.,1.,1.))) REPRESENTATION_ITEM('') SURFACE());
#1826=CARTESIAN_POINT('',(-0.003877750225103864,-0.0018,-0.002718032678924681));
#1827=DIRECTION('',(-0.3021263754817192,0.,-0.9532678811531831));
#1828=VECTOR('',#1827,1.);
#1829=LINE('',#1826,#1828);
#1830=EDGE_CURVE('',#1255,#1257,#1829,.T.);
#1831=ORIENTED_EDGE('',*,*,#1830,.F.);
#1832=CARTESIAN_POINT('',(-0.004210056955030161,-0.0009999999999998495,-0.0028151309851598616));
#1833=DIRECTION('',(0.3812181178641669,-0.9177499786388069,0.11138996059148092));
#1834=VECTOR('',#1833,1.);
#1835=LINE('',#1832,#1834);
#1836=EDGE_CURVE('',#1320,#1255,#1835,.T.);
#1837=ORIENTED_EDGE('',*,*,#1836,.F.);
#1838=CARTESIAN_POINT('',(-0.004210056955030161,-0.0009999999999998495,-0.0028151309851598616));
#1839=DIRECTION('',(0.9747717820284761,0.19910905439697038,-0.10087396799062336));
#1840=VECTOR('',#1839,1.);
#1841=LINE('',#1838,#1840);
#1842=EDGE_CURVE('',#1320,#1531,#1841,.T.);
#1843=ORIENTED_EDGE('',*,*,#1842,.T.);
#1844=CARTESIAN_POINT('',(-0.004028042843115803,-0.0008063466732502782,-0.005292869428444041));
#1845=CARTESIAN_POINT('',(-0.003037752319169319,-0.001483851244755286,-0.005599588330857354));
#1846=CARTESIAN_POINT('',(-0.0026582502742899844,-0.0014838512447552855,-0.004420714949506152));
#1847=CARTESIAN_POINT('',(-0.0022787482294106495,-0.001483851244755285,-0.00324184156815495));
#1848=CARTESIAN_POINT('',(-0.0032619946030535882,-0.0008063466732502775,-0.002913240935724276));
#1849=(BOUNDED_CURVE() B_SPLINE_CURVE(2,(#1844,#1845,#1846,#1847,#1848),.UNSPECIFIED.,.F.,.F.) B_SPLINE_CURVE_WITH_KNOTS((3,2,3),(0.,1.,2.),.UNSPECIFIED.) CURVE() GEOMETRIC_REPRESENTATION_ITEM() RATIONAL_B_SPLINE_CURVE((1.,0.710380454556341,1.,0.710380454556341,1.)) REPRESENTATION_ITEM(''));
#1850=EDGE_CURVE('',#1545,#1531,#1849,.T.);
#1851=ORIENTED_EDGE('',*,*,#1850,.F.);
#1852=CARTESIAN_POINT('',(-0.004028042843115803,-0.0008063466732502782,-0.005292869428444041));
#1853=DIRECTION('',(-0.8519867208462395,-0.20026196983643665,0.4837496986447662));
#1854=VECTOR('',#1853,1.);
#1855=LINE('',#1852,#1854);
#1856=EDGE_CURVE('',#1545,#1332,#1855,.T.);
#1857=ORIENTED_EDGE('',*,*,#1856,.T.);
#1858=CARTESIAN_POINT('',(-0.0046330294517665585,-0.0018,-0.005101086548126926));
#1859=DIRECTION('',(-0.25040522820903666,0.9152047264015472,0.3157491574934915));
#1860=VECTOR('',#1859,1.);
#1861=LINE('',#1858,#1860);
#1862=EDGE_CURVE('',#1257,#1332,#1861,.T.);
#1863=ORIENTED_EDGE('',*,*,#1862,.F.);
#1864=EDGE_LOOP('',(#1831,#1837,#1843,#1851,#1857,#1863));
#1865=FACE_OUTER_BOUND('',#1864,.T.);
#1866=ADVANCED_FACE('',(#1865),#1825,.T.);
#1867=CARTESIAN_POINT('',(0.010177175370927629,-0.007881810929632138,0.007871231471886717));
#1868=CARTESIAN_POINT('',(0.010042344054032572,-0.007881810929632138,0.008090133915797182));
#1869=CARTESIAN_POINT('',(0.009909188830403296,-0.007881810929632138,0.008306308901052595));
#1870=CARTESIAN_POINT('',(0.008707233304873769,-0.007881810929632138,0.010257772823002987));
#1871=CARTESIAN_POINT('',(0.008281512711219656,-0.007881810929632138,0.011485426243291914));
#1872=CARTESIAN_POINT('',(0.008508934273536651,-0.007881810929632138,0.012963193944153538));
#1873=CARTESIAN_POINT('',(0.00874951276704881,-0.007881810929632138,0.013379397982707673));
#1874=CARTESIAN_POINT('',(0.009396971631114144,-0.007881810929632138,0.013988112544451342));
#1875=CARTESIAN_POINT('',(0.009791147973713228,-0.007881810929632138,0.01419310649531366));
#1876=CARTESIAN_POINT('',(0.011052874139325208,-0.007881810929632138,0.014690832904091476));
#1877=CARTESIAN_POINT('',(0.01202433665530897,-0.007881810929632138,0.014876157933067511));
#1878=CARTESIAN_POINT('',(0.013762103278672982,-0.007881810929632138,0.015460419354385151));
#1879=CARTESIAN_POINT('',(0.014496648831770176,-0.007881810929632138,0.015843157872782086));
#1880=CARTESIAN_POINT('',(0.014937740825993919,-0.007881810929632138,0.016485222218661895));
#1881=CARTESIAN_POINT('',(0.010177175370927629,-0.006881810929632137,0.007871231471886717));
#1882=CARTESIAN_POINT('',(0.010042344054032572,-0.006881810929632137,0.008090133915797182));
#1883=CARTESIAN_POINT('',(0.009909188830403296,-0.006881810929632137,0.008306308901052595));
#1884=CARTESIAN_POINT('',(0.008707233304873769,-0.006881810929632137,0.010257772823002987));
#1885=CARTESIAN_POINT('',(0.008281512711219656,-0.006881810929632137,0.011485426243291914));
#1886=CARTESIAN_POINT('',(0.008508934273536651,-0.006881810929632137,0.012963193944153538));
#1887=CARTESIAN_POINT('',(0.00874951276704881,-0.006881810929632137,0.013379397982707672));
#1888=CARTESIAN_POINT('',(0.009396971631114144,-0.006881810929632137,0.013988112544451342));
#1889=CARTESIAN_POINT('',(0.009791147973713228,-0.006881810929632137,0.014193106495313659));
#1890=CARTESIAN_POINT('',(0.011052874139325208,-0.006881810929632137,0.014690832904091474));
#1891=CARTESIAN_POINT('',(0.01202433665530897,-0.006881810929632137,0.01487615793306751));
#1892=CARTESIAN_POINT('',(0.01376210327867298,-0.006881810929632137,0.015460419354385151));
#1893=CARTESIAN_POINT('',(0.014496648831770174,-0.006881810929632137,0.015843157872782086));
#1894=CARTESIAN_POINT('',(0.014937740825993917,-0.006881810929632137,0.016485222218661895));
#1895=CARTESIAN_POINT('',(0.01102862159975707,-0.006881810929632137,0.008395673384220325));
#1896=CARTESIAN_POINT('',(0.010893790282862012,-0.006881810929632137,0.00861457582813079));
#1897=CARTESIAN_POINT('',(0.010757267660914272,-0.006881810929632137,0.008836218185285178));
#1898=CARTESIAN_POINT('',(0.009584962269474298,-0.006881810929632137,0.01073954158609996));
#1899=CARTESIAN_POINT('',(0.00933533678415691,-0.006881810929632137,0.011758673247985367));
#1900=CARTESIAN_POINT('',(0.0094645688235467,-0.006881810929632137,0.01259841343682902));
#1901=CARTESIAN_POINT('',(0.009571124034845068,-0.006881810929632137,0.012779291314481413));
#1902=CARTESIAN_POINT('',(0.009945303621086058,-0.006881810929632137,0.013131079730508666));
#1903=CARTESIAN_POINT('',(0.010225632131294089,-0.006881810929632137,0.013289506743805626));
#1904=CARTESIAN_POINT('',(0.01128478647181627,-0.006881810929632137,0.013707322497492493));
#1905=CARTESIAN_POINT('',(0.012257065821315053,-0.006881810929632137,0.013899397696806882));
#1906=CARTESIAN_POINT('',(0.014166742304771595,-0.006881810929632137,0.01454145762060555));
#1907=CARTESIAN_POINT('',(0.01513589806026698,-0.006881810929632137,0.015007640158004858));
#1908=CARTESIAN_POINT('',(0.015761978835244495,-0.006881810929632137,0.015918978716176743));
#1909=CARTESIAN_POINT('',(0.01102862159975707,-0.007881810929632138,0.008395673384220325));
#1910=CARTESIAN_POINT('',(0.010893790282862012,-0.007881810929632138,0.00861457582813079));
#1911=CARTESIAN_POINT('',(0.010757267660914272,-0.007881810929632138,0.008836218185285178));
#1912=CARTESIAN_POINT('',(0.0095849622694743,-0.007881810929632138,0.01073954158609996));
#1913=CARTESIAN_POINT('',(0.009335336784156911,-0.007881810929632138,0.011758673247985369));
#1914=CARTESIAN_POINT('',(0.0094645688235467,-0.007881810929632138,0.012598413436829022));
#1915=CARTESIAN_POINT('',(0.00957112403484507,-0.007881810929632138,0.012779291314481415));
#1916=CARTESIAN_POINT('',(0.009945303621086058,-0.007881810929632138,0.013131079730508668));
#1917=CARTESIAN_POINT('',(0.010225632131294089,-0.007881810929632138,0.013289506743805628));
#1918=CARTESIAN_POINT('',(0.01128478647181627,-0.007881810929632138,0.013707322497492494));
#1919=CARTESIAN_POINT('',(0.012257065821315055,-0.007881810929632138,0.013899397696806884));
#1920=CARTESIAN_POINT('',(0.014166742304771596,-0.007881810929632138,0.01454145762060555));
#1921=CARTESIAN_POINT('',(0.01513589806026698,-0.007881810929632138,0.01500764015800486));
#1922=CARTESIAN_POINT('',(0.015761978835244495,-0.007881810929632138,0.015918978716176743));
#1923=CARTESIAN_POINT('',(0.01102862159975707,-0.008881810929632139,0.008395673384220325));
#1924=CARTESIAN_POINT('',(0.010893790282862012,-0.008881810929632139,0.00861457582813079));
#1925=CARTESIAN_POINT('',(0.010757267660914272,-0.008881810929632139,0.008836218185285178));
#1926=CARTESIAN_POINT('',(0.009584962269474298,-0.008881810929632139,0.01073954158609996));
#1927=CARTESIAN_POINT('',(0.00933533678415691,-0.008881810929632139,0.011758673247985367));
#1928=CARTESIAN_POINT('',(0.0094645688235467,-0.008881810929632139,0.01259841343682902));
#1929=CARTESIAN_POINT('',(0.009571124034845068,-0.008881810929632139,0.012779291314481413));
#1930=CARTESIAN_POINT('',(0.009945303621086058,-0.008881810929632139,0.013131079730508666));
#1931=CARTESIAN_POINT('',(0.010225632131294089,-0.008881810929632139,0.013289506743805626));
#1932=CARTESIAN_POINT('',(0.01128478647181627,-0.008881810929632139,0.013707322497492493));
#1933=CARTESIAN_POINT('',(0.012257065821315053,-0.008881810929632139,0.013899397696806882));
#1934=CARTESIAN_POINT('',(0.014166742304771595,-0.008881810929632139,0.01454145762060555));
#1935=CARTESIAN_POINT('',(0.01513589806026698,-0.008881810929632139,0.015007640158004858));
#1936=CARTESIAN_POINT('',(0.015761978835244495,-0.008881810929632139,0.015918978716176743));
#1937=CARTESIAN_POINT('',(0.010177175370927629,-0.008881810929632139,0.007871231471886717));
#1938=CARTESIAN_POINT('',(0.010042344054032572,-0.008881810929632139,0.008090133915797182));
#1939=CARTESIAN_POINT('',(0.009909188830403296,-0.008881810929632139,0.008306308901052595));
#1940=CARTESIAN_POINT('',(0.008707233304873769,-0.008881810929632139,0.010257772823002987));
#1941=CARTESIAN_POINT('',(0.008281512711219656,-0.008881810929632139,0.011485426243291914));
#1942=CARTESIAN_POINT('',(0.008508934273536651,-0.008881810929632139,0.012963193944153538));
#1943=CARTESIAN_POINT('',(0.00874951276704881,-0.008881810929632139,0.013379397982707672));
#1944=CARTESIAN_POINT('',(0.009396971631114144,-0.008881810929632139,0.013988112544451342));
#1945=CARTESIAN_POINT('',(0.009791147973713228,-0.008881810929632139,0.014193106495313659));
#1946=CARTESIAN_POINT('',(0.011052874139325208,-0.008881810929632139,0.014690832904091474));
#1947=CARTESIAN_POINT('',(0.01202433665530897,-0.008881810929632139,0.01487615793306751));
#1948=CARTESIAN_POINT('',(0.01376210327867298,-0.008881810929632139,0.015460419354385151));
#1949=CARTESIAN_POINT('',(0.014496648831770174,-0.008881810929632139,0.015843157872782086));
#1950=CARTESIAN_POINT('',(0.014937740825993917,-0.008881810929632139,0.016485222218661895));
#1951=CARTESIAN_POINT('',(0.010177175370927629,-0.007881810929632138,0.007871231471886717));
#1952=CARTESIAN_POINT('',(0.010042344054032572,-0.007881810929632138,0.008090133915797182));
#1953=CARTESIAN_POINT('',(0.009909188830403296,-0.007881810929632138,0.008306308901052595));
#1954=CARTESIAN_POINT('',(0.008707233304873769,-0.007881810929632138,0.010257772823002987));
#1955=CARTESIAN_POINT('',(0.008281512711219656,-0.007881810929632138,0.011485426243291914));
#1956=CARTESIAN_POINT('',(0.008508934273536651,-0.007881810929632138,0.012963193944153538));
#1957=CARTESIAN_POINT('',(0.00874951276704881,-0.007881810929632138,0.013379397982707673));
#1958=CARTESIAN_POINT('',(0.009396971631114144,-0.007881810929632138,0.013988112544451342));
#1959=CARTESIAN_POINT('',(0.009791147973713228,-0.007881810929632138,0.01419310649531366));
#1960=CARTESIAN_POINT('',(0.011052874139325208,-0.007881810929632138,0.014690832904091476));
#1961=CARTESIAN_POINT('',(0.01202433665530897,-0.007881810929632138,0.014876157933067511));
#1962=CARTESIAN_POINT('',(0.013762103278672982,-0.007881810929632138,0.015460419354385151));
#1963=CARTESIAN_POINT('',(0.014496648831770176,-0.007881810929632138,0.015843157872782086));
#1964=CARTESIAN_POINT('',(0.014937740825993919,-0.007881810929632138,0.016485222218661895));
#1965=(BOUNDED_SURFACE() B_SPLINE_SURFACE(3,3,((#1867,#1868,#1869,#1870,#1871,#1872,#1873,#1874,#1875,#1876,#1877,#1878,#1879,#1880),(#1881,#1882,#1883,#1884,#1885,#1886,#1887,#1888,#1889,#1890,#1891,#1892,#1893,#1894),(#1895,#1896,#1897,#1898,#1899,#1900,#1901,#1902,#1903,#1904,#1905,#1906,#1907,#1908),(#1909,#1910,#1911,#1912,#1913,#1914,#1915,#1916,#1917,#1918,#1919,#1920,#1921,#1922),(#1923,#1924,#1925,#1926,#1927,#1928,#1929,#1930,#1931,#1932,#1933,#1934,#1935,#1936),(#1937,#1938,#1939,#1940,#1941,#1942,#1943,#1944,#1945,#1946,#1947,#1948,#1949,#1950),(#1951,#1952,#1953,#1954,#1955,#1956,#1957,#1958,#1959,#1960,#1961,#1962,#1963,#1964)),.UNSPECIFIED.,.F.,.F.,.F.) B_SPLINE_SURFACE_WITH_KNOTS((4,3,4),(4,2,2,2,2,2,4),(0.,0.5,1.),(-0.03203051565667064,0.,0.25,0.375,0.5,0.75,1.),.UNSPECIFIED.) GEOMETRIC_REPRESENTATION_ITEM() RATIONAL_B_SPLINE_SURFACE(((1.,1.,1.,1.,1.,1.,1.,1.,1.,1.,1.,1.,1.,1.),(0.33333333333333337,0.33333333333333337,0.33333333333333337,0.33333333333333337,0.33333333333333337,0.33333333333333337,0.33333333333333337,0.33333333333333337,0.33333333333333337,0.33333333333333337,0.33333333333333337,0.33333333333333337,0.33333333333333337,0.33333333333333337),(0.33333333333333337,0.33333333333333337,0.33333333333333337,0.33333333333333337,0.33333333333333337,0.33333333333333337,0.33333333333333337,0.33333333333333337,0.33333333333333337,0.33333333333333337,0.33333333333333337,0.33333333333333337,0.33333333333333337,0.33333333333333337),(1.,1.,1.,1.,1.,1.,1.,1.,1.,1.,1.,1.,1.,1.),(0.33333333333333337,0.33333333333333337,0.33333333333333337,0.33333333333333337,0.33333333333333337,0.33333333333333337,0.33333333333333337,0.33333333333333337,0.33333333333333337,0.33333333333333337,0.33333333333333337,0.33333333333333337,0.33333333333333337,0.33333333333333337),(0.33333333333333337,0.33333333333333337,0.33333333333333337,0.33333333333333337,0.33333333333333337,0.33333333333333337,0.33333333333333337,0.33333333333333337,0.33333333333333337,0.33333333333333337,0.33333333333333337,0.33333333333333337,0.33333333333333337,0.33333333333333337),(1.,1.,1.,1.,1.,1.,1.,1.,1.,1.,1.,1.,1.,1.))) REPRESENTATION_ITEM('') SURFACE());
#1966=CARTESIAN_POINT('',(0.010198404534655507,-0.007381810929632136,0.008790159759784777));
#1967=DIRECTION('',(0.00009526564381583524,-0.9999997476488646,0.0007040075738161473));
#1968=VECTOR('',#1967,1.);
#1969=LINE('',#1966,#1968);
#1970=CARTESIAN_POINT('',(0.010198404534655507,-0.007381810929632136,0.008790159759784777));
#1971=VERTEX_POINT('',#1970);
#1972=EDGE_CURVE('',#1971,#106,#1969,.T.);
#1973=ORIENTED_EDGE('',*,*,#1972,.F.);
#1974=CARTESIAN_POINT('',(0.010198309355239703,-0.007381811132375498,0.008789455703127723));
#1975=DIRECTION('',(0.13396851593322803,0.00028536871231077903,0.9909855474745061));
#1976=VECTOR('',#1975,1.);
#1977=LINE('',#1974,#1976);
#1978=EDGE_CURVE('',#114,#1971,#1977,.T.);
#1979=ORIENTED_EDGE('',*,*,#1978,.F.);
#1980=CARTESIAN_POINT('',(0.009663807501298794,-0.008279683171413067,0.009094836959558612));
#1981=DIRECTION('',(0.8575952390051783,-0.16380281812883873,-0.48754388808465376));
#1982=VECTOR('',#1981,1.);
#1983=LINE('',#1980,#1982);
#1984=EDGE_CURVE('',#114,#122,#1983,.T.);
#1985=ORIENTED_EDGE('',*,*,#1984,.T.);
#1986=CARTESIAN_POINT('',(0.009663807501298794,-0.008279683171413067,0.009094836959558612));
#1987=DIRECTION('',(-0.004644526768403825,0.999988580865532,0.00112539310334968));
#1988=VECTOR('',#1987,1.);
#1989=LINE('',#1986,#1988);
#1990=EDGE_CURVE('',#104,#122,#1989,.T.);
#1991=ORIENTED_EDGE('',*,*,#1990,.F.);
#1992=CARTESIAN_POINT('',(0.009663807501298794,-0.008279683171413067,0.009094836959558612));
#1993=DIRECTION('',(0.8575952390051783,-0.16380281812883873,-0.48754388808465376));
#1994=VECTOR('',#1993,1.);
#1995=LINE('',#1992,#1994);
#1996=EDGE_CURVE('',#104,#106,#1995,.T.);
#1997=ORIENTED_EDGE('',*,*,#1996,.T.);
#1998=EDGE_LOOP('',(#1973,#1979,#1985,#1991,#1997));
#1999=FACE_OUTER_BOUND('',#1998,.T.);
#2000=CARTESIAN_POINT('',(0.015349859830619206,-0.007881810929632138,0.01620210046741932));
#2001=DIRECTION('',(-0.566243502485151,0.,-0.8242380092505739));
#2002=DIRECTION('',(-0.8242380092505739,0.,0.566243502485151));
#2003=AXIS2_PLACEMENT_3D('',#2000,#2001,#2002);
#2004=CIRCLE('',#2003,0.0005000000000000003);
#2005=EDGE_CURVE('',#68,#68,#2004,.T.);
#2006=ORIENTED_EDGE('',*,*,#2005,.T.);
#2007=EDGE_LOOP('',(#2006));
#2008=FACE_BOUND('',#2007,.T.);
#2009=ADVANCED_FACE('',(#1999,#2008),#1965,.F.);
#2010=CARTESIAN_POINT('',(0.01893646066947967,-0.007881810929632136,0.011213461951217708));
#2011=CARTESIAN_POINT('',(0.017436626002578965,-0.007881810929632136,0.011352988553691993));
#2012=CARTESIAN_POINT('',(0.015890275269160023,-0.007881810929632136,0.01117397218277811));
#2013=CARTESIAN_POINT('',(0.013719167424250325,-0.007881810929632136,0.0104628414181961));
#2014=CARTESIAN_POINT('',(0.013020242090349021,-0.007881810929632136,0.010152204529426629));
#2015=CARTESIAN_POINT('',(0.011707459661840905,-0.007881810929632136,0.009391170519861797));
#2016=CARTESIAN_POINT('',(0.011107945228932279,-0.007881810929632136,0.008954138886316902));
#2017=CARTESIAN_POINT('',(0.010355738066512443,-0.007881810929632136,0.008253379011064483));
#2018=CARTESIAN_POINT('',(0.010163017400563367,-0.007881810929632136,0.008073822683677172));
#2019=CARTESIAN_POINT('',(0.009974908941489342,-0.007881810929632136,0.007898571516520458));
#2020=CARTESIAN_POINT('',(0.018936460669479665,-0.0068818109296321355,0.011213461951217708));
#2021=CARTESIAN_POINT('',(0.017436626002578965,-0.0068818109296321355,0.011352988553691993));
#2022=CARTESIAN_POINT('',(0.015890275269160023,-0.0068818109296321355,0.01117397218277811));
#2023=CARTESIAN_POINT('',(0.013719167424250325,-0.0068818109296321355,0.0104628414181961));
#2024=CARTESIAN_POINT('',(0.013020242090349021,-0.0068818109296321355,0.010152204529426629));
#2025=CARTESIAN_POINT('',(0.011707459661840905,-0.0068818109296321355,0.009391170519861797));
#2026=CARTESIAN_POINT('',(0.011107945228932279,-0.0068818109296321355,0.008954138886316902));
#2027=CARTESIAN_POINT('',(0.010355738066512443,-0.0068818109296321355,0.008253379011064483));
#2028=CARTESIAN_POINT('',(0.010163017400563367,-0.0068818109296321355,0.008073822683677172));
#2029=CARTESIAN_POINT('',(0.009974908941489342,-0.0068818109296321355,0.007898571516520458));
#2030=CARTESIAN_POINT('',(0.019029088711167774,-0.0068818109296321355,0.012209162732523532));
#2031=CARTESIAN_POINT('',(0.01738795447034395,-0.0068818109296321355,0.012361834149870032));
#2032=CARTESIAN_POINT('',(0.01570813122532199,-0.0068818109296321355,0.012166587979127692));
#2033=CARTESIAN_POINT('',(0.01334333311826042,-0.0068818109296321355,0.011392015361701034));
#2034=CARTESIAN_POINT('',(0.012580848964492897,-0.0068818109296321355,0.011053366193799376));
#2035=CARTESIAN_POINT('',(0.011143791209175784,-0.0068818109296321355,0.010220288448414562));
#2036=CARTESIAN_POINT('',(0.010454900540371969,-0.0068818109296321355,0.009712464787193233));
#2037=CARTESIAN_POINT('',(0.009664845823130697,-0.0068818109296321355,0.00897644772299596));
#2038=CARTESIAN_POINT('',(0.009481357832449338,-0.0068818109296321355,0.008805492167254693));
#2039=CARTESIAN_POINT('',(0.009293249373375312,-0.0068818109296321355,0.00863024100009798));
#2040=CARTESIAN_POINT('',(0.019029088711167774,-0.007881810929632136,0.012209162732523532));
#2041=CARTESIAN_POINT('',(0.01738795447034395,-0.007881810929632136,0.012361834149870033));
#2042=CARTESIAN_POINT('',(0.01570813122532199,-0.007881810929632136,0.012166587979127692));
#2043=CARTESIAN_POINT('',(0.01334333311826042,-0.007881810929632136,0.011392015361701034));
#2044=CARTESIAN_POINT('',(0.012580848964492897,-0.007881810929632136,0.011053366193799376));
#2045=CARTESIAN_POINT('',(0.011143791209175784,-0.007881810929632136,0.010220288448414562));
#2046=CARTESIAN_POINT('',(0.010454900540371969,-0.007881810929632136,0.009712464787193233));
#2047=CARTESIAN_POINT('',(0.009664845823130697,-0.007881810929632136,0.008976447722995962));
#2048=CARTESIAN_POINT('',(0.009481357832449338,-0.007881810929632136,0.008805492167254693));
#2049=CARTESIAN_POINT('',(0.009293249373375313,-0.007881810929632136,0.00863024100009798));
#2050=CARTESIAN_POINT('',(0.019029088711167774,-0.008881810929632136,0.012209162732523532));
#2051=CARTESIAN_POINT('',(0.01738795447034395,-0.008881810929632136,0.012361834149870032));
#2052=CARTESIAN_POINT('',(0.01570813122532199,-0.008881810929632136,0.012166587979127692));
#2053=CARTESIAN_POINT('',(0.01334333311826042,-0.008881810929632136,0.011392015361701034));
#2054=CARTESIAN_POINT('',(0.012580848964492897,-0.008881810929632136,0.011053366193799376));
#2055=CARTESIAN_POINT('',(0.011143791209175784,-0.008881810929632136,0.010220288448414562));
#2056=CARTESIAN_POINT('',(0.010454900540371969,-0.008881810929632136,0.009712464787193233));
#2057=CARTESIAN_POINT('',(0.009664845823130697,-0.008881810929632136,0.00897644772299596));
#2058=CARTESIAN_POINT('',(0.009481357832449338,-0.008881810929632136,0.008805492167254693));
#2059=CARTESIAN_POINT('',(0.009293249373375312,-0.008881810929632136,0.00863024100009798));
#2060=CARTESIAN_POINT('',(0.018936460669479665,-0.008881810929632136,0.011213461951217708));
#2061=CARTESIAN_POINT('',(0.017436626002578965,-0.008881810929632136,0.011352988553691993));
#2062=CARTESIAN_POINT('',(0.015890275269160023,-0.008881810929632136,0.01117397218277811));
#2063=CARTESIAN_POINT('',(0.013719167424250325,-0.008881810929632136,0.0104628414181961));
#2064=CARTESIAN_POINT('',(0.013020242090349021,-0.008881810929632136,0.010152204529426629));
#2065=CARTESIAN_POINT('',(0.011707459661840905,-0.008881810929632136,0.009391170519861797));
#2066=CARTESIAN_POINT('',(0.011107945228932279,-0.008881810929632136,0.008954138886316902));
#2067=CARTESIAN_POINT('',(0.010355738066512443,-0.008881810929632136,0.008253379011064483));
#2068=CARTESIAN_POINT('',(0.010163017400563367,-0.008881810929632136,0.008073822683677172));
#2069=CARTESIAN_POINT('',(0.009974908941489342,-0.008881810929632136,0.007898571516520458));
#2070=CARTESIAN_POINT('',(0.01893646066947967,-0.007881810929632136,0.011213461951217708));
#2071=CARTESIAN_POINT('',(0.017436626002578965,-0.007881810929632136,0.011352988553691993));
#2072=CARTESIAN_POINT('',(0.015890275269160023,-0.007881810929632136,0.01117397218277811));
#2073=CARTESIAN_POINT('',(0.013719167424250325,-0.007881810929632136,0.0104628414181961));
#2074=CARTESIAN_POINT('',(0.013020242090349021,-0.007881810929632136,0.010152204529426629));
#2075=CARTESIAN_POINT('',(0.011707459661840905,-0.007881810929632136,0.009391170519861797));
#2076=CARTESIAN_POINT('',(0.011107945228932279,-0.007881810929632136,0.008954138886316902));
#2077=CARTESIAN_POINT('',(0.010355738066512443,-0.007881810929632136,0.008253379011064483));
#2078=CARTESIAN_POINT('',(0.010163017400563367,-0.007881810929632136,0.008073822683677172));
#2079=CARTESIAN_POINT('',(0.009974908941489342,-0.007881810929632136,0.007898571516520458));
#2080=(BOUNDED_SURFACE() B_SPLINE_SURFACE(3,3,((#2010,#2011,#2012,#2013,#2014,#2015,#2016,#2017,#2018,#2019),(#2020,#2021,#2022,#2023,#2024,#2025,#2026,#2027,#2028,#2029),(#2030,#2031,#2032,#2033,#2034,#2035,#2036,#2037,#2038,#2039),(#2040,#2041,#2042,#2043,#2044,#2045,#2046,#2047,#2048,#2049),(#2050,#2051,#2052,#2053,#2054,#2055,#2056,#2057,#2058,#2059),(#2060,#2061,#2062,#2063,#2064,#2065,#2066,#2067,#2068,#2069),(#2070,#2071,#2072,#2073,#2074,#2075,#2076,#2077,#2078,#2079)),.UNSPECIFIED.,.F.,.F.,.F.) B_SPLINE_SURFACE_WITH_KNOTS((4,3,4),(4,2,2,2,4),(0.,0.5,1.),(0.,0.5,0.75,1.,1.0806632372012783),.UNSPECIFIED.) GEOMETRIC_REPRESENTATION_ITEM() RATIONAL_B_SPLINE_SURFACE(((1.,1.,1.,1.,1.,1.,1.,1.,1.,1.),(0.33333333333333337,0.33333333333333337,0.33333333333333337,0.33333333333333337,0.33333333333333337,0.33333333333333337,0.33333333333333337,0.33333333333333337,0.33333333333333337,0.33333333333333337),(0.33333333333333337,0.33333333333333337,0.33333333333333337,0.33333333333333337,0.33333333333333337,0.33333333333333337,0.33333333333333337,0.33333333333333337,0.33333333333333337,0.33333333333333337),(1.,1.,1.,1.,1.,1.,1.,1.,1.,1.),(0.33333333333333337,0.33333333333333337,0.33333333333333337,0.33333333333333337,0.33333333333333337,0.33333333333333337,0.33333333333333337,0.33333333333333337,0.33333333333333337,0.33333333333333337),(0.33333333333333337,0.33333333333333337,0.33333333333333337,0.33333333333333337,0.33333333333333337,0.33333333333333337,0.33333333333333337,0.33333333333333337,0.33333333333333337,0.33333333333333337),(1.,1.,1.,1.,1.,1.,1.,1.,1.,1.))) REPRESENTATION_ITEM('') SURFACE());
#2081=CARTESIAN_POINT('',(0.010198499800304055,-0.008381810726960657,0.008790863767393568));
#2082=DIRECTION('',(-0.00019044494931551103,0.9999989905435605,-0.0014080634153160008));
#2083=VECTOR('',#2082,1.);
#2084=LINE('',#2081,#2083);
#2085=EDGE_CURVE('',#106,#114,#2084,.T.);
#2086=ORIENTED_EDGE('',*,*,#2085,.F.);
#2087=CARTESIAN_POINT('',(0.010198404534655507,-0.007381810929632136,0.008790159759784777));
#2088=DIRECTION('',(0.00009526564381583524,-0.9999997476488646,0.0007040075738161473));
#2089=VECTOR('',#2088,1.);
#2090=LINE('',#2087,#2089);
#2091=EDGE_CURVE('',#1971,#106,#2090,.T.);
#2092=ORIENTED_EDGE('',*,*,#2091,.F.);
#2093=CARTESIAN_POINT('',(0.010198309355239703,-0.007381811132375498,0.008789455703127723));
#2094=DIRECTION('',(0.13396851593322803,0.00028536871231077903,0.9909855474745061));
#2095=VECTOR('',#2094,1.);
#2096=LINE('',#2093,#2095);
#2097=EDGE_CURVE('',#114,#1971,#2096,.T.);
#2098=ORIENTED_EDGE('',*,*,#2097,.F.);
#2099=EDGE_LOOP('',(#2086,#2092,#2098));
#2100=FACE_OUTER_BOUND('',#2099,.T.);
#2101=CARTESIAN_POINT('',(0.018982774690323723,-0.007881810929632136,0.011711312341870618));
#2102=DIRECTION('',(0.995700781305823,0.,-0.09262804168810583));
#2103=DIRECTION('',(-0.09262804168810589,0.,-0.995700781305823));
#2104=AXIS2_PLACEMENT_3D('',#2101,#2102,#2103);
#2105=CIRCLE('',#2104,0.0005000000000000003);
#2106=EDGE_CURVE('',#31,#31,#2105,.T.);
#2107=ORIENTED_EDGE('',*,*,#2106,.F.);
#2108=EDGE_LOOP('',(#2107));
#2109=FACE_BOUND('',#2108,.T.);
#2110=ADVANCED_FACE('',(#2100,#2109),#2080,.F.);
#2111=CARTESIAN_POINT('',(0.,0.045,-0.009652578484931777));
#2112=DIRECTION('',(0.,1.,0.));
#2113=DIRECTION('',(0.,0.,1.));
#2114=AXIS2_PLACEMENT_3D('',#2111,#2112,#2113);
#2115=TOROIDAL_SURFACE('',#2114,0.0008000000000000003,0.0002);
#2116=CARTESIAN_POINT('',(0.,0.045,-0.009652578484931777));
#2117=DIRECTION('',(0.,-1.,0.));
#2118=DIRECTION('',(0.,0.,1.));
#2119=AXIS2_PLACEMENT_3D('',#2116,#2117,#2118);
#2120=CIRCLE('',#2119,0.0010000000000000002);
#2121=EDGE_CURVE('',#592,#592,#2120,.T.);
#2122=ORIENTED_EDGE('',*,*,#2121,.F.);
#2123=EDGE_LOOP('',(#2122));
#2124=FACE_OUTER_BOUND('',#2123,.T.);
#2125=CARTESIAN_POINT('',(0.,0.0452,-0.009652578484931777));
#2126=DIRECTION('',(0.,1.,0.));
#2127=DIRECTION('',(0.,0.,1.));
#2128=AXIS2_PLACEMENT_3D('',#2125,#2126,#2127);
#2129=CIRCLE('',#2128,0.0008000000000000003);
#2130=EDGE_CURVE('',#618,#618,#2129,.T.);
#2131=ORIENTED_EDGE('',*,*,#2130,.F.);
#2132=EDGE_LOOP('',(#2131));
#2133=FACE_BOUND('',#2132,.T.);
#2134=ADVANCED_FACE('',(#2124,#2133),#2115,.T.);
#2135=CARTESIAN_POINT('',(-0.008359378179974005,0.045,0.004826289242465927));
#2136=DIRECTION('',(0.,1.,0.));
#2137=DIRECTION('',(0.,0.,1.));
#2138=AXIS2_PLACEMENT_3D('',#2135,#2136,#2137);
#2139=TOROIDAL_SURFACE('',#2138,0.0007999999999999998,0.0002);
#2140=CARTESIAN_POINT('',(-0.008359378179974005,0.045,0.004826289242465927));
#2141=DIRECTION('',(0.,-1.,0.));
#2142=DIRECTION('',(0.,0.,1.));
#2143=AXIS2_PLACEMENT_3D('',#2140,#2141,#2142);
#2144=CIRCLE('',#2143,0.0009999999999999998);
#2145=EDGE_CURVE('',#678,#678,#2144,.T.);
#2146=ORIENTED_EDGE('',*,*,#2145,.F.);
#2147=EDGE_LOOP('',(#2146));
#2148=FACE_OUTER_BOUND('',#2147,.T.);
#2149=CARTESIAN_POINT('',(-0.008359378179974005,0.0452,0.004826289242465927));
#2150=DIRECTION('',(0.,1.,0.));
#2151=DIRECTION('',(0.,0.,1.));
#2152=AXIS2_PLACEMENT_3D('',#2149,#2150,#2151);
#2153=CIRCLE('',#2152,0.0007999999999999998);
#2154=EDGE_CURVE('',#704,#704,#2153,.T.);
#2155=ORIENTED_EDGE('',*,*,#2154,.F.);
#2156=EDGE_LOOP('',(#2155));
#2157=FACE_BOUND('',#2156,.T.);
#2158=ADVANCED_FACE('',(#2148,#2157),#2139,.T.);
#2159=CARTESIAN_POINT('',(0.008359378179974073,0.045,0.0048262892424658106));
#2160=DIRECTION('',(0.,1.,0.));
#2161=DIRECTION('',(0.,0.,1.));
#2162=AXIS2_PLACEMENT_3D('',#2159,#2160,#2161);
#2163=TOROIDAL_SURFACE('',#2162,0.0007999999999999998,0.0002);
#2164=CARTESIAN_POINT('',(0.008359378179974073,0.045,0.0048262892424658106));
#2165=DIRECTION('',(0.,-1.,0.));
#2166=DIRECTION('',(0.,0.,1.));
#2167=AXIS2_PLACEMENT_3D('',#2164,#2165,#2166);
#2168=CIRCLE('',#2167,0.0009999999999999998);
#2169=EDGE_CURVE('',#635,#635,#2168,.T.);
#2170=ORIENTED_EDGE('',*,*,#2169,.F.);
#2171=EDGE_LOOP('',(#2170));
#2172=FACE_OUTER_BOUND('',#2171,.T.);
#2173=CARTESIAN_POINT('',(0.008359378179974073,0.0452,0.0048262892424658106));
#2174=DIRECTION('',(0.,1.,0.));
#2175=DIRECTION('',(0.,0.,1.));
#2176=AXIS2_PLACEMENT_3D('',#2173,#2174,#2175);
#2177=CIRCLE('',#2176,0.0007999999999999998);
#2178=EDGE_CURVE('',#661,#661,#2177,.T.);
#2179=ORIENTED_EDGE('',*,*,#2178,.F.);
#2180=EDGE_LOOP('',(#2179));
#2181=FACE_BOUND('',#2180,.T.);
#2182=ADVANCED_FACE('',(#2172,#2181),#2163,.T.);
#2183=CARTESIAN_POINT('',(0.01534985983061921,-0.007881810929632138,0.016202100467419326));
#2184=DIRECTION('',(0.643708801482939,0.,0.7652705266070283));
#2185=DIRECTION('',(0.7652705266070284,0.,-0.643708801482939));
#2186=AXIS2_PLACEMENT_3D('',#2183,#2184,#2185);
#2187=PLANE('',#2186);
#2188=CARTESIAN_POINT('',(0.015349859830619263,-0.007631810929632138,0.01620210046741928));
#2189=CARTESIAN_POINT('',(0.015239402544484375,-0.007631810929632097,0.016295011829873276));
#2190=CARTESIAN_POINT('',(0.015184173901416922,-0.007756810929632117,0.016341467511100282));
#2191=CARTESIAN_POINT('',(0.01512894525834947,-0.007881810929632138,0.016387923192327288));
#2192=CARTESIAN_POINT('',(0.015184173901416922,-0.008006810929632159,0.016341467511100282));
#2193=CARTESIAN_POINT('',(0.015239402544484375,-0.008131810929632178,0.016295011829873276));
#2194=CARTESIAN_POINT('',(0.015349859830619263,-0.008131810929632138,0.01620210046741928));
#2195=(BOUNDED_CURVE() B_SPLINE_CURVE(2,(#2188,#2189,#2190,#2191,#2192,#2193,#2194),.UNSPECIFIED.,.F.,.F.) B_SPLINE_CURVE_WITH_KNOTS((3,2,2,3),(0.,1.,2.,3.),.UNSPECIFIED.) CURVE() GEOMETRIC_REPRESENTATION_ITEM() RATIONAL_B_SPLINE_CURVE((1.,0.8660254037843919,1.,0.8660254037843919,1.,0.8660254037843919,1.)) REPRESENTATION_ITEM(''));
#2196=EDGE_CURVE('',#78,#80,#2195,.T.);
#2197=ORIENTED_EDGE('',*,*,#2196,.F.);
#2198=CARTESIAN_POINT('',(0.015349859830619206,-0.007881810929632138,0.01620210046741932));
#2199=DIRECTION('',(0.,-1.,0.));
#2200=VECTOR('',#2199,1.);
#2201=LINE('',#2198,#2200);
#2202=EDGE_CURVE('',#78,#80,#2201,.T.);
#2203=ORIENTED_EDGE('',*,*,#2202,.T.);
#2204=EDGE_LOOP('',(#2197,#2203));
#2205=FACE_OUTER_BOUND('',#2204,.T.);
#2206=ADVANCED_FACE('',(#2205),#2187,.F.);
#2207=CARTESIAN_POINT('',(0.01534985983061921,-0.007881810929632138,0.016202100467419326));
#2208=DIRECTION('',(0.6437088014829401,0.,0.7652705266070271));
#2209=DIRECTION('',(0.7652705266070271,0.,-0.6437088014829401));
#2210=AXIS2_PLACEMENT_3D('',#2207,#2208,#2209);
#2211=CYLINDRICAL_SURFACE('',#2210,0.0002500000000000004);
#2212=CARTESIAN_POINT('',(0.016817234110184216,-0.007881810929632138,0.01794658226581226));
#2213=DIRECTION('',(0.643708801482939,0.,0.7652705266070283));
#2214=DIRECTION('',(0.7652705266070284,0.,-0.643708801482939));
#2215=AXIS2_PLACEMENT_3D('',#2212,#2213,#2214);
#2216=CIRCLE('',#2215,0.0002500000000000004);
#2217=CARTESIAN_POINT('',(0.017008551741835975,-0.007881810929632138,0.017785655065441525));
#2218=VERTEX_POINT('',#2217);
#2219=EDGE_CURVE('',#2218,#2218,#2216,.T.);
#2220=ORIENTED_EDGE('',*,*,#2219,.F.);
#2221=EDGE_LOOP('',(#2220));
#2222=FACE_OUTER_BOUND('',#2221,.T.);
#2223=CARTESIAN_POINT('',(0.015349859830619263,-0.008131810929632138,0.01620210046741928));
#2224=CARTESIAN_POINT('',(0.015556900502460213,-0.008131810929632069,0.016059865537866962));
#2225=CARTESIAN_POINT('',(0.015556900502460213,-0.007881810929632138,0.016059865537866962));
#2226=CARTESIAN_POINT('',(0.015556900502460213,-0.007631810929632207,0.016059865537866962));
#2227=CARTESIAN_POINT('',(0.015349859830619263,-0.007631810929632138,0.01620210046741928));
#2228=(BOUNDED_CURVE() B_SPLINE_CURVE(2,(#2223,#2224,#2225,#2226,#2227),.UNSPECIFIED.,.F.,.F.) B_SPLINE_CURVE_WITH_KNOTS((3,2,3),(0.,1.,2.),.UNSPECIFIED.) CURVE() GEOMETRIC_REPRESENTATION_ITEM() RATIONAL_B_SPLINE_CURVE((1.,0.7071067811866464,1.,0.7071067811866464,1.)) REPRESENTATION_ITEM(''));
#2229=EDGE_CURVE('',#80,#78,#2228,.T.);
#2230=ORIENTED_EDGE('',*,*,#2229,.F.);
#2231=CARTESIAN_POINT('',(0.015349859830619263,-0.007631810929632138,0.01620210046741928));
#2232=CARTESIAN_POINT('',(0.015239402544484375,-0.007631810929632097,0.016295011829873276));
#2233=CARTESIAN_POINT('',(0.015184173901416922,-0.007756810929632117,0.016341467511100282));
#2234=CARTESIAN_POINT('',(0.01512894525834947,-0.007881810929632138,0.016387923192327288));
#2235=CARTESIAN_POINT('',(0.015184173901416922,-0.008006810929632159,0.016341467511100282));
#2236=CARTESIAN_POINT('',(0.015239402544484375,-0.008131810929632178,0.016295011829873276));
#2237=CARTESIAN_POINT('',(0.015349859830619263,-0.008131810929632138,0.01620210046741928));
#2238=(BOUNDED_CURVE() B_SPLINE_CURVE(2,(#2231,#2232,#2233,#2234,#2235,#2236,#2237),.UNSPECIFIED.,.F.,.F.) B_SPLINE_CURVE_WITH_KNOTS((3,2,2,3),(0.,1.,2.,3.),.UNSPECIFIED.) CURVE() GEOMETRIC_REPRESENTATION_ITEM() RATIONAL_B_SPLINE_CURVE((1.,0.8660254037843919,1.,0.8660254037843919,1.,0.8660254037843919,1.)) REPRESENTATION_ITEM(''));
#2239=EDGE_CURVE('',#78,#80,#2238,.T.);
#2240=ORIENTED_EDGE('',*,*,#2239,.F.);
#2241=EDGE_LOOP('',(#2230,#2240));
#2242=FACE_BOUND('',#2241,.T.);
#2243=ADVANCED_FACE('',(#2222,#2242),#2211,.T.);
#2244=CARTESIAN_POINT('',(0.016817234110184216,-0.007881810929632138,0.01794658226581226));
#2245=DIRECTION('',(0.643708801482939,0.,0.7652705266070283));
#2246=DIRECTION('',(0.7652705266070284,0.,-0.643708801482939));
#2247=AXIS2_PLACEMENT_3D('',#2244,#2245,#2246);
#2248=PLANE('',#2247);
#2249=CARTESIAN_POINT('',(0.016817234110184216,-0.007881810929632138,0.01794658226581226));
#2250=DIRECTION('',(0.643708801482939,0.,0.7652705266070283));
#2251=DIRECTION('',(0.7652705266070284,0.,-0.643708801482939));
#2252=AXIS2_PLACEMENT_3D('',#2249,#2250,#2251);
#2253=CIRCLE('',#2252,0.0002500000000000004);
#2254=EDGE_CURVE('',#2218,#2218,#2253,.T.);
#2255=ORIENTED_EDGE('',*,*,#2254,.T.);
#2256=EDGE_LOOP('',(#2255));
#2257=FACE_OUTER_BOUND('',#2256,.T.);
#2258=ADVANCED_FACE('',(#2257),#2248,.T.);
#2259=CARTESIAN_POINT('',(0.018982774690323723,-0.007881810929632136,0.011711312341870618));
#2260=DIRECTION('',(1.,-2.6215077348871316E-15,0.));
#2261=DIRECTION('',(2.6215077348871316E-15,1.,0.));
#2262=AXIS2_PLACEMENT_3D('',#2259,#2260,#2261);
#2263=PLANE('',#2262);
#2264=CARTESIAN_POINT('',(0.018982774690323723,-0.007881810929632136,0.011711312341870618));
#2265=DIRECTION('',(-2.6215077348871316E-15,-1.,-2.8179774205045626E-14));
#2266=VECTOR('',#2265,1.);
#2267=LINE('',#2264,#2266);
#2268=EDGE_CURVE('',#45,#43,#2267,.T.);
#2269=ORIENTED_EDGE('',*,*,#2268,.F.);
#2270=CARTESIAN_POINT('',(0.018982774690323723,-0.008131810929632137,0.011711312341870611));
#2271=CARTESIAN_POINT('',(0.018982774690323723,-0.00813181092963213,0.011461312341870611));
#2272=CARTESIAN_POINT('',(0.018982774690323723,-0.00788181092963213,0.011461312341870618));
#2273=CARTESIAN_POINT('',(0.018982774690323723,-0.007631810929632129,0.011461312341870625));
#2274=CARTESIAN_POINT('',(0.018982774690323723,-0.007631810929632136,0.011711312341870625));
#2275=(BOUNDED_CURVE() B_SPLINE_CURVE(2,(#2270,#2271,#2272,#2273,#2274),.UNSPECIFIED.,.F.,.F.) B_SPLINE_CURVE_WITH_KNOTS((3,2,3),(0.,1.,2.),.UNSPECIFIED.) CURVE() GEOMETRIC_REPRESENTATION_ITEM() RATIONAL_B_SPLINE_CURVE((1.,0.7071067811865476,1.,0.7071067811865476,1.)) REPRESENTATION_ITEM(''));
#2276=EDGE_CURVE('',#45,#43,#2275,.T.);
#2277=ORIENTED_EDGE('',*,*,#2276,.T.);
#2278=EDGE_LOOP('',(#2269,#2277));
#2279=FACE_OUTER_BOUND('',#2278,.T.);
#2280=ADVANCED_FACE('',(#2279),#2263,.F.);
#2281=CARTESIAN_POINT('',(0.02096795686570818,-0.007881810929632138,0.011711312341870618));
#2282=DIRECTION('',(1.,-2.6215077348871316E-15,0.));
#2283=DIRECTION('',(2.6215077348871316E-15,1.,0.));
#2284=AXIS2_PLACEMENT_3D('',#2281,#2282,#2283);
#2285=PLANE('',#2284);
#2286=CARTESIAN_POINT('',(0.02096795686570818,-0.007881810929632138,0.011711312341870618));
#2287=DIRECTION('',(1.,-2.6215077348871316E-15,0.));
#2288=DIRECTION('',(2.6215077348871316E-15,1.,0.));
#2289=AXIS2_PLACEMENT_3D('',#2286,#2287,#2288);
#2290=CIRCLE('',#2289,0.0002500000000000002);
#2291=CARTESIAN_POINT('',(0.02096795686570818,-0.007631810929632138,0.011711312341870618));
#2292=VERTEX_POINT('',#2291);
#2293=EDGE_CURVE('',#2292,#2292,#2290,.T.);
#2294=ORIENTED_EDGE('',*,*,#2293,.T.);
#2295=EDGE_LOOP('',(#2294));
#2296=FACE_OUTER_BOUND('',#2295,.T.);
#2297=ADVANCED_FACE('',(#2296),#2285,.T.);
#2298=CARTESIAN_POINT('',(0.018982774690323723,-0.007881810929632136,0.011711312341870618));
#2299=DIRECTION('',(1.,-8.738359116290439E-16,0.));
#2300=DIRECTION('',(8.738359116290439E-16,1.,0.));
#2301=AXIS2_PLACEMENT_3D('',#2298,#2299,#2300);
#2302=CYLINDRICAL_SURFACE('',#2301,0.0002500000000000002);
#2303=CARTESIAN_POINT('',(0.02096795686570818,-0.007881810929632138,0.011711312341870618));
#2304=DIRECTION('',(1.,-2.6215077348871316E-15,0.));
#2305=DIRECTION('',(2.6215077348871316E-15,1.,0.));
#2306=AXIS2_PLACEMENT_3D('',#2303,#2304,#2305);
#2307=CIRCLE('',#2306,0.0002500000000000002);
#2308=EDGE_CURVE('',#2292,#2292,#2307,.T.);
#2309=ORIENTED_EDGE('',*,*,#2308,.F.);
#2310=EDGE_LOOP('',(#2309));
#2311=FACE_OUTER_BOUND('',#2310,.T.);
#2312=CARTESIAN_POINT('',(0.018982774690323723,-0.008131810929632137,0.011711312341870611));
#2313=CARTESIAN_POINT('',(0.018982774690323723,-0.00813181092963213,0.011461312341870611));
#2314=CARTESIAN_POINT('',(0.018982774690323723,-0.00788181092963213,0.011461312341870618));
#2315=CARTESIAN_POINT('',(0.018982774690323723,-0.007631810929632129,0.011461312341870625));
#2316=CARTESIAN_POINT('',(0.018982774690323723,-0.007631810929632136,0.011711312341870625));
#2317=(BOUNDED_CURVE() B_SPLINE_CURVE(2,(#2312,#2313,#2314,#2315,#2316),.UNSPECIFIED.,.F.,.F.) B_SPLINE_CURVE_WITH_KNOTS((3,2,3),(0.,1.,2.),.UNSPECIFIED.) CURVE() GEOMETRIC_REPRESENTATION_ITEM() RATIONAL_B_SPLINE_CURVE((1.,0.7071067811865476,1.,0.7071067811865476,1.)) REPRESENTATION_ITEM(''));
#2318=EDGE_CURVE('',#45,#43,#2317,.T.);
#2319=ORIENTED_EDGE('',*,*,#2318,.T.);
#2320=CARTESIAN_POINT('',(0.018982774690323723,-0.007631810929632136,0.011711312341870625));
#2321=CARTESIAN_POINT('',(0.019006031687663485,-0.007631810929632142,0.011961312341870626));
#2322=CARTESIAN_POINT('',(0.01900603168766348,-0.007881810929632143,0.011961312341870619));
#2323=CARTESIAN_POINT('',(0.01900603168766348,-0.008131810929632144,0.011961312341870612));
#2324=CARTESIAN_POINT('',(0.018982774690323723,-0.008131810929632137,0.011711312341870611));
#2325=(BOUNDED_CURVE() B_SPLINE_CURVE(2,(#2320,#2321,#2322,#2323,#2324),.UNSPECIFIED.,.F.,.F.) B_SPLINE_CURVE_WITH_KNOTS((3,2,3),(0.,1.,2.),.UNSPECIFIED.) CURVE() GEOMETRIC_REPRESENTATION_ITEM() RATIONAL_B_SPLINE_CURVE((1.,0.7071067811865476,1.,0.7071067811865476,1.)) REPRESENTATION_ITEM(''));
#2326=EDGE_CURVE('',#43,#45,#2325,.T.);
#2327=ORIENTED_EDGE('',*,*,#2326,.T.);
#2328=EDGE_LOOP('',(#2319,#2327));
#2329=FACE_BOUND('',#2328,.T.);
#2330=ADVANCED_FACE('',(#2311,#2329),#2302,.T.);
#2331=CARTESIAN_POINT('',(-0.0036542624938009152,-0.001,-0.004100079434268747));
#2332=DIRECTION('',(0.,-1.,0.));
#2333=DIRECTION('',(0.,0.,-1.));
#2334=AXIS2_PLACEMENT_3D('',#2331,#2332,#2333);
#2335=TOROIDAL_SURFACE('',#2334,0.0012000000000000001,0.0002);
#2336=CARTESIAN_POINT('',(-0.003286543501881132,-0.0008,-0.0029578085631608913));
#2337=CARTESIAN_POINT('',(-0.002627053106959543,-0.0008,-0.003170111222131917));
#2338=CARTESIAN_POINT('',(-0.002481167405458641,-0.0008,-0.003847397987171357));
#2339=CARTESIAN_POINT('',(-0.0023352817039577383,-0.0008,-0.004524684752210797));
#2340=CARTESIAN_POINT('',(-0.0028488863973784246,-0.0008,-0.0049896688582792125));
#2341=CARTESIAN_POINT('',(-0.003362491090799111,-0.0008,-0.005454652964347628));
#2342=CARTESIAN_POINT('',(-0.0040219814857207,-0.0008,-0.005242350305376602));
#2343=(BOUNDED_CURVE() B_SPLINE_CURVE(2,(#2336,#2337,#2338,#2339,#2340,#2341,#2342),.UNSPECIFIED.,.F.,.F.) B_SPLINE_CURVE_WITH_KNOTS((3,2,2,3),(0.,1.,2.,3.),.UNSPECIFIED.) CURVE() GEOMETRIC_REPRESENTATION_ITEM() RATIONAL_B_SPLINE_CURVE((1.,0.8660254037844386,1.,0.8660254037844386,1.,0.8660254037844386,1.)) REPRESENTATION_ITEM(''));
#2344=EDGE_CURVE('',#1361,#1359,#2343,.T.);
#2345=ORIENTED_EDGE('',*,*,#2344,.T.);
#2346=CARTESIAN_POINT('',(-0.0040219814857207,-0.0008,-0.005242350305376602));
#2347=DIRECTION('',(-0.1182110039962625,-0.12377534734344048,-0.9852440418110662));
#2348=VECTOR('',#2347,1.);
#2349=LINE('',#2346,#2348);
#2350=EDGE_CURVE('',#1359,#1545,#2349,.T.);
#2351=ORIENTED_EDGE('',*,*,#2350,.T.);
#2352=CARTESIAN_POINT('',(-0.004028042843115803,-0.0008063466732502782,-0.005292869428444041));
#2353=DIRECTION('',(-0.8519867208462395,-0.20026196983643665,0.4837496986447662));
#2354=VECTOR('',#2353,1.);
#2355=LINE('',#2352,#2354);
#2356=EDGE_CURVE('',#1545,#1332,#2355,.T.);
#2357=ORIENTED_EDGE('',*,*,#2356,.T.);
#2358=CARTESIAN_POINT('',(-0.004851914010364759,-0.001000000000007347,-0.0048250834652039856));
#2359=CARTESIAN_POINT('',(-0.0041590782289660675,-0.001,-0.005969595480194355));
#2360=CARTESIAN_POINT('',(-0.0029843216594518706,-0.001,-0.005329379754968171));
#2361=CARTESIAN_POINT('',(-0.0018095650899376745,-0.001,-0.0046891640297419875));
#2362=CARTESIAN_POINT('',(-0.002395843220369133,-0.001,-0.003486580508226145));
#2363=CARTESIAN_POINT('',(-0.0029821213508005925,-0.001,-0.0022839969867103024));
#2364=CARTESIAN_POINT('',(-0.004210056955030161,-0.0009999999999998495,-0.0028151309851598616));
#2365=(BOUNDED_CURVE() B_SPLINE_CURVE(2,(#2358,#2359,#2360,#2361,#2362,#2363,#2364),.UNSPECIFIED.,.F.,.F.) B_SPLINE_CURVE_WITH_KNOTS((3,2,2,3),(0.,1.,2.,3.),.UNSPECIFIED.) CURVE() GEOMETRIC_REPRESENTATION_ITEM() RATIONAL_B_SPLINE_CURVE((1.,0.7229637187580933,1.,0.7229637187580933,1.,0.7229637187580933,1.)) REPRESENTATION_ITEM(''));
#2366=EDGE_CURVE('',#1332,#1320,#2365,.T.);
#2367=ORIENTED_EDGE('',*,*,#2366,.T.);
#2368=CARTESIAN_POINT('',(-0.004210056955030161,-0.0009999999999998495,-0.0028151309851598616));
#2369=DIRECTION('',(0.9747717820284761,0.19910905439697038,-0.10087396799062336));
#2370=VECTOR('',#2369,1.);
#2371=LINE('',#2368,#2370);
#2372=EDGE_CURVE('',#1320,#1531,#2371,.T.);
#2373=ORIENTED_EDGE('',*,*,#2372,.T.);
#2374=CARTESIAN_POINT('',(-0.0032619946030535882,-0.0008063466732502775,-0.002913240935724276));
#2375=DIRECTION('',(-0.47876239400621134,0.12377534734343215,-0.8691756056605902));
#2376=VECTOR('',#2375,1.);
#2377=LINE('',#2374,#2376);
#2378=EDGE_CURVE('',#1531,#1361,#2377,.T.);
#2379=ORIENTED_EDGE('',*,*,#2378,.T.);
#2380=EDGE_LOOP('',(#2345,#2351,#2357,#2367,#2373,#2379));
#2381=FACE_OUTER_BOUND('',#2380,.T.);
#2382=ADVANCED_FACE('',(#2381),#2335,.F.);
#2383=CLOSED_SHELL('',(#56,#93,#133,#181,#229,#261,#347,#408,#436,#462,#490,#518,#542,#570,#580,#606,#623,#649,#666,#692,#709,#726,#743,#769,#793,#833,#868,#900,#935,#962,#994,#1026,#1074,#1106,#1132,#1158,#1190,#1216,#1244,#1283,#1309,#1353,#1376,#1400,#1424,#1448,#1472,#1496,#1520,#1558,#1866,#2009,#2110,#2134,#2158,#2182,#2206,#2243,#2258,#2280,#2297,#2330,#2382));
#2384=MANIFOLD_SOLID_BREP('',#2383);
#2385=CARTESIAN_POINT('',(0.,0.,0.));
#2386=DIRECTION('',(0.,0.,1.));
#2387=DIRECTION('',(1.,0.,0.));
#2388=AXIS2_PLACEMENT_3D('',#2385,#2386,#2387);
#2389=(LENGTH_UNIT() NAMED_UNIT(*) SI_UNIT($,.METRE.));
#2390=(NAMED_UNIT(*) PLANE_ANGLE_UNIT() SI_UNIT($,.RADIAN.));
#2391=(NAMED_UNIT(*) SI_UNIT($,.STERADIAN.) SOLID_ANGLE_UNIT());
#2392=UNCERTAINTY_MEASURE_WITH_UNIT(LENGTH_MEASURE(1.E-07),#2389,'distance_accuracy_value','confusion accuracy');
#2393=(GEOMETRIC_REPRESENTATION_CONTEXT(3) GLOBAL_UNCERTAINTY_ASSIGNED_CONTEXT((#2392)) GLOBAL_UNIT_ASSIGNED_CONTEXT((#2389,#2390,#2391)) REPRESENTATION_CONTEXT('','3D'));
#2394=ADVANCED_BREP_SHAPE_REPRESENTATION('',(#2388,#2384),#2393);
#2395=COLOUR_RGB('',1.000000,1.000000,1.000000);
#2396=FILL_AREA_STYLE_COLOUR('',#2395);
#2397=FILL_AREA_STYLE('',(#2396));
#2398=SURFACE_STYLE_FILL_AREA(#2397);
#2399=SURFACE_SIDE_STYLE('',(#2398));
#2400=SURFACE_STYLE_USAGE(.BOTH.,#2399);
#2401=PRESENTATION_STYLE_ASSIGNMENT((#2400));
#2402=STYLED_ITEM('',(#2401),#2384);
#2403=MECHANICAL_DESIGN_GEOMETRIC_PRESENTATION_REPRESENTATION('',(#2402),#2393);
ENDSEC;
END-ISO-10303-21;