ISO-10303-21;
HEADER;
FILE_DESCRIPTION(('convert3d DWG import'),'2;1');
FILE_NAME('converted','2024-01-01',(''),(''),'','convert3d','');
FILE_SCHEMA(('AUTOMOTIVE_DESIGN { 1 0 10303 214 1 1 1 1 }'));
ENDSEC;
DATA;
#1=APPLICATION_PROTOCOL_DEFINITION('international standard','automotive_design',2000,#2);
#2=APPLICATION_CONTEXT('core data for automotive mechanical design processes');
#3=SHAPE_DEFINITION_REPRESENTATION(#4,#6079);
#4=PRODUCT_DEFINITION_SHAPE('','',#5);
#5=PRODUCT_DEFINITION('design','',#6,#9);
#6=PRODUCT_DEFINITION_FORMATION('','',#7);
#7=PRODUCT('Part','Part','',(#8));
#8=PRODUCT_CONTEXT('',#2,'mechanical');
#9=PRODUCT_DEFINITION_CONTEXT('part definition',#2,'design');
#20=CARTESIAN_POINT('',(0.019850000000000003,0.006500000000000001,0.019750000000000007));
#21=DIRECTION('',(-1.,0.,0.));
#22=DIRECTION('',(0.,0.,1.));
#23=AXIS2_PLACEMENT_3D('',#20,#21,#22);
#24=PLANE('',#23);
#25=CARTESIAN_POINT('',(0.019850000000000003,0.006500000000000001,0.020500000000000008));
#26=DIRECTION('',(0.,1.,0.));
#27=VECTOR('',#26,1.);
#28=LINE('',#25,#27);
#29=CARTESIAN_POINT('',(0.019850000000000003,0.0060999999999999995,0.020500000000000008));
#30=VERTEX_POINT('',#29);
#31=CARTESIAN_POINT('',(0.019850000000000003,0.0015,0.020500000000000008));
#32=VERTEX_POINT('',#31);
#33=EDGE_CURVE('',#30,#32,#28,.T.);
#34=ORIENTED_EDGE('',*,*,#33,.T.);
#35=CARTESIAN_POINT('',(0.019850000000000003,0.0015,0.019750000000000007));
#36=DIRECTION('',(0.,0.,-1.));
#37=VECTOR('',#36,1.);
#38=LINE('',#35,#37);
#39=CARTESIAN_POINT('',(0.019850000000000003,0.0015,0.022750000000000006));
#40=VERTEX_POINT('',#39);
#41=EDGE_CURVE('',#32,#40,#38,.T.);
#42=ORIENTED_EDGE('',*,*,#41,.T.);
#43=CARTESIAN_POINT('',(0.019850000000000003,0.006500000000000001,0.022750000000000006));
#44=DIRECTION('',(0.,-1.,0.));
#45=VECTOR('',#44,1.);
#46=LINE('',#43,#45);
#47=CARTESIAN_POINT('',(0.019850000000000003,0.0060999999999999995,0.022750000000000006));
#48=VERTEX_POINT('',#47);
#49=EDGE_CURVE('',#40,#48,#46,.T.);
#50=ORIENTED_EDGE('',*,*,#49,.T.);
#51=CARTESIAN_POINT('',(0.019850000000000003,0.0060999999999999995,0.019750000000000007));
#52=DIRECTION('',(0.,0.,-1.));
#53=VECTOR('',#52,1.);
#54=LINE('',#51,#53);
#55=CARTESIAN_POINT('',(0.019850000000000003,0.0060999999999999995,0.023750000000000007));
#56=VERTEX_POINT('',#55);
#57=EDGE_CURVE('',#48,#56,#54,.T.);
#58=ORIENTED_EDGE('',*,*,#57,.T.);
#59=CARTESIAN_POINT('',(0.019850000000000003,0.006500000000000001,0.023750000000000007));
#60=DIRECTION('',(0.,1.,0.));
#61=VECTOR('',#60,1.);
#62=LINE('',#59,#61);
#63=CARTESIAN_POINT('',(0.019850000000000003,0.0015,0.023750000000000007));
#64=VERTEX_POINT('',#63);
#65=EDGE_CURVE('',#56,#64,#62,.T.);
#66=ORIENTED_EDGE('',*,*,#65,.T.);
#67=CARTESIAN_POINT('',(0.019850000000000003,0.0015,0.019750000000000007));
#68=DIRECTION('',(0.,0.,-1.));
#69=VECTOR('',#68,1.);
#70=LINE('',#67,#69);
#71=CARTESIAN_POINT('',(0.019850000000000003,0.0015,0.025750000000000002));
#72=VERTEX_POINT('',#71);
#73=EDGE_CURVE('',#64,#72,#70,.T.);
#74=ORIENTED_EDGE('',*,*,#73,.T.);
#75=CARTESIAN_POINT('',(0.019850000000000003,0.006500000000000001,0.025750000000000002));
#76=DIRECTION('',(0.,-1.,0.));
#77=VECTOR('',#76,1.);
#78=LINE('',#75,#77);
#79=CARTESIAN_POINT('',(0.019850000000000003,0.0060999999999999995,0.025750000000000002));
#80=VERTEX_POINT('',#79);
#81=EDGE_CURVE('',#72,#80,#78,.T.);
#82=ORIENTED_EDGE('',*,*,#81,.T.);
#83=CARTESIAN_POINT('',(0.019850000000000003,0.0060999999999999995,0.019750000000000007));
#84=DIRECTION('',(0.,0.,1.));
#85=VECTOR('',#84,1.);
#86=LINE('',#83,#85);
#87=CARTESIAN_POINT('',(0.019850000000000003,0.0060999999999999995,0.026250000000000002));
#88=VERTEX_POINT('',#87);
#89=EDGE_CURVE('',#80,#88,#86,.T.);
#90=ORIENTED_EDGE('',*,*,#89,.T.);
#91=CARTESIAN_POINT('',(0.019850000000000003,0.006500000000000001,0.026250000000000002));
#92=DIRECTION('',(0.,1.,0.));
#93=VECTOR('',#92,1.);
#94=LINE('',#91,#93);
#95=CARTESIAN_POINT('',(0.019850000000000003,0.0015,0.026250000000000002));
#96=VERTEX_POINT('',#95);
#97=EDGE_CURVE('',#88,#96,#94,.T.);
#98=ORIENTED_EDGE('',*,*,#97,.T.);
#99=CARTESIAN_POINT('',(0.019850000000000003,0.0015,0.019750000000000007));
#100=DIRECTION('',(0.,0.,-1.));
#101=VECTOR('',#100,1.);
#102=LINE('',#99,#101);
#103=CARTESIAN_POINT('',(0.019850000000000003,0.0015,0.026750000000000003));
#104=VERTEX_POINT('',#103);
#105=EDGE_CURVE('',#96,#104,#102,.T.);
#106=ORIENTED_EDGE('',*,*,#105,.T.);
#107=CARTESIAN_POINT('',(0.019850000000000003,0.006500000000000001,0.026750000000000003));
#108=DIRECTION('',(0.,-1.,0.));
#109=VECTOR('',#108,1.);
#110=LINE('',#107,#109);
#111=CARTESIAN_POINT('',(0.019850000000000003,0.006500000000000001,0.026750000000000003));
#112=VERTEX_POINT('',#111);
#113=EDGE_CURVE('',#104,#112,#110,.T.);
#114=ORIENTED_EDGE('',*,*,#113,.T.);
#115=CARTESIAN_POINT('',(0.019850000000000003,0.006500000000000001,0.019750000000000007));
#116=DIRECTION('',(0.,0.,-1.));
#117=VECTOR('',#116,1.);
#118=LINE('',#115,#117);
#119=CARTESIAN_POINT('',(0.019850000000000003,0.006500000000000001,0.019750000000000007));
#120=VERTEX_POINT('',#119);
#121=EDGE_CURVE('',#112,#120,#118,.T.);
#122=ORIENTED_EDGE('',*,*,#121,.T.);
#123=CARTESIAN_POINT('',(0.019850000000000003,0.006500000000000001,0.019750000000000007));
#124=DIRECTION('',(0.,-1.,0.));
#125=VECTOR('',#124,1.);
#126=LINE('',#123,#125);
#127=CARTESIAN_POINT('',(0.019850000000000003,0.0015,0.019750000000000007));
#128=VERTEX_POINT('',#127);
#129=EDGE_CURVE('',#120,#128,#126,.T.);
#130=ORIENTED_EDGE('',*,*,#129,.T.);
#131=CARTESIAN_POINT('',(0.019850000000000003,0.0015,0.019750000000000007));
#132=DIRECTION('',(0.,0.,-1.));
#133=VECTOR('',#132,1.);
#134=LINE('',#131,#133);
#135=CARTESIAN_POINT('',(0.019850000000000003,0.0015,0.020000000000000007));
#136=VERTEX_POINT('',#135);
#137=EDGE_CURVE('',#128,#136,#134,.T.);
#138=ORIENTED_EDGE('',*,*,#137,.T.);
#139=CARTESIAN_POINT('',(0.019850000000000003,0.006500000000000001,0.020000000000000007));
#140=DIRECTION('',(0.,-1.,0.));
#141=VECTOR('',#140,1.);
#142=LINE('',#139,#141);
#143=CARTESIAN_POINT('',(0.019850000000000003,0.0060999999999999995,0.020000000000000007));
#144=VERTEX_POINT('',#143);
#145=EDGE_CURVE('',#136,#144,#142,.T.);
#146=ORIENTED_EDGE('',*,*,#145,.T.);
#147=CARTESIAN_POINT('',(0.019850000000000003,0.0060999999999999995,0.019750000000000007));
#148=DIRECTION('',(0.,0.,1.));
#149=VECTOR('',#148,1.);
#150=LINE('',#147,#149);
#151=EDGE_CURVE('',#144,#30,#150,.T.);
#152=ORIENTED_EDGE('',*,*,#151,.T.);
#153=EDGE_LOOP('',(#34,#42,#50,#58,#66,#74,#82,#90,#98,#106,#114,#122,#130,#138,#146,#152));
#154=FACE_OUTER_BOUND('',#153,.T.);
#155=ADVANCED_FACE('',(#154),#24,.F.);
#156=CARTESIAN_POINT('',(0.019850000000000003,0.006500000000000001,0.019750000000000007));
#157=DIRECTION('',(-4.956352788505164E-16,0.,1.));
#158=DIRECTION('',(1.,0.,4.956352788505164E-16));
#159=AXIS2_PLACEMENT_3D('',#156,#157,#158);
#160=PLANE('',#159);
#161=CARTESIAN_POINT('',(0.019850000000000003,0.0015,0.019750000000000007));
#162=DIRECTION('',(-1.,0.,-4.956352788505164E-16));
#163=VECTOR('',#162,1.);
#164=LINE('',#161,#163);
#165=CARTESIAN_POINT('',(0.012850000000000004,0.0015,0.019750000000000004));
#166=VERTEX_POINT('',#165);
#167=EDGE_CURVE('',#166,#128,#164,.T.);
#168=ORIENTED_EDGE('',*,*,#167,.T.);
#169=CARTESIAN_POINT('',(0.019850000000000003,0.006500000000000001,0.019750000000000007));
#170=DIRECTION('',(0.,-1.,0.));
#171=VECTOR('',#170,1.);
#172=LINE('',#169,#171);
#173=EDGE_CURVE('',#120,#128,#172,.T.);
#174=ORIENTED_EDGE('',*,*,#173,.F.);
#175=CARTESIAN_POINT('',(0.019850000000000003,0.006500000000000001,0.019750000000000007));
#176=DIRECTION('',(-1.,0.,-4.956352788505164E-16));
#177=VECTOR('',#176,1.);
#178=LINE('',#175,#177);
#179=CARTESIAN_POINT('',(0.012850000000000004,0.006500000000000001,0.019750000000000004));
#180=VERTEX_POINT('',#179);
#181=EDGE_CURVE('',#120,#180,#178,.T.);
#182=ORIENTED_EDGE('',*,*,#181,.T.);
#183=CARTESIAN_POINT('',(0.012850000000000004,0.006500000000000001,0.019750000000000004));
#184=DIRECTION('',(0.,-1.,0.));
#185=VECTOR('',#184,1.);
#186=LINE('',#183,#185);
#187=EDGE_CURVE('',#180,#166,#186,.T.);
#188=ORIENTED_EDGE('',*,*,#187,.T.);
#189=EDGE_LOOP('',(#168,#174,#182,#188));
#190=FACE_OUTER_BOUND('',#189,.T.);
#191=ADVANCED_FACE('',(#190),#160,.F.);
#192=CARTESIAN_POINT('',(0.012850000000000004,0.006500000000000001,0.019750000000000004));
#193=DIRECTION('',(1.,0.,0.));
#194=DIRECTION('',(0.,0.,-1.));
#195=AXIS2_PLACEMENT_3D('',#192,#193,#194);
#196=PLANE('',#195);
#197=CARTESIAN_POINT('',(0.012850000000000004,0.0015,0.019750000000000004));
#198=DIRECTION('',(0.,0.,1.));
#199=VECTOR('',#198,1.);
#200=LINE('',#197,#199);
#201=CARTESIAN_POINT('',(0.012850000000000004,0.0015,0.026750000000000003));
#202=VERTEX_POINT('',#201);
#203=EDGE_CURVE('',#202,#166,#200,.T.);
#204=ORIENTED_EDGE('',*,*,#203,.T.);
#205=CARTESIAN_POINT('',(0.012850000000000004,0.006500000000000001,0.019750000000000004));
#206=DIRECTION('',(0.,-1.,0.));
#207=VECTOR('',#206,1.);
#208=LINE('',#205,#207);
#209=EDGE_CURVE('',#180,#166,#208,.T.);
#210=ORIENTED_EDGE('',*,*,#209,.F.);
#211=CARTESIAN_POINT('',(0.012850000000000004,0.006500000000000001,0.019750000000000004));
#212=DIRECTION('',(0.,0.,1.));
#213=VECTOR('',#212,1.);
#214=LINE('',#211,#213);
#215=CARTESIAN_POINT('',(0.012850000000000004,0.006500000000000001,0.026750000000000003));
#216=VERTEX_POINT('',#215);
#217=EDGE_CURVE('',#180,#216,#214,.T.);
#218=ORIENTED_EDGE('',*,*,#217,.T.);
#219=CARTESIAN_POINT('',(0.012850000000000004,0.006500000000000001,0.026750000000000003));
#220=DIRECTION('',(0.,-1.,0.));
#221=VECTOR('',#220,1.);
#222=LINE('',#219,#221);
#223=EDGE_CURVE('',#216,#202,#222,.T.);
#224=ORIENTED_EDGE('',*,*,#223,.T.);
#225=EDGE_LOOP('',(#204,#210,#218,#224));
#226=FACE_OUTER_BOUND('',#225,.T.);
#227=ADVANCED_FACE('',(#226),#196,.F.);
#228=CARTESIAN_POINT('',(0.019850000000000003,0.006500000000000001,0.026750000000000003));
#229=DIRECTION('',(0.,0.,-1.));
#230=DIRECTION('',(-1.,0.,0.));
#231=AXIS2_PLACEMENT_3D('',#228,#229,#230);
#232=PLANE('',#231);
#233=CARTESIAN_POINT('',(0.019850000000000003,0.0015,0.026750000000000003));
#234=DIRECTION('',(1.,0.,0.));
#235=VECTOR('',#234,1.);
#236=LINE('',#233,#235);
#237=EDGE_CURVE('',#104,#202,#236,.T.);
#238=ORIENTED_EDGE('',*,*,#237,.T.);
#239=CARTESIAN_POINT('',(0.012850000000000004,0.006500000000000001,0.026750000000000003));
#240=DIRECTION('',(0.,-1.,0.));
#241=VECTOR('',#240,1.);
#242=LINE('',#239,#241);
#243=EDGE_CURVE('',#216,#202,#242,.T.);
#244=ORIENTED_EDGE('',*,*,#243,.F.);
#245=CARTESIAN_POINT('',(0.019850000000000003,0.006500000000000001,0.026750000000000003));
#246=DIRECTION('',(1.,0.,0.));
#247=VECTOR('',#246,1.);
#248=LINE('',#245,#247);
#249=EDGE_CURVE('',#216,#112,#248,.T.);
#250=ORIENTED_EDGE('',*,*,#249,.T.);
#251=CARTESIAN_POINT('',(0.019850000000000003,0.006500000000000001,0.026750000000000003));
#252=DIRECTION('',(0.,-1.,0.));
#253=VECTOR('',#252,1.);
#254=LINE('',#251,#253);
#255=EDGE_CURVE('',#104,#112,#254,.T.);
#256=ORIENTED_EDGE('',*,*,#255,.F.);
#257=EDGE_LOOP('',(#238,#244,#250,#256));
#258=FACE_OUTER_BOUND('',#257,.T.);
#259=ADVANCED_FACE('',(#258),#232,.F.);
#260=CARTESIAN_POINT('',(0.,0.006500000000000001,0.));
#261=DIRECTION('',(0.,-1.,0.));
#262=DIRECTION('',(0.,0.,-1.));
#263=AXIS2_PLACEMENT_3D('',#260,#261,#262);
#264=PLANE('',#263);
#265=CARTESIAN_POINT('',(0.016350000000000003,0.006500000000000001,0.023250000000000003));
#266=DIRECTION('',(0.,1.,0.));
#267=DIRECTION('',(0.,0.,1.));
#268=AXIS2_PLACEMENT_3D('',#265,#266,#267);
#269=CIRCLE('',#268,0.0015500000000000008);
#270=CARTESIAN_POINT('',(0.016350000000000003,0.006500000000000001,0.024800000000000003));
#271=VERTEX_POINT('',#270);
#272=EDGE_CURVE('',#271,#271,#269,.T.);
#273=ORIENTED_EDGE('',*,*,#272,.F.);
#274=EDGE_LOOP('',(#273));
#275=FACE_OUTER_BOUND('',#274,.T.);
#276=CARTESIAN_POINT('',(0.019850000000000003,0.006500000000000001,0.019750000000000007));
#277=DIRECTION('',(0.,0.,-1.));
#278=VECTOR('',#277,1.);
#279=LINE('',#276,#278);
#280=EDGE_CURVE('',#112,#120,#279,.T.);
#281=ORIENTED_EDGE('',*,*,#280,.T.);
#282=CARTESIAN_POINT('',(0.019850000000000003,0.006500000000000001,0.019750000000000007));
#283=DIRECTION('',(-1.,0.,-4.956352788505164E-16));
#284=VECTOR('',#283,1.);
#285=LINE('',#282,#284);
#286=EDGE_CURVE('',#120,#180,#285,.T.);
#287=ORIENTED_EDGE('',*,*,#286,.T.);
#288=CARTESIAN_POINT('',(0.012850000000000004,0.006500000000000001,0.019750000000000004));
#289=DIRECTION('',(0.,0.,1.));
#290=VECTOR('',#289,1.);
#291=LINE('',#288,#290);
#292=EDGE_CURVE('',#180,#216,#291,.T.);
#293=ORIENTED_EDGE('',*,*,#292,.T.);
#294=CARTESIAN_POINT('',(0.019850000000000003,0.006500000000000001,0.026750000000000003));
#295=DIRECTION('',(1.,0.,0.));
#296=VECTOR('',#295,1.);
#297=LINE('',#294,#296);
#298=EDGE_CURVE('',#216,#112,#297,.T.);
#299=ORIENTED_EDGE('',*,*,#298,.T.);
#300=EDGE_LOOP('',(#281,#287,#293,#299));
#301=FACE_BOUND('',#300,.T.);
#302=ADVANCED_FACE('',(#275,#301),#264,.F.);
#303=CARTESIAN_POINT('',(0.,0.0015,0.));
#304=DIRECTION('',(0.,-1.,0.));
#305=DIRECTION('',(0.,0.,-1.));
#306=AXIS2_PLACEMENT_3D('',#303,#304,#305);
#307=PLANE('',#306);
#308=CARTESIAN_POINT('',(0.019600000000000006,0.0015,0.020000000000000007));
#309=DIRECTION('',(1.,0.,0.));
#310=VECTOR('',#309,1.);
#311=LINE('',#308,#310);
#312=CARTESIAN_POINT('',(0.019600000000000006,0.0015,0.020000000000000007));
#313=VERTEX_POINT('',#312);
#314=EDGE_CURVE('',#313,#136,#311,.T.);
#315=ORIENTED_EDGE('',*,*,#314,.F.);
#316=CARTESIAN_POINT('',(0.019600000000000006,0.0015,0.020500000000000008));
#317=DIRECTION('',(0.,0.,-1.));
#318=VECTOR('',#317,1.);
#319=LINE('',#316,#318);
#320=CARTESIAN_POINT('',(0.019600000000000006,0.0015,0.020500000000000008));
#321=VERTEX_POINT('',#320);
#322=EDGE_CURVE('',#321,#313,#319,.T.);
#323=ORIENTED_EDGE('',*,*,#322,.F.);
#324=CARTESIAN_POINT('',(0.,0.0015,0.020500000000000008));
#325=DIRECTION('',(-1.,0.,0.));
#326=VECTOR('',#325,1.);
#327=LINE('',#324,#326);
#328=EDGE_CURVE('',#32,#321,#327,.T.);
#329=ORIENTED_EDGE('',*,*,#328,.F.);
#330=CARTESIAN_POINT('',(0.019850000000000003,0.0015,0.019750000000000007));
#331=DIRECTION('',(0.,0.,-1.));
#332=VECTOR('',#331,1.);
#333=LINE('',#330,#332);
#334=EDGE_CURVE('',#32,#40,#333,.T.);
#335=ORIENTED_EDGE('',*,*,#334,.T.);
#336=CARTESIAN_POINT('',(0.020100000000000003,0.0015,0.022750000000000006));
#337=DIRECTION('',(1.,0.,0.));
#338=VECTOR('',#337,1.);
#339=LINE('',#336,#338);
#340=CARTESIAN_POINT('',(0.019600000000000003,0.0015,0.022750000000000006));
#341=VERTEX_POINT('',#340);
#342=EDGE_CURVE('',#341,#40,#339,.T.);
#343=ORIENTED_EDGE('',*,*,#342,.F.);
#344=CARTESIAN_POINT('',(0.019600000000000003,0.0015,0.023750000000000007));
#345=DIRECTION('',(0.,0.,-1.));
#346=VECTOR('',#345,1.);
#347=LINE('',#344,#346);
#348=CARTESIAN_POINT('',(0.019600000000000003,0.0015,0.023750000000000007));
#349=VERTEX_POINT('',#348);
#350=EDGE_CURVE('',#349,#341,#347,.T.);
#351=ORIENTED_EDGE('',*,*,#350,.F.);
#352=CARTESIAN_POINT('',(0.,0.0015,0.023750000000000007));
#353=DIRECTION('',(-1.,0.,0.));
#354=VECTOR('',#353,1.);
#355=LINE('',#352,#354);
#356=EDGE_CURVE('',#64,#349,#355,.T.);
#357=ORIENTED_EDGE('',*,*,#356,.F.);
#358=CARTESIAN_POINT('',(0.019850000000000003,0.0015,0.019750000000000007));
#359=DIRECTION('',(0.,0.,-1.));
#360=VECTOR('',#359,1.);
#361=LINE('',#358,#360);
#362=EDGE_CURVE('',#64,#72,#361,.T.);
#363=ORIENTED_EDGE('',*,*,#362,.T.);
#364=CARTESIAN_POINT('',(0.019600000000000003,0.0015,0.025750000000000002));
#365=DIRECTION('',(1.,0.,0.));
#366=VECTOR('',#365,1.);
#367=LINE('',#364,#366);
#368=CARTESIAN_POINT('',(0.019600000000000003,0.0015,0.025750000000000002));
#369=VERTEX_POINT('',#368);
#370=EDGE_CURVE('',#369,#72,#367,.T.);
#371=ORIENTED_EDGE('',*,*,#370,.F.);
#372=CARTESIAN_POINT('',(0.019600000000000003,0.0015,0.026250000000000002));
#373=DIRECTION('',(0.,0.,-1.));
#374=VECTOR('',#373,1.);
#375=LINE('',#372,#374);
#376=CARTESIAN_POINT('',(0.019600000000000003,0.0015,0.026250000000000002));
#377=VERTEX_POINT('',#376);
#378=EDGE_CURVE('',#377,#369,#375,.T.);
#379=ORIENTED_EDGE('',*,*,#378,.F.);
#380=CARTESIAN_POINT('',(0.,0.0015,0.026250000000000002));
#381=DIRECTION('',(-1.,0.,0.));
#382=VECTOR('',#381,1.);
#383=LINE('',#380,#382);
#384=EDGE_CURVE('',#96,#377,#383,.T.);
#385=ORIENTED_EDGE('',*,*,#384,.F.);
#386=CARTESIAN_POINT('',(0.019850000000000003,0.0015,0.019750000000000007));
#387=DIRECTION('',(0.,0.,-1.));
#388=VECTOR('',#387,1.);
#389=LINE('',#386,#388);
#390=EDGE_CURVE('',#96,#104,#389,.T.);
#391=ORIENTED_EDGE('',*,*,#390,.T.);
#392=CARTESIAN_POINT('',(0.019850000000000003,0.0015,0.026750000000000003));
#393=DIRECTION('',(1.,0.,0.));
#394=VECTOR('',#393,1.);
#395=LINE('',#392,#394);
#396=EDGE_CURVE('',#104,#202,#395,.T.);
#397=ORIENTED_EDGE('',*,*,#396,.T.);
#398=CARTESIAN_POINT('',(0.012850000000000004,0.0015,0.019750000000000004));
#399=DIRECTION('',(0.,0.,1.));
#400=VECTOR('',#399,1.);
#401=LINE('',#398,#400);
#402=EDGE_CURVE('',#202,#166,#401,.T.);
#403=ORIENTED_EDGE('',*,*,#402,.T.);
#404=CARTESIAN_POINT('',(0.019850000000000003,0.0015,0.019750000000000007));
#405=DIRECTION('',(-1.,0.,-4.956352788505164E-16));
#406=VECTOR('',#405,1.);
#407=LINE('',#404,#406);
#408=EDGE_CURVE('',#166,#128,#407,.T.);
#409=ORIENTED_EDGE('',*,*,#408,.T.);
#410=CARTESIAN_POINT('',(0.019850000000000003,0.0015,0.019750000000000007));
#411=DIRECTION('',(0.,0.,-1.));
#412=VECTOR('',#411,1.);
#413=LINE('',#410,#412);
#414=EDGE_CURVE('',#128,#136,#413,.T.);
#415=ORIENTED_EDGE('',*,*,#414,.T.);
#416=EDGE_LOOP('',(#315,#323,#329,#335,#343,#351,#357,#363,#371,#379,#385,#391,#397,#403,#409,#415));
#417=FACE_OUTER_BOUND('',#416,.T.);
#418=ADVANCED_FACE('',(#417),#307,.T.);
#419=CARTESIAN_POINT('',(0.,0.0060999999999999995,0.));
#420=DIRECTION('',(0.,1.,0.));
#421=DIRECTION('',(0.,0.,1.));
#422=AXIS2_PLACEMENT_3D('',#419,#420,#421);
#423=PLANE('',#422);
#424=CARTESIAN_POINT('',(0.020100000000000003,0.0060999999999999995,0.023750000000000007));
#425=DIRECTION('',(-1.,0.,0.));
#426=VECTOR('',#425,1.);
#427=LINE('',#424,#426);
#428=CARTESIAN_POINT('',(0.019600000000000003,0.0060999999999999995,0.023750000000000007));
#429=VERTEX_POINT('',#428);
#430=EDGE_CURVE('',#429,#56,#427,.T.);
#431=ORIENTED_EDGE('',*,*,#430,.T.);
#432=CARTESIAN_POINT('',(0.019850000000000003,0.0060999999999999995,0.019750000000000007));
#433=DIRECTION('',(0.,0.,-1.));
#434=VECTOR('',#433,1.);
#435=LINE('',#432,#434);
#436=EDGE_CURVE('',#48,#56,#435,.T.);
#437=ORIENTED_EDGE('',*,*,#436,.F.);
#438=CARTESIAN_POINT('',(0.020100000000000003,0.0060999999999999995,0.022750000000000006));
#439=DIRECTION('',(1.,0.,0.));
#440=VECTOR('',#439,1.);
#441=LINE('',#438,#440);
#442=CARTESIAN_POINT('',(0.019600000000000003,0.0060999999999999995,0.022750000000000006));
#443=VERTEX_POINT('',#442);
#444=EDGE_CURVE('',#48,#443,#441,.T.);
#445=ORIENTED_EDGE('',*,*,#444,.T.);
#446=CARTESIAN_POINT('',(0.019600000000000003,0.0060999999999999995,0.023750000000000007));
#447=DIRECTION('',(0.,0.,-1.));
#448=VECTOR('',#447,1.);
#449=LINE('',#446,#448);
#450=EDGE_CURVE('',#443,#429,#449,.T.);
#451=ORIENTED_EDGE('',*,*,#450,.T.);
#452=EDGE_LOOP('',(#431,#437,#445,#451));
#453=FACE_OUTER_BOUND('',#452,.T.);
#454=ADVANCED_FACE('',(#453),#423,.F.);
#455=CARTESIAN_POINT('',(0.020100000000000003,0.0060999999999999995,0.023750000000000007));
#456=DIRECTION('',(0.,0.,1.));
#457=DIRECTION('',(1.,0.,0.));
#458=AXIS2_PLACEMENT_3D('',#455,#456,#457);
#459=PLANE('',#458);
#460=CARTESIAN_POINT('',(0.019850000000000003,0.006500000000000001,0.023750000000000007));
#461=DIRECTION('',(0.,1.,0.));
#462=VECTOR('',#461,1.);
#463=LINE('',#460,#462);
#464=EDGE_CURVE('',#56,#64,#463,.T.);
#465=ORIENTED_EDGE('',*,*,#464,.F.);
#466=CARTESIAN_POINT('',(0.020100000000000003,0.0060999999999999995,0.023750000000000007));
#467=DIRECTION('',(-1.,0.,0.));
#468=VECTOR('',#467,1.);
#469=LINE('',#466,#468);
#470=EDGE_CURVE('',#429,#56,#469,.T.);
#471=ORIENTED_EDGE('',*,*,#470,.F.);
#472=CARTESIAN_POINT('',(0.019600000000000003,0.0060999999999999995,0.023750000000000007));
#473=DIRECTION('',(0.,-1.,0.));
#474=VECTOR('',#473,1.);
#475=LINE('',#472,#474);
#476=EDGE_CURVE('',#429,#349,#475,.T.);
#477=ORIENTED_EDGE('',*,*,#476,.T.);
#478=CARTESIAN_POINT('',(0.,0.0015,0.023750000000000007));
#479=DIRECTION('',(-1.,0.,0.));
#480=VECTOR('',#479,1.);
#481=LINE('',#478,#480);
#482=EDGE_CURVE('',#64,#349,#481,.T.);
#483=ORIENTED_EDGE('',*,*,#482,.F.);
#484=EDGE_LOOP('',(#465,#471,#477,#483));
#485=FACE_OUTER_BOUND('',#484,.T.);
#486=ADVANCED_FACE('',(#485),#459,.F.);
#487=CARTESIAN_POINT('',(0.020100000000000003,0.0060999999999999995,0.022750000000000006));
#488=DIRECTION('',(0.,0.,-1.));
#489=DIRECTION('',(-1.,0.,0.));
#490=AXIS2_PLACEMENT_3D('',#487,#488,#489);
#491=PLANE('',#490);
#492=CARTESIAN_POINT('',(0.020100000000000003,0.0060999999999999995,0.022750000000000006));
#493=DIRECTION('',(1.,0.,0.));
#494=VECTOR('',#493,1.);
#495=LINE('',#492,#494);
#496=EDGE_CURVE('',#48,#443,#495,.T.);
#497=ORIENTED_EDGE('',*,*,#496,.F.);
#498=CARTESIAN_POINT('',(0.019850000000000003,0.006500000000000001,0.022750000000000006));
#499=DIRECTION('',(0.,-1.,0.));
#500=VECTOR('',#499,1.);
#501=LINE('',#498,#500);
#502=EDGE_CURVE('',#40,#48,#501,.T.);
#503=ORIENTED_EDGE('',*,*,#502,.F.);
#504=CARTESIAN_POINT('',(0.020100000000000003,0.0015,0.022750000000000006));
#505=DIRECTION('',(1.,0.,0.));
#506=VECTOR('',#505,1.);
#507=LINE('',#504,#506);
#508=EDGE_CURVE('',#341,#40,#507,.T.);
#509=ORIENTED_EDGE('',*,*,#508,.F.);
#510=CARTESIAN_POINT('',(0.019600000000000003,0.0060999999999999995,0.022750000000000006));
#511=DIRECTION('',(0.,-1.,0.));
#512=VECTOR('',#511,1.);
#513=LINE('',#510,#512);
#514=EDGE_CURVE('',#341,#443,#513,.T.);
#515=ORIENTED_EDGE('',*,*,#514,.T.);
#516=EDGE_LOOP('',(#497,#503,#509,#515));
#517=FACE_OUTER_BOUND('',#516,.T.);
#518=ADVANCED_FACE('',(#517),#491,.F.);
#519=CARTESIAN_POINT('',(0.019600000000000003,0.0060999999999999995,0.023750000000000007));
#520=DIRECTION('',(-1.,0.,0.));
#521=DIRECTION('',(0.,0.,1.));
#522=AXIS2_PLACEMENT_3D('',#519,#520,#521);
#523=PLANE('',#522);
#524=CARTESIAN_POINT('',(0.019600000000000003,0.0060999999999999995,0.023750000000000007));
#525=DIRECTION('',(0.,-1.,0.));
#526=VECTOR('',#525,1.);
#527=LINE('',#524,#526);
#528=EDGE_CURVE('',#429,#349,#527,.T.);
#529=ORIENTED_EDGE('',*,*,#528,.F.);
#530=CARTESIAN_POINT('',(0.019600000000000003,0.0060999999999999995,0.023750000000000007));
#531=DIRECTION('',(0.,0.,-1.));
#532=VECTOR('',#531,1.);
#533=LINE('',#530,#532);
#534=EDGE_CURVE('',#443,#429,#533,.T.);
#535=ORIENTED_EDGE('',*,*,#534,.F.);
#536=CARTESIAN_POINT('',(0.019600000000000003,0.0060999999999999995,0.022750000000000006));
#537=DIRECTION('',(0.,-1.,0.));
#538=VECTOR('',#537,1.);
#539=LINE('',#536,#538);
#540=EDGE_CURVE('',#341,#443,#539,.T.);
#541=ORIENTED_EDGE('',*,*,#540,.F.);
#542=CARTESIAN_POINT('',(0.019600000000000003,0.0015,0.023750000000000007));
#543=DIRECTION('',(0.,0.,-1.));
#544=VECTOR('',#543,1.);
#545=LINE('',#542,#544);
#546=EDGE_CURVE('',#349,#341,#545,.T.);
#547=ORIENTED_EDGE('',*,*,#546,.F.);
#548=EDGE_LOOP('',(#529,#535,#541,#547));
#549=FACE_OUTER_BOUND('',#548,.T.);
#550=ADVANCED_FACE('',(#549),#523,.F.);
#551=CARTESIAN_POINT('',(0.,0.0060999999999999995,0.));
#552=DIRECTION('',(0.,-1.,0.));
#553=DIRECTION('',(0.,0.,-1.));
#554=AXIS2_PLACEMENT_3D('',#551,#552,#553);
#555=PLANE('',#554);
#556=CARTESIAN_POINT('',(0.019850000000000003,0.0060999999999999995,0.019750000000000007));
#557=DIRECTION('',(0.,0.,1.));
#558=VECTOR('',#557,1.);
#559=LINE('',#556,#558);
#560=EDGE_CURVE('',#80,#88,#559,.T.);
#561=ORIENTED_EDGE('',*,*,#560,.T.);
#562=CARTESIAN_POINT('',(0.019600000000000003,0.0060999999999999995,0.026250000000000002));
#563=DIRECTION('',(-1.,0.,0.));
#564=VECTOR('',#563,1.);
#565=LINE('',#562,#564);
#566=CARTESIAN_POINT('',(0.019600000000000003,0.0060999999999999995,0.026250000000000002));
#567=VERTEX_POINT('',#566);
#568=EDGE_CURVE('',#567,#88,#565,.T.);
#569=ORIENTED_EDGE('',*,*,#568,.F.);
#570=CARTESIAN_POINT('',(0.019600000000000003,0.0060999999999999995,0.026250000000000002));
#571=DIRECTION('',(0.,0.,-1.));
#572=VECTOR('',#571,1.);
#573=LINE('',#570,#572);
#574=CARTESIAN_POINT('',(0.019600000000000003,0.0060999999999999995,0.025750000000000002));
#575=VERTEX_POINT('',#574);
#576=EDGE_CURVE('',#575,#567,#573,.T.);
#577=ORIENTED_EDGE('',*,*,#576,.F.);
#578=CARTESIAN_POINT('',(0.019600000000000003,0.0060999999999999995,0.025750000000000002));
#579=DIRECTION('',(1.,0.,0.));
#580=VECTOR('',#579,1.);
#581=LINE('',#578,#580);
#582=EDGE_CURVE('',#80,#575,#581,.T.);
#583=ORIENTED_EDGE('',*,*,#582,.F.);
#584=EDGE_LOOP('',(#561,#569,#577,#583));
#585=FACE_OUTER_BOUND('',#584,.T.);
#586=ADVANCED_FACE('',(#585),#555,.T.);
#587=CARTESIAN_POINT('',(0.019600000000000003,0.0060999999999999995,0.025750000000000002));
#588=DIRECTION('',(0.,0.,-1.));
#589=DIRECTION('',(-1.,0.,0.));
#590=AXIS2_PLACEMENT_3D('',#587,#588,#589);
#591=PLANE('',#590);
#592=CARTESIAN_POINT('',(0.019600000000000003,0.0060999999999999995,0.025750000000000002));
#593=DIRECTION('',(1.,0.,0.));
#594=VECTOR('',#593,1.);
#595=LINE('',#592,#594);
#596=EDGE_CURVE('',#80,#575,#595,.T.);
#597=ORIENTED_EDGE('',*,*,#596,.F.);
#598=CARTESIAN_POINT('',(0.019850000000000003,0.006500000000000001,0.025750000000000002));
#599=DIRECTION('',(0.,-1.,0.));
#600=VECTOR('',#599,1.);
#601=LINE('',#598,#600);
#602=EDGE_CURVE('',#72,#80,#601,.T.);
#603=ORIENTED_EDGE('',*,*,#602,.F.);
#604=CARTESIAN_POINT('',(0.019600000000000003,0.0015,0.025750000000000002));
#605=DIRECTION('',(1.,0.,0.));
#606=VECTOR('',#605,1.);
#607=LINE('',#604,#606);
#608=EDGE_CURVE('',#369,#72,#607,.T.);
#609=ORIENTED_EDGE('',*,*,#608,.F.);
#610=CARTESIAN_POINT('',(0.019600000000000003,0.0060999999999999995,0.025750000000000002));
#611=DIRECTION('',(0.,-1.,0.));
#612=VECTOR('',#611,1.);
#613=LINE('',#610,#612);
#614=EDGE_CURVE('',#369,#575,#613,.T.);
#615=ORIENTED_EDGE('',*,*,#614,.T.);
#616=EDGE_LOOP('',(#597,#603,#609,#615));
#617=FACE_OUTER_BOUND('',#616,.T.);
#618=ADVANCED_FACE('',(#617),#591,.F.);
#619=CARTESIAN_POINT('',(0.019600000000000003,0.0060999999999999995,0.026250000000000002));
#620=DIRECTION('',(0.,0.,1.));
#621=DIRECTION('',(1.,0.,0.));
#622=AXIS2_PLACEMENT_3D('',#619,#620,#621);
#623=PLANE('',#622);
#624=CARTESIAN_POINT('',(0.019850000000000003,0.006500000000000001,0.026250000000000002));
#625=DIRECTION('',(0.,1.,0.));
#626=VECTOR('',#625,1.);
#627=LINE('',#624,#626);
#628=EDGE_CURVE('',#88,#96,#627,.T.);
#629=ORIENTED_EDGE('',*,*,#628,.F.);
#630=CARTESIAN_POINT('',(0.019600000000000003,0.0060999999999999995,0.026250000000000002));
#631=DIRECTION('',(-1.,0.,0.));
#632=VECTOR('',#631,1.);
#633=LINE('',#630,#632);
#634=EDGE_CURVE('',#567,#88,#633,.T.);
#635=ORIENTED_EDGE('',*,*,#634,.F.);
#636=CARTESIAN_POINT('',(0.019600000000000003,0.0060999999999999995,0.026250000000000002));
#637=DIRECTION('',(0.,-1.,0.));
#638=VECTOR('',#637,1.);
#639=LINE('',#636,#638);
#640=EDGE_CURVE('',#567,#377,#639,.T.);
#641=ORIENTED_EDGE('',*,*,#640,.T.);
#642=CARTESIAN_POINT('',(0.,0.0015,0.026250000000000002));
#643=DIRECTION('',(-1.,0.,0.));
#644=VECTOR('',#643,1.);
#645=LINE('',#642,#644);
#646=EDGE_CURVE('',#96,#377,#645,.T.);
#647=ORIENTED_EDGE('',*,*,#646,.F.);
#648=EDGE_LOOP('',(#629,#635,#641,#647));
#649=FACE_OUTER_BOUND('',#648,.T.);
#650=ADVANCED_FACE('',(#649),#623,.F.);
#651=CARTESIAN_POINT('',(0.019600000000000003,0.0060999999999999995,0.026250000000000002));
#652=DIRECTION('',(-1.,0.,0.));
#653=DIRECTION('',(0.,0.,1.));
#654=AXIS2_PLACEMENT_3D('',#651,#652,#653);
#655=PLANE('',#654);
#656=CARTESIAN_POINT('',(0.019600000000000003,0.0060999999999999995,0.026250000000000002));
#657=DIRECTION('',(0.,-1.,0.));
#658=VECTOR('',#657,1.);
#659=LINE('',#656,#658);
#660=EDGE_CURVE('',#567,#377,#659,.T.);
#661=ORIENTED_EDGE('',*,*,#660,.F.);
#662=CARTESIAN_POINT('',(0.019600000000000003,0.0060999999999999995,0.026250000000000002));
#663=DIRECTION('',(0.,0.,-1.));
#664=VECTOR('',#663,1.);
#665=LINE('',#662,#664);
#666=EDGE_CURVE('',#575,#567,#665,.T.);
#667=ORIENTED_EDGE('',*,*,#666,.F.);
#668=CARTESIAN_POINT('',(0.019600000000000003,0.0060999999999999995,0.025750000000000002));
#669=DIRECTION('',(0.,-1.,0.));
#670=VECTOR('',#669,1.);
#671=LINE('',#668,#670);
#672=EDGE_CURVE('',#369,#575,#671,.T.);
#673=ORIENTED_EDGE('',*,*,#672,.F.);
#674=CARTESIAN_POINT('',(0.019600000000000003,0.0015,0.026250000000000002));
#675=DIRECTION('',(0.,0.,-1.));
#676=VECTOR('',#675,1.);
#677=LINE('',#674,#676);
#678=EDGE_CURVE('',#377,#369,#677,.T.);
#679=ORIENTED_EDGE('',*,*,#678,.F.);
#680=EDGE_LOOP('',(#661,#667,#673,#679));
#681=FACE_OUTER_BOUND('',#680,.T.);
#682=ADVANCED_FACE('',(#681),#655,.F.);
#683=CARTESIAN_POINT('',(0.,0.0060999999999999995,0.));
#684=DIRECTION('',(0.,-1.,0.));
#685=DIRECTION('',(0.,0.,-1.));
#686=AXIS2_PLACEMENT_3D('',#683,#684,#685);
#687=PLANE('',#686);
#688=CARTESIAN_POINT('',(0.019850000000000003,0.0060999999999999995,0.019750000000000007));
#689=DIRECTION('',(0.,0.,1.));
#690=VECTOR('',#689,1.);
#691=LINE('',#688,#690);
#692=EDGE_CURVE('',#144,#30,#691,.T.);
#693=ORIENTED_EDGE('',*,*,#692,.T.);
#694=CARTESIAN_POINT('',(0.019600000000000006,0.0060999999999999995,0.020500000000000008));
#695=DIRECTION('',(-1.,0.,0.));
#696=VECTOR('',#695,1.);
#697=LINE('',#694,#696);
#698=CARTESIAN_POINT('',(0.019600000000000006,0.0060999999999999995,0.020500000000000008));
#699=VERTEX_POINT('',#698);
#700=EDGE_CURVE('',#699,#30,#697,.T.);
#701=ORIENTED_EDGE('',*,*,#700,.F.);
#702=CARTESIAN_POINT('',(0.019600000000000006,0.0060999999999999995,0.020500000000000008));
#703=DIRECTION('',(0.,0.,-1.));
#704=VECTOR('',#703,1.);
#705=LINE('',#702,#704);
#706=CARTESIAN_POINT('',(0.019600000000000006,0.0060999999999999995,0.020000000000000007));
#707=VERTEX_POINT('',#706);
#708=EDGE_CURVE('',#707,#699,#705,.T.);
#709=ORIENTED_EDGE('',*,*,#708,.F.);
#710=CARTESIAN_POINT('',(0.019600000000000006,0.0060999999999999995,0.020000000000000007));
#711=DIRECTION('',(1.,0.,0.));
#712=VECTOR('',#711,1.);
#713=LINE('',#710,#712);
#714=EDGE_CURVE('',#144,#707,#713,.T.);
#715=ORIENTED_EDGE('',*,*,#714,.F.);
#716=EDGE_LOOP('',(#693,#701,#709,#715));
#717=FACE_OUTER_BOUND('',#716,.T.);
#718=ADVANCED_FACE('',(#717),#687,.T.);
#719=CARTESIAN_POINT('',(0.019600000000000006,0.0060999999999999995,0.020000000000000007));
#720=DIRECTION('',(0.,0.,-1.));
#721=DIRECTION('',(-1.,0.,0.));
#722=AXIS2_PLACEMENT_3D('',#719,#720,#721);
#723=PLANE('',#722);
#724=CARTESIAN_POINT('',(0.019600000000000006,0.0060999999999999995,0.020000000000000007));
#725=DIRECTION('',(1.,0.,0.));
#726=VECTOR('',#725,1.);
#727=LINE('',#724,#726);
#728=EDGE_CURVE('',#144,#707,#727,.T.);
#729=ORIENTED_EDGE('',*,*,#728,.F.);
#730=CARTESIAN_POINT('',(0.019850000000000003,0.006500000000000001,0.020000000000000007));
#731=DIRECTION('',(0.,-1.,0.));
#732=VECTOR('',#731,1.);
#733=LINE('',#730,#732);
#734=EDGE_CURVE('',#136,#144,#733,.T.);
#735=ORIENTED_EDGE('',*,*,#734,.F.);
#736=CARTESIAN_POINT('',(0.019600000000000006,0.0015,0.020000000000000007));
#737=DIRECTION('',(1.,0.,0.));
#738=VECTOR('',#737,1.);
#739=LINE('',#736,#738);
#740=EDGE_CURVE('',#313,#136,#739,.T.);
#741=ORIENTED_EDGE('',*,*,#740,.F.);
#742=CARTESIAN_POINT('',(0.019600000000000006,0.0060999999999999995,0.020000000000000007));
#743=DIRECTION('',(0.,-1.,0.));
#744=VECTOR('',#743,1.);
#745=LINE('',#742,#744);
#746=EDGE_CURVE('',#313,#707,#745,.T.);
#747=ORIENTED_EDGE('',*,*,#746,.T.);
#748=EDGE_LOOP('',(#729,#735,#741,#747));
#749=FACE_OUTER_BOUND('',#748,.T.);
#750=ADVANCED_FACE('',(#749),#723,.F.);
#751=CARTESIAN_POINT('',(0.019600000000000006,0.0060999999999999995,0.020500000000000008));
#752=DIRECTION('',(0.,0.,1.));
#753=DIRECTION('',(1.,0.,0.));
#754=AXIS2_PLACEMENT_3D('',#751,#752,#753);
#755=PLANE('',#754);
#756=CARTESIAN_POINT('',(0.019850000000000003,0.006500000000000001,0.020500000000000008));
#757=DIRECTION('',(0.,1.,0.));
#758=VECTOR('',#757,1.);
#759=LINE('',#756,#758);
#760=EDGE_CURVE('',#30,#32,#759,.T.);
#761=ORIENTED_EDGE('',*,*,#760,.F.);
#762=CARTESIAN_POINT('',(0.019600000000000006,0.0060999999999999995,0.020500000000000008));
#763=DIRECTION('',(-1.,0.,0.));
#764=VECTOR('',#763,1.);
#765=LINE('',#762,#764);
#766=EDGE_CURVE('',#699,#30,#765,.T.);
#767=ORIENTED_EDGE('',*,*,#766,.F.);
#768=CARTESIAN_POINT('',(0.019600000000000006,0.0060999999999999995,0.020500000000000008));
#769=DIRECTION('',(0.,-1.,0.));
#770=VECTOR('',#769,1.);
#771=LINE('',#768,#770);
#772=EDGE_CURVE('',#699,#321,#771,.T.);
#773=ORIENTED_EDGE('',*,*,#772,.T.);
#774=CARTESIAN_POINT('',(0.,0.0015,0.020500000000000008));
#775=DIRECTION('',(-1.,0.,0.));
#776=VECTOR('',#775,1.);
#777=LINE('',#774,#776);
#778=EDGE_CURVE('',#32,#321,#777,.T.);
#779=ORIENTED_EDGE('',*,*,#778,.F.);
#780=EDGE_LOOP('',(#761,#767,#773,#779));
#781=FACE_OUTER_BOUND('',#780,.T.);
#782=ADVANCED_FACE('',(#781),#755,.F.);
#783=CARTESIAN_POINT('',(0.019600000000000006,0.0060999999999999995,0.020500000000000008));
#784=DIRECTION('',(-1.,0.,0.));
#785=DIRECTION('',(0.,0.,1.));
#786=AXIS2_PLACEMENT_3D('',#783,#784,#785);
#787=PLANE('',#786);
#788=CARTESIAN_POINT('',(0.019600000000000006,0.0060999999999999995,0.020500000000000008));
#789=DIRECTION('',(0.,-1.,0.));
#790=VECTOR('',#789,1.);
#791=LINE('',#788,#790);
#792=EDGE_CURVE('',#699,#321,#791,.T.);
#793=ORIENTED_EDGE('',*,*,#792,.F.);
#794=CARTESIAN_POINT('',(0.019600000000000006,0.0060999999999999995,0.020500000000000008));
#795=DIRECTION('',(0.,0.,-1.));
#796=VECTOR('',#795,1.);
#797=LINE('',#794,#796);
#798=EDGE_CURVE('',#707,#699,#797,.T.);
#799=ORIENTED_EDGE('',*,*,#798,.F.);
#800=CARTESIAN_POINT('',(0.019600000000000006,0.0060999999999999995,0.020000000000000007));
#801=DIRECTION('',(0.,-1.,0.));
#802=VECTOR('',#801,1.);
#803=LINE('',#800,#802);
#804=EDGE_CURVE('',#313,#707,#803,.T.);
#805=ORIENTED_EDGE('',*,*,#804,.F.);
#806=CARTESIAN_POINT('',(0.019600000000000006,0.0015,0.020500000000000008));
#807=DIRECTION('',(0.,0.,-1.));
#808=VECTOR('',#807,1.);
#809=LINE('',#806,#808);
#810=EDGE_CURVE('',#321,#313,#809,.T.);
#811=ORIENTED_EDGE('',*,*,#810,.F.);
#812=EDGE_LOOP('',(#793,#799,#805,#811));
#813=FACE_OUTER_BOUND('',#812,.T.);
#814=ADVANCED_FACE('',(#813),#787,.F.);
#815=CARTESIAN_POINT('',(0.016350000000000003,0.00625,0.023250000000000003));
#816=DIRECTION('',(0.,1.,0.));
#817=DIRECTION('',(0.,0.,1.));
#818=AXIS2_PLACEMENT_3D('',#815,#816,#817);
#819=CYLINDRICAL_SURFACE('',#818,0.0015500000000000008);
#820=CARTESIAN_POINT('',(0.016350000000000003,0.00625,0.023250000000000003));
#821=DIRECTION('',(0.,1.,0.));
#822=DIRECTION('',(0.,0.,1.));
#823=AXIS2_PLACEMENT_3D('',#820,#821,#822);
#824=CIRCLE('',#823,0.0015500000000000008);
#825=CARTESIAN_POINT('',(0.016350000000000003,0.00625,0.024800000000000003));
#826=VERTEX_POINT('',#825);
#827=EDGE_CURVE('',#826,#826,#824,.T.);
#828=ORIENTED_EDGE('',*,*,#827,.F.);
#829=EDGE_LOOP('',(#828));
#830=FACE_OUTER_BOUND('',#829,.T.);
#831=CARTESIAN_POINT('',(0.016350000000000003,0.006500000000000001,0.023250000000000003));
#832=DIRECTION('',(0.,1.,0.));
#833=DIRECTION('',(0.,0.,1.));
#834=AXIS2_PLACEMENT_3D('',#831,#832,#833);
#835=CIRCLE('',#834,0.0015500000000000008);
#836=EDGE_CURVE('',#271,#271,#835,.T.);
#837=ORIENTED_EDGE('',*,*,#836,.T.);
#838=EDGE_LOOP('',(#837));
#839=FACE_BOUND('',#838,.T.);
#840=ADVANCED_FACE('',(#830,#839),#819,.F.);
#841=CARTESIAN_POINT('',(0.016350000000000003,0.00625,0.023250000000000003));
#842=DIRECTION('',(0.,1.,0.));
#843=DIRECTION('',(0.,0.,1.));
#844=AXIS2_PLACEMENT_3D('',#841,#842,#843);
#845=PLANE('',#844);
#846=CARTESIAN_POINT('',(0.014937285623780333,0.00625,0.02283442764488161));
#847=CARTESIAN_POINT('',(0.014901881727584323,0.00625,0.02295478115857008));
#848=CARTESIAN_POINT('',(0.014887346857425052,0.00625,0.023079389110453066));
#849=(BOUNDED_CURVE() B_SPLINE_CURVE(2,(#846,#847,#848),.UNSPECIFIED.,.F.,.F.) B_SPLINE_CURVE_WITH_KNOTS((3,3),(0.,1.),.UNSPECIFIED.) CURVE() GEOMETRIC_REPRESENTATION_ITEM() RATIONAL_B_SPLINE_CURVE((1.,0.9963907030628889,1.)) REPRESENTATION_ITEM(''));
#850=CARTESIAN_POINT('',(0.014937285623780333,0.00625,0.02283442764488161));
#851=VERTEX_POINT('',#850);
#852=CARTESIAN_POINT('',(0.014887346857425052,0.00625,0.023079389110453066));
#853=VERTEX_POINT('',#852);
#854=EDGE_CURVE('',#851,#853,#849,.T.);
#855=ORIENTED_EDGE('',*,*,#854,.T.);
#856=CARTESIAN_POINT('',(0.014887346857425052,0.00625,0.023079389110453066));
#857=DIRECTION('',(0.9798458622858008,0.,0.19975506542111918));
#858=VECTOR('',#857,1.);
#859=LINE('',#856,#858);
#860=CARTESIAN_POINT('',(0.01620254988403664,0.00625,0.023347511349608087));
#861=VERTEX_POINT('',#860);
#862=EDGE_CURVE('',#853,#861,#859,.T.);
#863=ORIENTED_EDGE('',*,*,#862,.T.);
#864=CARTESIAN_POINT('',(0.01620254988403664,0.00625,0.023347511349608087));
#865=DIRECTION('',(-0.19975506542112442,0.,0.9798458622857997));
#866=VECTOR('',#865,1.);
#867=LINE('',#864,#866);
#868=CARTESIAN_POINT('',(0.01593442764488161,0.00625,0.024662714376219672));
#869=VERTEX_POINT('',#868);
#870=EDGE_CURVE('',#861,#869,#867,.T.);
#871=ORIENTED_EDGE('',*,*,#870,.T.);
#872=CARTESIAN_POINT('',(0.01593442764488161,0.00625,0.024662714376219672));
#873=CARTESIAN_POINT('',(0.01605478115857008,0.00625,0.024698118272415682));
#874=CARTESIAN_POINT('',(0.016179389110453066,0.00625,0.024712653142574956));
#875=(BOUNDED_CURVE() B_SPLINE_CURVE(2,(#872,#873,#874),.UNSPECIFIED.,.F.,.F.) B_SPLINE_CURVE_WITH_KNOTS((3,3),(0.,1.),.UNSPECIFIED.) CURVE() GEOMETRIC_REPRESENTATION_ITEM() RATIONAL_B_SPLINE_CURVE((1.,0.9963907030628889,1.)) REPRESENTATION_ITEM(''));
#876=CARTESIAN_POINT('',(0.016179389110453066,0.00625,0.024712653142574956));
#877=VERTEX_POINT('',#876);
#878=EDGE_CURVE('',#869,#877,#875,.T.);
#879=ORIENTED_EDGE('',*,*,#878,.T.);
#880=CARTESIAN_POINT('',(0.016447511349608094,0.00625,0.023397450115963364));
#881=DIRECTION('',(0.19975506542112337,0.,-0.9798458622858));
#882=VECTOR('',#881,1.);
#883=LINE('',#880,#882);
#884=CARTESIAN_POINT('',(0.016447511349608094,0.00625,0.023397450115963364));
#885=VERTEX_POINT('',#884);
#886=EDGE_CURVE('',#877,#885,#883,.T.);
#887=ORIENTED_EDGE('',*,*,#886,.T.);
#888=CARTESIAN_POINT('',(0.016447511349608094,0.00625,0.023397450115963364));
#889=DIRECTION('',(0.9798458622858007,0.,0.19975506542111943));
#890=VECTOR('',#889,1.);
#891=LINE('',#888,#890);
#892=CARTESIAN_POINT('',(0.01776271437621968,0.00625,0.023665572355118385));
#893=VERTEX_POINT('',#892);
#894=EDGE_CURVE('',#885,#893,#891,.T.);
#895=ORIENTED_EDGE('',*,*,#894,.T.);
#896=CARTESIAN_POINT('',(0.01776271437621968,0.00625,0.023665572355118385));
#897=CARTESIAN_POINT('',(0.017798118272415685,0.00625,0.023545218841429915));
#898=CARTESIAN_POINT('',(0.017812653142574957,0.00625,0.023420610889546934));
#899=(BOUNDED_CURVE() B_SPLINE_CURVE(2,(#896,#897,#898),.UNSPECIFIED.,.F.,.F.) B_SPLINE_CURVE_WITH_KNOTS((3,3),(0.,1.),.UNSPECIFIED.) CURVE() GEOMETRIC_REPRESENTATION_ITEM() RATIONAL_B_SPLINE_CURVE((1.,0.996390703062889,1.)) REPRESENTATION_ITEM(''));
#900=CARTESIAN_POINT('',(0.017812653142574957,0.00625,0.023420610889546934));
#901=VERTEX_POINT('',#900);
#902=EDGE_CURVE('',#893,#901,#899,.T.);
#903=ORIENTED_EDGE('',*,*,#902,.T.);
#904=CARTESIAN_POINT('',(0.016497450115963375,0.00625,0.023152488650391913));
#905=DIRECTION('',(-0.9798458622858006,0.,-0.19975506542111995));
#906=VECTOR('',#905,1.);
#907=LINE('',#904,#906);
#908=CARTESIAN_POINT('',(0.016497450115963375,0.00625,0.023152488650391913));
#909=VERTEX_POINT('',#908);
#910=EDGE_CURVE('',#901,#909,#907,.T.);
#911=ORIENTED_EDGE('',*,*,#910,.T.);
#912=CARTESIAN_POINT('',(0.016765572355118403,0.00625,0.021837285623780334));
#913=DIRECTION('',(0.19975506542112542,0.,-0.9798458622857995));
#914=VECTOR('',#913,1.);
#915=LINE('',#912,#914);
#916=CARTESIAN_POINT('',(0.016765572355118403,0.00625,0.021837285623780334));
#917=VERTEX_POINT('',#916);
#918=EDGE_CURVE('',#909,#917,#915,.T.);
#919=ORIENTED_EDGE('',*,*,#918,.T.);
#920=CARTESIAN_POINT('',(0.016765572355118403,0.00625,0.021837285623780334));
#921=CARTESIAN_POINT('',(0.016645218841429932,0.00625,0.021801881727584325));
#922=CARTESIAN_POINT('',(0.016520610889546948,0.00625,0.02178734685742505));
#923=(BOUNDED_CURVE() B_SPLINE_CURVE(2,(#920,#921,#922),.UNSPECIFIED.,.F.,.F.) B_SPLINE_CURVE_WITH_KNOTS((3,3),(0.,1.),.UNSPECIFIED.) CURVE() GEOMETRIC_REPRESENTATION_ITEM() RATIONAL_B_SPLINE_CURVE((1.,0.9963907030628889,1.)) REPRESENTATION_ITEM(''));
#924=CARTESIAN_POINT('',(0.016520610889546948,0.00625,0.02178734685742505));
#925=VERTEX_POINT('',#924);
#926=EDGE_CURVE('',#917,#925,#923,.T.);
#927=ORIENTED_EDGE('',*,*,#926,.T.);
#928=CARTESIAN_POINT('',(0.016520610889546948,0.00625,0.02178734685742505));
#929=DIRECTION('',(-0.1997550654211249,0.,0.9798458622857996));
#930=VECTOR('',#929,1.);
#931=LINE('',#928,#930);
#932=CARTESIAN_POINT('',(0.01625248865039192,0.00625,0.023102549884036632));
#933=VERTEX_POINT('',#932);
#934=EDGE_CURVE('',#925,#933,#931,.T.);
#935=ORIENTED_EDGE('',*,*,#934,.T.);
#936=CARTESIAN_POINT('',(0.014937285623780331,0.00625,0.02283442764488161));
#937=DIRECTION('',(-0.9798458622858008,0.,-0.19975506542111893));
#938=VECTOR('',#937,1.);
#939=LINE('',#936,#938);
#940=EDGE_CURVE('',#933,#851,#939,.T.);
#941=ORIENTED_EDGE('',*,*,#940,.T.);
#942=EDGE_LOOP('',(#855,#863,#871,#879,#887,#895,#903,#911,#919,#927,#935,#941));
#943=FACE_OUTER_BOUND('',#942,.T.);
#944=CARTESIAN_POINT('',(0.016350000000000003,0.00625,0.023250000000000003));
#945=DIRECTION('',(0.,1.,0.));
#946=DIRECTION('',(0.,0.,1.));
#947=AXIS2_PLACEMENT_3D('',#944,#945,#946);
#948=CIRCLE('',#947,0.0015500000000000008);
#949=EDGE_CURVE('',#826,#826,#948,.T.);
#950=ORIENTED_EDGE('',*,*,#949,.T.);
#951=EDGE_LOOP('',(#950));
#952=FACE_BOUND('',#951,.T.);
#953=ADVANCED_FACE('',(#943,#952),#845,.T.);
#954=CARTESIAN_POINT('',(0.014937285623780331,0.006050000000000001,0.02283442764488161));
#955=DIRECTION('',(0.19975506542111893,0.,-0.9798458622858008));
#956=DIRECTION('',(-0.979845862285801,0.,-0.19975506542111895));
#957=AXIS2_PLACEMENT_3D('',#954,#955,#956);
#958=PLANE('',#957);
#959=CARTESIAN_POINT('',(0.01625248865039192,0.006050000000000001,0.023102549884036632));
#960=DIRECTION('',(0.,1.,0.));
#961=VECTOR('',#960,1.);
#962=LINE('',#959,#961);
#963=CARTESIAN_POINT('',(0.01625248865039192,0.006050000000000001,0.023102549884036632));
#964=VERTEX_POINT('',#963);
#965=EDGE_CURVE('',#933,#964,#962,.T.);
#966=ORIENTED_EDGE('',*,*,#965,.T.);
#967=CARTESIAN_POINT('',(0.014937285623780331,0.006050000000000001,0.02283442764488161));
#968=DIRECTION('',(-0.9798458622858008,0.,-0.19975506542111893));
#969=VECTOR('',#968,1.);
#970=LINE('',#967,#969);
#971=CARTESIAN_POINT('',(0.014937285623780333,0.006050000000000001,0.02283442764488161));
#972=VERTEX_POINT('',#971);
#973=EDGE_CURVE('',#964,#972,#970,.T.);
#974=ORIENTED_EDGE('',*,*,#973,.T.);
#975=CARTESIAN_POINT('',(0.014937285623780333,0.006050000000000001,0.02283442764488161));
#976=DIRECTION('',(0.,1.,0.));
#977=VECTOR('',#976,1.);
#978=LINE('',#975,#977);
#979=EDGE_CURVE('',#972,#851,#978,.T.);
#980=ORIENTED_EDGE('',*,*,#979,.T.);
#981=CARTESIAN_POINT('',(0.014937285623780331,0.00625,0.02283442764488161));
#982=DIRECTION('',(-0.9798458622858008,0.,-0.19975506542111893));
#983=VECTOR('',#982,1.);
#984=LINE('',#981,#983);
#985=EDGE_CURVE('',#933,#851,#984,.T.);
#986=ORIENTED_EDGE('',*,*,#985,.F.);
#987=EDGE_LOOP('',(#966,#974,#980,#986));
#988=FACE_OUTER_BOUND('',#987,.T.);
#989=ADVANCED_FACE('',(#988),#958,.F.);
#990=CARTESIAN_POINT('',(0.016520610889546948,0.006050000000000001,0.02178734685742505));
#991=DIRECTION('',(-0.9798458622857996,0.,-0.1997550654211249));
#992=DIRECTION('',(-0.1997550654211249,0.,0.9798458622857996));
#993=AXIS2_PLACEMENT_3D('',#990,#991,#992);
#994=PLANE('',#993);
#995=CARTESIAN_POINT('',(0.016520610889546948,0.006050000000000001,0.02178734685742505));
#996=DIRECTION('',(0.,1.,0.));
#997=VECTOR('',#996,1.);
#998=LINE('',#995,#997);
#999=CARTESIAN_POINT('',(0.016520610889546948,0.006050000000000001,0.02178734685742505));
#1000=VERTEX_POINT('',#999);
#1001=EDGE_CURVE('',#925,#1000,#998,.T.);
#1002=ORIENTED_EDGE('',*,*,#1001,.T.);
#1003=CARTESIAN_POINT('',(0.016520610889546948,0.006050000000000001,0.02178734685742505));
#1004=DIRECTION('',(-0.1997550654211249,0.,0.9798458622857996));
#1005=VECTOR('',#1004,1.);
#1006=LINE('',#1003,#1005);
#1007=EDGE_CURVE('',#1000,#964,#1006,.T.);
#1008=ORIENTED_EDGE('',*,*,#1007,.T.);
#1009=CARTESIAN_POINT('',(0.01625248865039192,0.006050000000000001,0.023102549884036632));
#1010=DIRECTION('',(0.,1.,0.));
#1011=VECTOR('',#1010,1.);
#1012=LINE('',#1009,#1011);
#1013=EDGE_CURVE('',#933,#964,#1012,.T.);
#1014=ORIENTED_EDGE('',*,*,#1013,.F.);
#1015=CARTESIAN_POINT('',(0.016520610889546948,0.00625,0.02178734685742505));
#1016=DIRECTION('',(-0.1997550654211249,0.,0.9798458622857996));
#1017=VECTOR('',#1016,1.);
#1018=LINE('',#1015,#1017);
#1019=EDGE_CURVE('',#925,#933,#1018,.T.);
#1020=ORIENTED_EDGE('',*,*,#1019,.F.);
#1021=EDGE_LOOP('',(#1002,#1008,#1014,#1020));
#1022=FACE_OUTER_BOUND('',#1021,.T.);
#1023=ADVANCED_FACE('',(#1022),#994,.F.);
#1024=CARTESIAN_POINT('',(0.016350000000000003,0.006050000000000001,0.023250000000000003));
#1025=DIRECTION('',(0.,1.,0.));
#1026=DIRECTION('',(0.,0.,1.));
#1027=AXIS2_PLACEMENT_3D('',#1024,#1025,#1026);
#1028=CYLINDRICAL_SURFACE('',#1027,0.0014725699613656338);
#1029=CARTESIAN_POINT('',(0.016765572355118403,0.006050000000000001,0.021837285623780334));
#1030=DIRECTION('',(0.,1.,0.));
#1031=VECTOR('',#1030,1.);
#1032=LINE('',#1029,#1031);
#1033=CARTESIAN_POINT('',(0.016765572355118403,0.006050000000000001,0.021837285623780334));
#1034=VERTEX_POINT('',#1033);
#1035=EDGE_CURVE('',#917,#1034,#1032,.T.);
#1036=ORIENTED_EDGE('',*,*,#1035,.T.);
#1037=CARTESIAN_POINT('',(0.016765572355118403,0.006050000000000001,0.021837285623780334));
#1038=CARTESIAN_POINT('',(0.016645218841429932,0.006050000000000001,0.021801881727584325));
#1039=CARTESIAN_POINT('',(0.016520610889546948,0.006050000000000001,0.02178734685742505));
#1040=(BOUNDED_CURVE() B_SPLINE_CURVE(2,(#1037,#1038,#1039),.UNSPECIFIED.,.F.,.F.) B_SPLINE_CURVE_WITH_KNOTS((3,3),(0.,1.),.UNSPECIFIED.) CURVE() GEOMETRIC_REPRESENTATION_ITEM() RATIONAL_B_SPLINE_CURVE((1.,0.9963907030628889,1.)) REPRESENTATION_ITEM(''));
#1041=EDGE_CURVE('',#1034,#1000,#1040,.T.);
#1042=ORIENTED_EDGE('',*,*,#1041,.T.);
#1043=CARTESIAN_POINT('',(0.016520610889546948,0.006050000000000001,0.02178734685742505));
#1044=DIRECTION('',(0.,1.,0.));
#1045=VECTOR('',#1044,1.);
#1046=LINE('',#1043,#1045);
#1047=EDGE_CURVE('',#925,#1000,#1046,.T.);
#1048=ORIENTED_EDGE('',*,*,#1047,.F.);
#1049=CARTESIAN_POINT('',(0.016765572355118403,0.00625,0.021837285623780334));
#1050=CARTESIAN_POINT('',(0.016645218841429932,0.00625,0.021801881727584325));
#1051=CARTESIAN_POINT('',(0.016520610889546948,0.00625,0.02178734685742505));
#1052=(BOUNDED_CURVE() B_SPLINE_CURVE(2,(#1049,#1050,#1051),.UNSPECIFIED.,.F.,.F.) B_SPLINE_CURVE_WITH_KNOTS((3,3),(0.,1.),.UNSPECIFIED.) CURVE() GEOMETRIC_REPRESENTATION_ITEM() RATIONAL_B_SPLINE_CURVE((1.,0.9963907030628889,1.)) REPRESENTATION_ITEM(''));
#1053=EDGE_CURVE('',#917,#925,#1052,.T.);
#1054=ORIENTED_EDGE('',*,*,#1053,.F.);
#1055=EDGE_LOOP('',(#1036,#1042,#1048,#1054));
#1056=FACE_OUTER_BOUND('',#1055,.T.);
#1057=ADVANCED_FACE('',(#1056),#1028,.F.);
#1058=CARTESIAN_POINT('',(0.016765572355118403,0.006050000000000001,0.021837285623780334));
#1059=DIRECTION('',(0.9798458622857995,0.,0.1997550654211254));
#1060=DIRECTION('',(0.1997550654211254,0.,-0.9798458622857995));
#1061=AXIS2_PLACEMENT_3D('',#1058,#1059,#1060);
#1062=PLANE('',#1061);
#1063=CARTESIAN_POINT('',(0.016497450115963375,0.006050000000000001,0.023152488650391913));
#1064=DIRECTION('',(0.,1.,0.));
#1065=VECTOR('',#1064,1.);
#1066=LINE('',#1063,#1065);
#1067=CARTESIAN_POINT('',(0.016497450115963375,0.006050000000000001,0.023152488650391913));
#1068=VERTEX_POINT('',#1067);
#1069=EDGE_CURVE('',#909,#1068,#1066,.T.);
#1070=ORIENTED_EDGE('',*,*,#1069,.T.);
#1071=CARTESIAN_POINT('',(0.016765572355118403,0.006050000000000001,0.021837285623780334));
#1072=DIRECTION('',(0.19975506542112542,0.,-0.9798458622857995));
#1073=VECTOR('',#1072,1.);
#1074=LINE('',#1071,#1073);
#1075=EDGE_CURVE('',#1068,#1034,#1074,.T.);
#1076=ORIENTED_EDGE('',*,*,#1075,.T.);
#1077=CARTESIAN_POINT('',(0.016765572355118403,0.006050000000000001,0.021837285623780334));
#1078=DIRECTION('',(0.,1.,0.));
#1079=VECTOR('',#1078,1.);
#1080=LINE('',#1077,#1079);
#1081=EDGE_CURVE('',#917,#1034,#1080,.T.);
#1082=ORIENTED_EDGE('',*,*,#1081,.F.);
#1083=CARTESIAN_POINT('',(0.016765572355118403,0.00625,0.021837285623780334));
#1084=DIRECTION('',(0.19975506542112542,0.,-0.9798458622857995));
#1085=VECTOR('',#1084,1.);
#1086=LINE('',#1083,#1085);
#1087=EDGE_CURVE('',#909,#917,#1086,.T.);
#1088=ORIENTED_EDGE('',*,*,#1087,.F.);
#1089=EDGE_LOOP('',(#1070,#1076,#1082,#1088));
#1090=FACE_OUTER_BOUND('',#1089,.T.);
#1091=ADVANCED_FACE('',(#1090),#1062,.F.);
#1092=CARTESIAN_POINT('',(0.016497450115963375,0.006050000000000001,0.023152488650391913));
#1093=DIRECTION('',(0.19975506542111998,0.,-0.9798458622858006));
#1094=DIRECTION('',(-0.9798458622858007,0.,-0.19975506542112));
#1095=AXIS2_PLACEMENT_3D('',#1092,#1093,#1094);
#1096=PLANE('',#1095);
#1097=CARTESIAN_POINT('',(0.017812653142574957,0.006050000000000001,0.023420610889546934));
#1098=DIRECTION('',(0.,1.,0.));
#1099=VECTOR('',#1098,1.);
#1100=LINE('',#1097,#1099);
#1101=CARTESIAN_POINT('',(0.017812653142574957,0.006050000000000001,0.023420610889546934));
#1102=VERTEX_POINT('',#1101);
#1103=EDGE_CURVE('',#901,#1102,#1100,.T.);
#1104=ORIENTED_EDGE('',*,*,#1103,.T.);
#1105=CARTESIAN_POINT('',(0.016497450115963375,0.006050000000000001,0.023152488650391913));
#1106=DIRECTION('',(-0.9798458622858006,0.,-0.19975506542111995));
#1107=VECTOR('',#1106,1.);
#1108=LINE('',#1105,#1107);
#1109=EDGE_CURVE('',#1102,#1068,#1108,.T.);
#1110=ORIENTED_EDGE('',*,*,#1109,.T.);
#1111=CARTESIAN_POINT('',(0.016497450115963375,0.006050000000000001,0.023152488650391913));
#1112=DIRECTION('',(0.,1.,0.));
#1113=VECTOR('',#1112,1.);
#1114=LINE('',#1111,#1113);
#1115=EDGE_CURVE('',#909,#1068,#1114,.T.);
#1116=ORIENTED_EDGE('',*,*,#1115,.F.);
#1117=CARTESIAN_POINT('',(0.016497450115963375,0.00625,0.023152488650391913));
#1118=DIRECTION('',(-0.9798458622858006,0.,-0.19975506542111995));
#1119=VECTOR('',#1118,1.);
#1120=LINE('',#1117,#1119);
#1121=EDGE_CURVE('',#901,#909,#1120,.T.);
#1122=ORIENTED_EDGE('',*,*,#1121,.F.);
#1123=EDGE_LOOP('',(#1104,#1110,#1116,#1122));
#1124=FACE_OUTER_BOUND('',#1123,.T.);
#1125=ADVANCED_FACE('',(#1124),#1096,.F.);
#1126=CARTESIAN_POINT('',(0.016350000000000003,0.006050000000000001,0.023250000000000003));
#1127=DIRECTION('',(0.,1.,0.));
#1128=DIRECTION('',(0.,0.,1.));
#1129=AXIS2_PLACEMENT_3D('',#1126,#1127,#1128);
#1130=CYLINDRICAL_SURFACE('',#1129,0.0014725699613656338);
#1131=CARTESIAN_POINT('',(0.01776271437621968,0.006050000000000001,0.023665572355118385));
#1132=DIRECTION('',(0.,1.,0.));
#1133=VECTOR('',#1132,1.);
#1134=LINE('',#1131,#1133);
#1135=CARTESIAN_POINT('',(0.01776271437621968,0.006050000000000001,0.023665572355118385));
#1136=VERTEX_POINT('',#1135);
#1137=EDGE_CURVE('',#893,#1136,#1134,.T.);
#1138=ORIENTED_EDGE('',*,*,#1137,.T.);
#1139=CARTESIAN_POINT('',(0.01776271437621968,0.006050000000000001,0.023665572355118385));
#1140=CARTESIAN_POINT('',(0.017798118272415685,0.006050000000000001,0.023545218841429915));
#1141=CARTESIAN_POINT('',(0.017812653142574957,0.006050000000000001,0.023420610889546934));
#1142=(BOUNDED_CURVE() B_SPLINE_CURVE(2,(#1139,#1140,#1141),.UNSPECIFIED.,.F.,.F.) B_SPLINE_CURVE_WITH_KNOTS((3,3),(0.,1.),.UNSPECIFIED.) CURVE() GEOMETRIC_REPRESENTATION_ITEM() RATIONAL_B_SPLINE_CURVE((1.,0.996390703062889,1.)) REPRESENTATION_ITEM(''));
#1143=EDGE_CURVE('',#1136,#1102,#1142,.T.);
#1144=ORIENTED_EDGE('',*,*,#1143,.T.);
#1145=CARTESIAN_POINT('',(0.017812653142574957,0.006050000000000001,0.023420610889546934));
#1146=DIRECTION('',(0.,1.,0.));
#1147=VECTOR('',#1146,1.);
#1148=LINE('',#1145,#1147);
#1149=EDGE_CURVE('',#901,#1102,#1148,.T.);
#1150=ORIENTED_EDGE('',*,*,#1149,.F.);
#1151=CARTESIAN_POINT('',(0.01776271437621968,0.00625,0.023665572355118385));
#1152=CARTESIAN_POINT('',(0.017798118272415685,0.00625,0.023545218841429915));
#1153=CARTESIAN_POINT('',(0.017812653142574957,0.00625,0.023420610889546934));
#1154=(BOUNDED_CURVE() B_SPLINE_CURVE(2,(#1151,#1152,#1153),.UNSPECIFIED.,.F.,.F.) B_SPLINE_CURVE_WITH_KNOTS((3,3),(0.,1.),.UNSPECIFIED.) CURVE() GEOMETRIC_REPRESENTATION_ITEM() RATIONAL_B_SPLINE_CURVE((1.,0.996390703062889,1.)) REPRESENTATION_ITEM(''));
#1155=EDGE_CURVE('',#893,#901,#1154,.T.);
#1156=ORIENTED_EDGE('',*,*,#1155,.F.);
#1157=EDGE_LOOP('',(#1138,#1144,#1150,#1156));
#1158=FACE_OUTER_BOUND('',#1157,.T.);
#1159=ADVANCED_FACE('',(#1158),#1130,.F.);
#1160=CARTESIAN_POINT('',(0.016447511349608094,0.006050000000000001,0.023397450115963364));
#1161=DIRECTION('',(-0.19975506542111943,0.,0.9798458622858007));
#1162=DIRECTION('',(0.9798458622858007,0.,0.19975506542111943));
#1163=AXIS2_PLACEMENT_3D('',#1160,#1161,#1162);
#1164=PLANE('',#1163);
#1165=CARTESIAN_POINT('',(0.016447511349608094,0.006050000000000001,0.023397450115963364));
#1166=DIRECTION('',(0.,1.,0.));
#1167=VECTOR('',#1166,1.);
#1168=LINE('',#1165,#1167);
#1169=CARTESIAN_POINT('',(0.016447511349608094,0.006050000000000001,0.023397450115963364));
#1170=VERTEX_POINT('',#1169);
#1171=EDGE_CURVE('',#885,#1170,#1168,.T.);
#1172=ORIENTED_EDGE('',*,*,#1171,.T.);
#1173=CARTESIAN_POINT('',(0.016447511349608094,0.006050000000000001,0.023397450115963364));
#1174=DIRECTION('',(0.9798458622858007,0.,0.19975506542111943));
#1175=VECTOR('',#1174,1.);
#1176=LINE('',#1173,#1175);
#1177=EDGE_CURVE('',#1170,#1136,#1176,.T.);
#1178=ORIENTED_EDGE('',*,*,#1177,.T.);
#1179=CARTESIAN_POINT('',(0.01776271437621968,0.006050000000000001,0.023665572355118385));
#1180=DIRECTION('',(0.,1.,0.));
#1181=VECTOR('',#1180,1.);
#1182=LINE('',#1179,#1181);
#1183=EDGE_CURVE('',#893,#1136,#1182,.T.);
#1184=ORIENTED_EDGE('',*,*,#1183,.F.);
#1185=CARTESIAN_POINT('',(0.016447511349608094,0.00625,0.023397450115963364));
#1186=DIRECTION('',(0.9798458622858007,0.,0.19975506542111943));
#1187=VECTOR('',#1186,1.);
#1188=LINE('',#1185,#1187);
#1189=EDGE_CURVE('',#885,#893,#1188,.T.);
#1190=ORIENTED_EDGE('',*,*,#1189,.F.);
#1191=EDGE_LOOP('',(#1172,#1178,#1184,#1190));
#1192=FACE_OUTER_BOUND('',#1191,.T.);
#1193=ADVANCED_FACE('',(#1192),#1164,.F.);
#1194=CARTESIAN_POINT('',(0.016447511349608094,0.006050000000000001,0.023397450115963364));
#1195=DIRECTION('',(0.9798458622858,0.,0.19975506542112337));
#1196=DIRECTION('',(0.19975506542112334,0.,-0.9798458622857998));
#1197=AXIS2_PLACEMENT_3D('',#1194,#1195,#1196);
#1198=PLANE('',#1197);
#1199=CARTESIAN_POINT('',(0.016179389110453066,0.006050000000000001,0.024712653142574956));
#1200=DIRECTION('',(0.,1.,0.));
#1201=VECTOR('',#1200,1.);
#1202=LINE('',#1199,#1201);
#1203=CARTESIAN_POINT('',(0.016179389110453066,0.006050000000000001,0.024712653142574956));
#1204=VERTEX_POINT('',#1203);
#1205=EDGE_CURVE('',#877,#1204,#1202,.T.);
#1206=ORIENTED_EDGE('',*,*,#1205,.T.);
#1207=CARTESIAN_POINT('',(0.016447511349608094,0.006050000000000001,0.023397450115963364));
#1208=DIRECTION('',(0.19975506542112337,0.,-0.9798458622858));
#1209=VECTOR('',#1208,1.);
#1210=LINE('',#1207,#1209);
#1211=EDGE_CURVE('',#1204,#1170,#1210,.T.);
#1212=ORIENTED_EDGE('',*,*,#1211,.T.);
#1213=CARTESIAN_POINT('',(0.016447511349608094,0.006050000000000001,0.023397450115963364));
#1214=DIRECTION('',(0.,1.,0.));
#1215=VECTOR('',#1214,1.);
#1216=LINE('',#1213,#1215);
#1217=EDGE_CURVE('',#885,#1170,#1216,.T.);
#1218=ORIENTED_EDGE('',*,*,#1217,.F.);
#1219=CARTESIAN_POINT('',(0.016447511349608094,0.00625,0.023397450115963364));
#1220=DIRECTION('',(0.19975506542112337,0.,-0.9798458622858));
#1221=VECTOR('',#1220,1.);
#1222=LINE('',#1219,#1221);
#1223=EDGE_CURVE('',#877,#885,#1222,.T.);
#1224=ORIENTED_EDGE('',*,*,#1223,.F.);
#1225=EDGE_LOOP('',(#1206,#1212,#1218,#1224));
#1226=FACE_OUTER_BOUND('',#1225,.T.);
#1227=ADVANCED_FACE('',(#1226),#1198,.F.);
#1228=CARTESIAN_POINT('',(0.016350000000000003,0.006050000000000001,0.023250000000000003));
#1229=DIRECTION('',(0.,1.,0.));
#1230=DIRECTION('',(0.,0.,1.));
#1231=AXIS2_PLACEMENT_3D('',#1228,#1229,#1230);
#1232=CYLINDRICAL_SURFACE('',#1231,0.0014725699613656322);
#1233=CARTESIAN_POINT('',(0.01593442764488161,0.006050000000000001,0.024662714376219672));
#1234=DIRECTION('',(0.,1.,0.));
#1235=VECTOR('',#1234,1.);
#1236=LINE('',#1233,#1235);
#1237=CARTESIAN_POINT('',(0.01593442764488161,0.006050000000000001,0.024662714376219672));
#1238=VERTEX_POINT('',#1237);
#1239=EDGE_CURVE('',#869,#1238,#1236,.T.);
#1240=ORIENTED_EDGE('',*,*,#1239,.T.);
#1241=CARTESIAN_POINT('',(0.01593442764488161,0.006050000000000001,0.024662714376219672));
#1242=CARTESIAN_POINT('',(0.01605478115857008,0.006050000000000001,0.024698118272415682));
#1243=CARTESIAN_POINT('',(0.016179389110453066,0.006050000000000001,0.024712653142574956));
#1244=(BOUNDED_CURVE() B_SPLINE_CURVE(2,(#1241,#1242,#1243),.UNSPECIFIED.,.F.,.F.) B_SPLINE_CURVE_WITH_KNOTS((3,3),(0.,1.),.UNSPECIFIED.) CURVE() GEOMETRIC_REPRESENTATION_ITEM() RATIONAL_B_SPLINE_CURVE((1.,0.9963907030628889,1.)) REPRESENTATION_ITEM(''));
#1245=EDGE_CURVE('',#1238,#1204,#1244,.T.);
#1246=ORIENTED_EDGE('',*,*,#1245,.T.);
#1247=CARTESIAN_POINT('',(0.016179389110453066,0.006050000000000001,0.024712653142574956));
#1248=DIRECTION('',(0.,1.,0.));
#1249=VECTOR('',#1248,1.);
#1250=LINE('',#1247,#1249);
#1251=EDGE_CURVE('',#877,#1204,#1250,.T.);
#1252=ORIENTED_EDGE('',*,*,#1251,.F.);
#1253=CARTESIAN_POINT('',(0.01593442764488161,0.00625,0.024662714376219672));
#1254=CARTESIAN_POINT('',(0.01605478115857008,0.00625,0.024698118272415682));
#1255=CARTESIAN_POINT('',(0.016179389110453066,0.00625,0.024712653142574956));
#1256=(BOUNDED_CURVE() B_SPLINE_CURVE(2,(#1253,#1254,#1255),.UNSPECIFIED.,.F.,.F.) B_SPLINE_CURVE_WITH_KNOTS((3,3),(0.,1.),.UNSPECIFIED.) CURVE() GEOMETRIC_REPRESENTATION_ITEM() RATIONAL_B_SPLINE_CURVE((1.,0.9963907030628889,1.)) REPRESENTATION_ITEM(''));
#1257=EDGE_CURVE('',#869,#877,#1256,.T.);
#1258=ORIENTED_EDGE('',*,*,#1257,.F.);
#1259=EDGE_LOOP('',(#1240,#1246,#1252,#1258));
#1260=FACE_OUTER_BOUND('',#1259,.T.);
#1261=ADVANCED_FACE('',(#1260),#1232,.F.);
#1262=CARTESIAN_POINT('',(0.01620254988403664,0.006050000000000001,0.023347511349608087));
#1263=DIRECTION('',(-0.9798458622857997,0.,-0.19975506542112445));
#1264=DIRECTION('',(-0.19975506542112442,0.,0.9798458622857996));
#1265=AXIS2_PLACEMENT_3D('',#1262,#1263,#1264);
#1266=PLANE('',#1265);
#1267=CARTESIAN_POINT('',(0.01620254988403664,0.006050000000000001,0.023347511349608087));
#1268=DIRECTION('',(0.,1.,0.));
#1269=VECTOR('',#1268,1.);
#1270=LINE('',#1267,#1269);
#1271=CARTESIAN_POINT('',(0.01620254988403664,0.006050000000000001,0.023347511349608087));
#1272=VERTEX_POINT('',#1271);
#1273=EDGE_CURVE('',#861,#1272,#1270,.T.);
#1274=ORIENTED_EDGE('',*,*,#1273,.T.);
#1275=CARTESIAN_POINT('',(0.01620254988403664,0.006050000000000001,0.023347511349608087));
#1276=DIRECTION('',(-0.19975506542112442,0.,0.9798458622857997));
#1277=VECTOR('',#1276,1.);
#1278=LINE('',#1275,#1277);
#1279=EDGE_CURVE('',#1272,#1238,#1278,.T.);
#1280=ORIENTED_EDGE('',*,*,#1279,.T.);
#1281=CARTESIAN_POINT('',(0.01593442764488161,0.006050000000000001,0.024662714376219672));
#1282=DIRECTION('',(0.,1.,0.));
#1283=VECTOR('',#1282,1.);
#1284=LINE('',#1281,#1283);
#1285=EDGE_CURVE('',#869,#1238,#1284,.T.);
#1286=ORIENTED_EDGE('',*,*,#1285,.F.);
#1287=CARTESIAN_POINT('',(0.01620254988403664,0.00625,0.023347511349608087));
#1288=DIRECTION('',(-0.19975506542112442,0.,0.9798458622857997));
#1289=VECTOR('',#1288,1.);
#1290=LINE('',#1287,#1289);
#1291=EDGE_CURVE('',#861,#869,#1290,.T.);
#1292=ORIENTED_EDGE('',*,*,#1291,.F.);
#1293=EDGE_LOOP('',(#1274,#1280,#1286,#1292));
#1294=FACE_OUTER_BOUND('',#1293,.T.);
#1295=ADVANCED_FACE('',(#1294),#1266,.F.);
#1296=CARTESIAN_POINT('',(0.014887346857425052,0.006050000000000001,0.023079389110453066));
#1297=DIRECTION('',(-0.19975506542111918,0.,0.9798458622858007));
#1298=DIRECTION('',(0.9798458622858007,0.,0.19975506542111918));
#1299=AXIS2_PLACEMENT_3D('',#1296,#1297,#1298);
#1300=PLANE('',#1299);
#1301=CARTESIAN_POINT('',(0.014887346857425052,0.006050000000000001,0.023079389110453066));
#1302=DIRECTION('',(0.,1.,0.));
#1303=VECTOR('',#1302,1.);
#1304=LINE('',#1301,#1303);
#1305=CARTESIAN_POINT('',(0.014887346857425052,0.006050000000000001,0.023079389110453066));
#1306=VERTEX_POINT('',#1305);
#1307=EDGE_CURVE('',#853,#1306,#1304,.T.);
#1308=ORIENTED_EDGE('',*,*,#1307,.T.);
#1309=CARTESIAN_POINT('',(0.014887346857425052,0.006050000000000001,0.023079389110453066));
#1310=DIRECTION('',(0.9798458622858008,0.,0.19975506542111918));
#1311=VECTOR('',#1310,1.);
#1312=LINE('',#1309,#1311);
#1313=EDGE_CURVE('',#1306,#1272,#1312,.T.);
#1314=ORIENTED_EDGE('',*,*,#1313,.T.);
#1315=CARTESIAN_POINT('',(0.01620254988403664,0.006050000000000001,0.023347511349608087));
#1316=DIRECTION('',(0.,1.,0.));
#1317=VECTOR('',#1316,1.);
#1318=LINE('',#1315,#1317);
#1319=EDGE_CURVE('',#861,#1272,#1318,.T.);
#1320=ORIENTED_EDGE('',*,*,#1319,.F.);
#1321=CARTESIAN_POINT('',(0.014887346857425052,0.00625,0.023079389110453066));
#1322=DIRECTION('',(0.9798458622858008,0.,0.19975506542111918));
#1323=VECTOR('',#1322,1.);
#1324=LINE('',#1321,#1323);
#1325=EDGE_CURVE('',#853,#861,#1324,.T.);
#1326=ORIENTED_EDGE('',*,*,#1325,.F.);
#1327=EDGE_LOOP('',(#1308,#1314,#1320,#1326));
#1328=FACE_OUTER_BOUND('',#1327,.T.);
#1329=ADVANCED_FACE('',(#1328),#1300,.F.);
#1330=CARTESIAN_POINT('',(0.016350000000000003,0.006050000000000001,0.023250000000000003));
#1331=DIRECTION('',(0.,1.,0.));
#1332=DIRECTION('',(0.,0.,1.));
#1333=AXIS2_PLACEMENT_3D('',#1330,#1331,#1332);
#1334=CYLINDRICAL_SURFACE('',#1333,0.001472569961365633);
#1335=CARTESIAN_POINT('',(0.014937285623780333,0.006050000000000001,0.02283442764488161));
#1336=DIRECTION('',(0.,1.,0.));
#1337=VECTOR('',#1336,1.);
#1338=LINE('',#1335,#1337);
#1339=EDGE_CURVE('',#972,#851,#1338,.T.);
#1340=ORIENTED_EDGE('',*,*,#1339,.F.);
#1341=CARTESIAN_POINT('',(0.014937285623780333,0.006050000000000001,0.02283442764488161));
#1342=CARTESIAN_POINT('',(0.014901881727584323,0.006050000000000001,0.02295478115857008));
#1343=CARTESIAN_POINT('',(0.014887346857425052,0.006050000000000001,0.023079389110453066));
#1344=(BOUNDED_CURVE() B_SPLINE_CURVE(2,(#1341,#1342,#1343),.UNSPECIFIED.,.F.,.F.) B_SPLINE_CURVE_WITH_KNOTS((3,3),(0.,1.),.UNSPECIFIED.) CURVE() GEOMETRIC_REPRESENTATION_ITEM() RATIONAL_B_SPLINE_CURVE((1.,0.9963907030628889,1.)) REPRESENTATION_ITEM(''));
#1345=EDGE_CURVE('',#972,#1306,#1344,.T.);
#1346=ORIENTED_EDGE('',*,*,#1345,.T.);
#1347=CARTESIAN_POINT('',(0.014887346857425052,0.006050000000000001,0.023079389110453066));
#1348=DIRECTION('',(0.,1.,0.));
#1349=VECTOR('',#1348,1.);
#1350=LINE('',#1347,#1349);
#1351=EDGE_CURVE('',#853,#1306,#1350,.T.);
#1352=ORIENTED_EDGE('',*,*,#1351,.F.);
#1353=CARTESIAN_POINT('',(0.014937285623780333,0.00625,0.02283442764488161));
#1354=CARTESIAN_POINT('',(0.014901881727584323,0.00625,0.02295478115857008));
#1355=CARTESIAN_POINT('',(0.014887346857425052,0.00625,0.023079389110453066));
#1356=(BOUNDED_CURVE() B_SPLINE_CURVE(2,(#1353,#1354,#1355),.UNSPECIFIED.,.F.,.F.) B_SPLINE_CURVE_WITH_KNOTS((3,3),(0.,1.),.UNSPECIFIED.) CURVE() GEOMETRIC_REPRESENTATION_ITEM() RATIONAL_B_SPLINE_CURVE((1.,0.9963907030628889,1.)) REPRESENTATION_ITEM(''));
#1357=EDGE_CURVE('',#851,#853,#1356,.T.);
#1358=ORIENTED_EDGE('',*,*,#1357,.F.);
#1359=EDGE_LOOP('',(#1340,#1346,#1352,#1358));
#1360=FACE_OUTER_BOUND('',#1359,.T.);
#1361=ADVANCED_FACE('',(#1360),#1334,.F.);
#1362=CARTESIAN_POINT('',(0.016350000000000003,0.006050000000000001,0.023250000000000003));
#1363=DIRECTION('',(0.,1.,0.));
#1364=DIRECTION('',(0.,0.,1.));
#1365=AXIS2_PLACEMENT_3D('',#1362,#1363,#1364);
#1366=PLANE('',#1365);
#1367=CARTESIAN_POINT('',(0.014937285623780331,0.006050000000000001,0.02283442764488161));
#1368=DIRECTION('',(-0.9798458622858008,0.,-0.19975506542111893));
#1369=VECTOR('',#1368,1.);
#1370=LINE('',#1367,#1369);
#1371=EDGE_CURVE('',#964,#972,#1370,.T.);
#1372=ORIENTED_EDGE('',*,*,#1371,.T.);
#1373=CARTESIAN_POINT('',(0.014937285623780333,0.006050000000000001,0.02283442764488161));
#1374=CARTESIAN_POINT('',(0.014901881727584323,0.006050000000000001,0.02295478115857008));
#1375=CARTESIAN_POINT('',(0.014887346857425052,0.006050000000000001,0.023079389110453066));
#1376=(BOUNDED_CURVE() B_SPLINE_CURVE(2,(#1373,#1374,#1375),.UNSPECIFIED.,.F.,.F.) B_SPLINE_CURVE_WITH_KNOTS((3,3),(0.,1.),.UNSPECIFIED.) CURVE() GEOMETRIC_REPRESENTATION_ITEM() RATIONAL_B_SPLINE_CURVE((1.,0.9963907030628889,1.)) REPRESENTATION_ITEM(''));
#1377=EDGE_CURVE('',#972,#1306,#1376,.T.);
#1378=ORIENTED_EDGE('',*,*,#1377,.T.);
#1379=CARTESIAN_POINT('',(0.014887346857425052,0.006050000000000001,0.023079389110453066));
#1380=DIRECTION('',(0.9798458622858008,0.,0.19975506542111918));
#1381=VECTOR('',#1380,1.);
#1382=LINE('',#1379,#1381);
#1383=EDGE_CURVE('',#1306,#1272,#1382,.T.);
#1384=ORIENTED_EDGE('',*,*,#1383,.T.);
#1385=CARTESIAN_POINT('',(0.01620254988403664,0.006050000000000001,0.023347511349608087));
#1386=DIRECTION('',(-0.19975506542112442,0.,0.9798458622857997));
#1387=VECTOR('',#1386,1.);
#1388=LINE('',#1385,#1387);
#1389=EDGE_CURVE('',#1272,#1238,#1388,.T.);
#1390=ORIENTED_EDGE('',*,*,#1389,.T.);
#1391=CARTESIAN_POINT('',(0.01593442764488161,0.006050000000000001,0.024662714376219672));
#1392=CARTESIAN_POINT('',(0.01605478115857008,0.006050000000000001,0.024698118272415682));
#1393=CARTESIAN_POINT('',(0.016179389110453066,0.006050000000000001,0.024712653142574956));
#1394=(BOUNDED_CURVE() B_SPLINE_CURVE(2,(#1391,#1392,#1393),.UNSPECIFIED.,.F.,.F.) B_SPLINE_CURVE_WITH_KNOTS((3,3),(0.,1.),.UNSPECIFIED.) CURVE() GEOMETRIC_REPRESENTATION_ITEM() RATIONAL_B_SPLINE_CURVE((1.,0.9963907030628889,1.)) REPRESENTATION_ITEM(''));
#1395=EDGE_CURVE('',#1238,#1204,#1394,.T.);
#1396=ORIENTED_EDGE('',*,*,#1395,.T.);
#1397=CARTESIAN_POINT('',(0.016447511349608094,0.006050000000000001,0.023397450115963364));
#1398=DIRECTION('',(0.19975506542112337,0.,-0.9798458622858));
#1399=VECTOR('',#1398,1.);
#1400=LINE('',#1397,#1399);
#1401=EDGE_CURVE('',#1204,#1170,#1400,.T.);
#1402=ORIENTED_EDGE('',*,*,#1401,.T.);
#1403=CARTESIAN_POINT('',(0.016447511349608094,0.006050000000000001,0.023397450115963364));
#1404=DIRECTION('',(0.9798458622858007,0.,0.19975506542111943));
#1405=VECTOR('',#1404,1.);
#1406=LINE('',#1403,#1405);
#1407=EDGE_CURVE('',#1170,#1136,#1406,.T.);
#1408=ORIENTED_EDGE('',*,*,#1407,.T.);
#1409=CARTESIAN_POINT('',(0.01776271437621968,0.006050000000000001,0.023665572355118385));
#1410=CARTESIAN_POINT('',(0.017798118272415685,0.006050000000000001,0.023545218841429915));
#1411=CARTESIAN_POINT('',(0.017812653142574957,0.006050000000000001,0.023420610889546934));
#1412=(BOUNDED_CURVE() B_SPLINE_CURVE(2,(#1409,#1410,#1411),.UNSPECIFIED.,.F.,.F.) B_SPLINE_CURVE_WITH_KNOTS((3,3),(0.,1.),.UNSPECIFIED.) CURVE() GEOMETRIC_REPRESENTATION_ITEM() RATIONAL_B_SPLINE_CURVE((1.,0.996390703062889,1.)) REPRESENTATION_ITEM(''));
#1413=EDGE_CURVE('',#1136,#1102,#1412,.T.);
#1414=ORIENTED_EDGE('',*,*,#1413,.T.);
#1415=CARTESIAN_POINT('',(0.016497450115963375,0.006050000000000001,0.023152488650391913));
#1416=DIRECTION('',(-0.9798458622858006,0.,-0.19975506542111995));
#1417=VECTOR('',#1416,1.);
#1418=LINE('',#1415,#1417);
#1419=EDGE_CURVE('',#1102,#1068,#1418,.T.);
#1420=ORIENTED_EDGE('',*,*,#1419,.T.);
#1421=CARTESIAN_POINT('',(0.016765572355118403,0.006050000000000001,0.021837285623780334));
#1422=DIRECTION('',(0.19975506542112542,0.,-0.9798458622857995));
#1423=VECTOR('',#1422,1.);
#1424=LINE('',#1421,#1423);
#1425=EDGE_CURVE('',#1068,#1034,#1424,.T.);
#1426=ORIENTED_EDGE('',*,*,#1425,.T.);
#1427=CARTESIAN_POINT('',(0.016765572355118403,0.006050000000000001,0.021837285623780334));
#1428=CARTESIAN_POINT('',(0.016645218841429932,0.006050000000000001,0.021801881727584325));
#1429=CARTESIAN_POINT('',(0.016520610889546948,0.006050000000000001,0.02178734685742505));
#1430=(BOUNDED_CURVE() B_SPLINE_CURVE(2,(#1427,#1428,#1429),.UNSPECIFIED.,.F.,.F.) B_SPLINE_CURVE_WITH_KNOTS((3,3),(0.,1.),.UNSPECIFIED.) CURVE() GEOMETRIC_REPRESENTATION_ITEM() RATIONAL_B_SPLINE_CURVE((1.,0.9963907030628889,1.)) REPRESENTATION_ITEM(''));
#1431=EDGE_CURVE('',#1034,#1000,#1430,.T.);
#1432=ORIENTED_EDGE('',*,*,#1431,.T.);
#1433=CARTESIAN_POINT('',(0.016520610889546948,0.006050000000000001,0.02178734685742505));
#1434=DIRECTION('',(-0.1997550654211249,0.,0.9798458622857996));
#1435=VECTOR('',#1434,1.);
#1436=LINE('',#1433,#1435);
#1437=EDGE_CURVE('',#1000,#964,#1436,.T.);
#1438=ORIENTED_EDGE('',*,*,#1437,.T.);
#1439=EDGE_LOOP('',(#1372,#1378,#1384,#1390,#1396,#1402,#1408,#1414,#1420,#1426,#1432,#1438));
#1440=FACE_OUTER_BOUND('',#1439,.T.);
#1441=ADVANCED_FACE('',(#1440),#1366,.T.);
#1442=CLOSED_SHELL('',(#155,#191,#227,#259,#302,#418,#454,#486,#518,#550,#586,#618,#650,#682,#718,#750,#782,#814,#840,#953,#989,#1023,#1057,#1091,#1125,#1159,#1193,#1227,#1261,#1295,#1329,#1361,#1441));
#1443=MANIFOLD_SOLID_BREP('',#1442);
#1444=CARTESIAN_POINT('',(0.,0.0015,0.));
#1445=DIRECTION('',(0.,1.,0.));
#1446=DIRECTION('',(0.,0.,1.));
#1447=AXIS2_PLACEMENT_3D('',#1444,#1445,#1446);
#1448=PLANE('',#1447);
#1449=CARTESIAN_POINT('',(0.017550000000000003,0.0015,0.029625000000000002));
#1450=DIRECTION('',(0.,1.,0.));
#1451=DIRECTION('',(0.,0.,1.));
#1452=AXIS2_PLACEMENT_3D('',#1449,#1450,#1451);
#1453=CIRCLE('',#1452,0.001500000000000001);
#1454=CARTESIAN_POINT('',(0.017550000000000003,0.0015,0.031125000000000003));
#1455=VERTEX_POINT('',#1454);
#1456=EDGE_CURVE('',#1455,#1455,#1453,.T.);
#1457=ORIENTED_EDGE('',*,*,#1456,.F.);
#1458=EDGE_LOOP('',(#1457));
#1459=FACE_OUTER_BOUND('',#1458,.T.);
#1460=CARTESIAN_POINT('',(0.017550000000000003,0.0015,0.0026250000000000023));
#1461=DIRECTION('',(0.,1.,0.));
#1462=DIRECTION('',(0.,0.,1.));
#1463=AXIS2_PLACEMENT_3D('',#1460,#1461,#1462);
#1464=CIRCLE('',#1463,0.0015000000000000007);
#1465=CARTESIAN_POINT('',(0.017550000000000003,0.0015,0.004125000000000003));
#1466=VERTEX_POINT('',#1465);
#1467=EDGE_CURVE('',#1466,#1466,#1464,.T.);
#1468=ORIENTED_EDGE('',*,*,#1467,.F.);
#1469=EDGE_LOOP('',(#1468));
#1470=FACE_BOUND('',#1469,.T.);
#1471=CARTESIAN_POINT('',(0.,0.0015,0.));
#1472=DIRECTION('',(1.2246467991473515E-16,0.,1.));
#1473=VECTOR('',#1472,1.);
#1474=LINE('',#1471,#1473);
#1475=CARTESIAN_POINT('',(3.9494859272502084E-18,0.0015,0.03225));
#1476=VERTEX_POINT('',#1475);
#1477=CARTESIAN_POINT('',(0.,0.0015,0.));
#1478=VERTEX_POINT('',#1477);
#1479=EDGE_CURVE('',#1476,#1478,#1474,.T.);
#1480=ORIENTED_EDGE('',*,*,#1479,.T.);
#1481=CARTESIAN_POINT('',(0.,0.0015,0.));
#1482=DIRECTION('',(-1.,0.,0.));
#1483=VECTOR('',#1482,1.);
#1484=LINE('',#1481,#1483);
#1485=CARTESIAN_POINT('',(0.0201,0.0015,0.));
#1486=VERTEX_POINT('',#1485);
#1487=EDGE_CURVE('',#1478,#1486,#1484,.T.);
#1488=ORIENTED_EDGE('',*,*,#1487,.T.);
#1489=CARTESIAN_POINT('',(0.0201,0.0015,0.));
#1490=DIRECTION('',(-1.0757975044817408E-16,0.,-1.));
#1491=VECTOR('',#1490,1.);
#1492=LINE('',#1489,#1491);
#1493=CARTESIAN_POINT('',(0.020100000000000003,0.0015,0.03225));
#1494=VERTEX_POINT('',#1493);
#1495=EDGE_CURVE('',#1486,#1494,#1492,.T.);
#1496=ORIENTED_EDGE('',*,*,#1495,.T.);
#1497=CARTESIAN_POINT('',(3.9494859272502084E-18,0.0015,0.03225));
#1498=DIRECTION('',(1.,0.,0.));
#1499=VECTOR('',#1498,1.);
#1500=LINE('',#1497,#1499);
#1501=EDGE_CURVE('',#1494,#1476,#1500,.T.);
#1502=ORIENTED_EDGE('',*,*,#1501,.T.);
#1503=EDGE_LOOP('',(#1480,#1488,#1496,#1502));
#1504=FACE_BOUND('',#1503,.T.);
#1505=CARTESIAN_POINT('',(0.002550000000000002,0.0015,0.0026250000000000023));
#1506=DIRECTION('',(0.,1.,0.));
#1507=DIRECTION('',(0.,0.,1.));
#1508=AXIS2_PLACEMENT_3D('',#1505,#1506,#1507);
#1509=CIRCLE('',#1508,0.0014999999999999996);
#1510=CARTESIAN_POINT('',(0.002550000000000002,0.0015,0.004125000000000002));
#1511=VERTEX_POINT('',#1510);
#1512=EDGE_CURVE('',#1511,#1511,#1509,.T.);
#1513=ORIENTED_EDGE('',*,*,#1512,.F.);
#1514=EDGE_LOOP('',(#1513));
#1515=FACE_BOUND('',#1514,.T.);
#1516=CARTESIAN_POINT('',(0.0025500000000000054,0.0015,0.029625000000000002));
#1517=DIRECTION('',(0.,1.,0.));
#1518=DIRECTION('',(0.,0.,1.));
#1519=AXIS2_PLACEMENT_3D('',#1516,#1517,#1518);
#1520=CIRCLE('',#1519,0.0015);
#1521=CARTESIAN_POINT('',(0.0025500000000000054,0.0015,0.031125000000000003));
#1522=VERTEX_POINT('',#1521);
#1523=EDGE_CURVE('',#1522,#1522,#1520,.T.);
#1524=ORIENTED_EDGE('',*,*,#1523,.F.);
#1525=EDGE_LOOP('',(#1524));
#1526=FACE_BOUND('',#1525,.T.);
#1527=CARTESIAN_POINT('',(0.007549999999999999,0.0015,0.029500000000000002));
#1528=CARTESIAN_POINT('',(0.00755,0.0015,0.029750000000000002));
#1529=CARTESIAN_POINT('',(0.0078,0.0015,0.029750000000000002));
#1530=(BOUNDED_CURVE() B_SPLINE_CURVE(2,(#1527,#1528,#1529),.UNSPECIFIED.,.F.,.F.) B_SPLINE_CURVE_WITH_KNOTS((3,3),(0.,1.),.UNSPECIFIED.) CURVE() GEOMETRIC_REPRESENTATION_ITEM() RATIONAL_B_SPLINE_CURVE((1.,0.7071067811865476,1.)) REPRESENTATION_ITEM(''));
#1531=CARTESIAN_POINT('',(0.007549999999999999,0.0015,0.029500000000000002));
#1532=VERTEX_POINT('',#1531);
#1533=CARTESIAN_POINT('',(0.0078,0.0015,0.029750000000000002));
#1534=VERTEX_POINT('',#1533);
#1535=EDGE_CURVE('',#1532,#1534,#1530,.T.);
#1536=ORIENTED_EDGE('',*,*,#1535,.F.);
#1537=CARTESIAN_POINT('',(0.007299999999999999,0.0015,0.029750000000000002));
#1538=CARTESIAN_POINT('',(0.007549999999999999,0.0015,0.029750000000000002));
#1539=CARTESIAN_POINT('',(0.007549999999999999,0.0015,0.029500000000000002));
#1540=(BOUNDED_CURVE() B_SPLINE_CURVE(2,(#1537,#1538,#1539),.UNSPECIFIED.,.F.,.F.) B_SPLINE_CURVE_WITH_KNOTS((3,3),(0.,1.),.UNSPECIFIED.) CURVE() GEOMETRIC_REPRESENTATION_ITEM() RATIONAL_B_SPLINE_CURVE((1.,0.7071067811865476,1.)) REPRESENTATION_ITEM(''));
#1541=CARTESIAN_POINT('',(0.007299999999999999,0.0015,0.029750000000000002));
#1542=VERTEX_POINT('',#1541);
#1543=EDGE_CURVE('',#1542,#1532,#1540,.T.);
#1544=ORIENTED_EDGE('',*,*,#1543,.F.);
#1545=CARTESIAN_POINT('',(0.0053,0.0015,0.029750000000000002));
#1546=DIRECTION('',(1.,0.,0.));
#1547=VECTOR('',#1546,1.);
#1548=LINE('',#1545,#1547);
#1549=CARTESIAN_POINT('',(0.0053,0.0015,0.029750000000000002));
#1550=VERTEX_POINT('',#1549);
#1551=EDGE_CURVE('',#1550,#1542,#1548,.T.);
#1552=ORIENTED_EDGE('',*,*,#1551,.F.);
#1553=CARTESIAN_POINT('',(0.005049999999999999,0.0015,0.029500000000000002));
#1554=CARTESIAN_POINT('',(0.005049999999999999,0.0015,0.029750000000000002));
#1555=CARTESIAN_POINT('',(0.0053,0.0015,0.029750000000000002));
#1556=(BOUNDED_CURVE() B_SPLINE_CURVE(2,(#1553,#1554,#1555),.UNSPECIFIED.,.F.,.F.) B_SPLINE_CURVE_WITH_KNOTS((3,3),(0.,1.),.UNSPECIFIED.) CURVE() GEOMETRIC_REPRESENTATION_ITEM() RATIONAL_B_SPLINE_CURVE((1.,0.7071067811865476,1.)) REPRESENTATION_ITEM(''));
#1557=CARTESIAN_POINT('',(0.005049999999999999,0.0015,0.029500000000000002));
#1558=VERTEX_POINT('',#1557);
#1559=EDGE_CURVE('',#1558,#1550,#1556,.T.);
#1560=ORIENTED_EDGE('',*,*,#1559,.F.);
#1561=CARTESIAN_POINT('',(0.005049999999999999,0.0015,0.027500000000000004));
#1562=DIRECTION('',(0.,0.,1.));
#1563=VECTOR('',#1562,1.);
#1564=LINE('',#1561,#1563);
#1565=CARTESIAN_POINT('',(0.005049999999999999,0.0015,0.027500000000000004));
#1566=VERTEX_POINT('',#1565);
#1567=EDGE_CURVE('',#1566,#1558,#1564,.T.);
#1568=ORIENTED_EDGE('',*,*,#1567,.F.);
#1569=CARTESIAN_POINT('',(0.0053,0.0015,0.027250000000000003));
#1570=CARTESIAN_POINT('',(0.005049999999999999,0.0015,0.027250000000000003));
#1571=CARTESIAN_POINT('',(0.005049999999999999,0.0015,0.027500000000000004));
#1572=(BOUNDED_CURVE() B_SPLINE_CURVE(2,(#1569,#1570,#1571),.UNSPECIFIED.,.F.,.F.) B_SPLINE_CURVE_WITH_KNOTS((3,3),(0.,1.),.UNSPECIFIED.) CURVE() GEOMETRIC_REPRESENTATION_ITEM() RATIONAL_B_SPLINE_CURVE((1.,0.7071067811865476,1.)) REPRESENTATION_ITEM(''));
#1573=CARTESIAN_POINT('',(0.0053,0.0015,0.027250000000000003));
#1574=VERTEX_POINT('',#1573);
#1575=EDGE_CURVE('',#1574,#1566,#1572,.T.);
#1576=ORIENTED_EDGE('',*,*,#1575,.F.);
#1577=CARTESIAN_POINT('',(0.0053,0.0015,0.027250000000000003));
#1578=DIRECTION('',(-1.,0.,0.));
#1579=VECTOR('',#1578,1.);
#1580=LINE('',#1577,#1579);
#1581=CARTESIAN_POINT('',(0.007299999999999999,0.0015,0.027250000000000003));
#1582=VERTEX_POINT('',#1581);
#1583=EDGE_CURVE('',#1582,#1574,#1580,.T.);
#1584=ORIENTED_EDGE('',*,*,#1583,.F.);
#1585=CARTESIAN_POINT('',(0.007549999999999999,0.0015,0.027500000000000004));
#1586=CARTESIAN_POINT('',(0.007549999999999999,0.0015,0.027250000000000003));
#1587=CARTESIAN_POINT('',(0.007299999999999999,0.0015,0.027250000000000003));
#1588=(BOUNDED_CURVE() B_SPLINE_CURVE(2,(#1585,#1586,#1587),.UNSPECIFIED.,.F.,.F.) B_SPLINE_CURVE_WITH_KNOTS((3,3),(0.,1.),.UNSPECIFIED.) CURVE() GEOMETRIC_REPRESENTATION_ITEM() RATIONAL_B_SPLINE_CURVE((1.,0.7071067811865476,1.)) REPRESENTATION_ITEM(''));
#1589=CARTESIAN_POINT('',(0.007549999999999999,0.0015,0.027500000000000004));
#1590=VERTEX_POINT('',#1589);
#1591=EDGE_CURVE('',#1590,#1582,#1588,.T.);
#1592=ORIENTED_EDGE('',*,*,#1591,.F.);
#1593=CARTESIAN_POINT('',(0.0078,0.0015,0.027250000000000003));
#1594=CARTESIAN_POINT('',(0.007549999999999999,0.0015,0.027250000000000003));
#1595=CARTESIAN_POINT('',(0.007549999999999999,0.0015,0.027500000000000004));
#1596=(BOUNDED_CURVE() B_SPLINE_CURVE(2,(#1593,#1594,#1595),.UNSPECIFIED.,.F.,.F.) B_SPLINE_CURVE_WITH_KNOTS((3,3),(0.,1.),.UNSPECIFIED.) CURVE() GEOMETRIC_REPRESENTATION_ITEM() RATIONAL_B_SPLINE_CURVE((1.,0.7071067811865476,1.)) REPRESENTATION_ITEM(''));
#1597=CARTESIAN_POINT('',(0.0078,0.0015,0.027250000000000003));
#1598=VERTEX_POINT('',#1597);
#1599=EDGE_CURVE('',#1598,#1590,#1596,.T.);
#1600=ORIENTED_EDGE('',*,*,#1599,.F.);
#1601=CARTESIAN_POINT('',(0.0078,0.0015,0.027250000000000003));
#1602=DIRECTION('',(-1.,0.,0.));
#1603=VECTOR('',#1602,1.);
#1604=LINE('',#1601,#1603);
#1605=CARTESIAN_POINT('',(0.0098,0.0015,0.027250000000000003));
#1606=VERTEX_POINT('',#1605);
#1607=EDGE_CURVE('',#1606,#1598,#1604,.T.);
#1608=ORIENTED_EDGE('',*,*,#1607,.F.);
#1609=CARTESIAN_POINT('',(0.01005,0.0015,0.027500000000000004));
#1610=CARTESIAN_POINT('',(0.01005,0.0015,0.027250000000000003));
#1611=CARTESIAN_POINT('',(0.0098,0.0015,0.027250000000000003));
#1612=(BOUNDED_CURVE() B_SPLINE_CURVE(2,(#1609,#1610,#1611),.UNSPECIFIED.,.F.,.F.) B_SPLINE_CURVE_WITH_KNOTS((3,3),(0.,1.),.UNSPECIFIED.) CURVE() GEOMETRIC_REPRESENTATION_ITEM() RATIONAL_B_SPLINE_CURVE((1.,0.7071067811865476,1.)) REPRESENTATION_ITEM(''));
#1613=CARTESIAN_POINT('',(0.01005,0.0015,0.027500000000000004));
#1614=VERTEX_POINT('',#1613);
#1615=EDGE_CURVE('',#1614,#1606,#1612,.T.);
#1616=ORIENTED_EDGE('',*,*,#1615,.F.);
#1617=CARTESIAN_POINT('',(0.0103,0.0015,0.027250000000000003));
#1618=CARTESIAN_POINT('',(0.01005,0.0015,0.027250000000000003));
#1619=CARTESIAN_POINT('',(0.01005,0.0015,0.027500000000000004));
#1620=(BOUNDED_CURVE() B_SPLINE_CURVE(2,(#1617,#1618,#1619),.UNSPECIFIED.,.F.,.F.) B_SPLINE_CURVE_WITH_KNOTS((3,3),(0.,1.),.UNSPECIFIED.) CURVE() GEOMETRIC_REPRESENTATION_ITEM() RATIONAL_B_SPLINE_CURVE((1.,0.7071067811865476,1.)) REPRESENTATION_ITEM(''));
#1621=CARTESIAN_POINT('',(0.0103,0.0015,0.027250000000000003));
#1622=VERTEX_POINT('',#1621);
#1623=EDGE_CURVE('',#1622,#1614,#1620,.T.);
#1624=ORIENTED_EDGE('',*,*,#1623,.F.);
#1625=CARTESIAN_POINT('',(0.0103,0.0015,0.027250000000000003));
#1626=DIRECTION('',(-1.,0.,0.));
#1627=VECTOR('',#1626,1.);
#1628=LINE('',#1625,#1627);
#1629=CARTESIAN_POINT('',(0.012299999999999998,0.0015,0.027250000000000003));
#1630=VERTEX_POINT('',#1629);
#1631=EDGE_CURVE('',#1630,#1622,#1628,.T.);
#1632=ORIENTED_EDGE('',*,*,#1631,.F.);
#1633=CARTESIAN_POINT('',(0.012549999999999999,0.0015,0.027500000000000004));
#1634=CARTESIAN_POINT('',(0.012549999999999999,0.0015,0.027250000000000003));
#1635=CARTESIAN_POINT('',(0.012299999999999998,0.0015,0.027250000000000003));
#1636=(BOUNDED_CURVE() B_SPLINE_CURVE(2,(#1633,#1634,#1635),.UNSPECIFIED.,.F.,.F.) B_SPLINE_CURVE_WITH_KNOTS((3,3),(0.,1.),.UNSPECIFIED.) CURVE() GEOMETRIC_REPRESENTATION_ITEM() RATIONAL_B_SPLINE_CURVE((1.,0.7071067811865476,1.)) REPRESENTATION_ITEM(''));
#1637=CARTESIAN_POINT('',(0.012549999999999999,0.0015,0.027500000000000004));
#1638=VERTEX_POINT('',#1637);
#1639=EDGE_CURVE('',#1638,#1630,#1636,.T.);
#1640=ORIENTED_EDGE('',*,*,#1639,.F.);
#1641=CARTESIAN_POINT('',(0.012799999999999999,0.0015,0.027250000000000003));
#1642=CARTESIAN_POINT('',(0.012549999999999999,0.0015,0.027250000000000003));
#1643=CARTESIAN_POINT('',(0.012549999999999999,0.0015,0.027500000000000004));
#1644=(BOUNDED_CURVE() B_SPLINE_CURVE(2,(#1641,#1642,#1643),.UNSPECIFIED.,.F.,.F.) B_SPLINE_CURVE_WITH_KNOTS((3,3),(0.,1.),.UNSPECIFIED.) CURVE() GEOMETRIC_REPRESENTATION_ITEM() RATIONAL_B_SPLINE_CURVE((1.,0.7071067811865476,1.)) REPRESENTATION_ITEM(''));
#1645=CARTESIAN_POINT('',(0.012799999999999999,0.0015,0.027250000000000003));
#1646=VERTEX_POINT('',#1645);
#1647=EDGE_CURVE('',#1646,#1638,#1644,.T.);
#1648=ORIENTED_EDGE('',*,*,#1647,.F.);
#1649=CARTESIAN_POINT('',(0.012799999999999999,0.0015,0.027250000000000003));
#1650=DIRECTION('',(-1.,0.,0.));
#1651=VECTOR('',#1650,1.);
#1652=LINE('',#1649,#1651);
#1653=CARTESIAN_POINT('',(0.014799999999999999,0.0015,0.027250000000000003));
#1654=VERTEX_POINT('',#1653);
#1655=EDGE_CURVE('',#1654,#1646,#1652,.T.);
#1656=ORIENTED_EDGE('',*,*,#1655,.F.);
#1657=CARTESIAN_POINT('',(0.01505,0.0015,0.027500000000000004));
#1658=CARTESIAN_POINT('',(0.01505,0.0015,0.027250000000000003));
#1659=CARTESIAN_POINT('',(0.014799999999999999,0.0015,0.027250000000000003));
#1660=(BOUNDED_CURVE() B_SPLINE_CURVE(2,(#1657,#1658,#1659),.UNSPECIFIED.,.F.,.F.) B_SPLINE_CURVE_WITH_KNOTS((3,3),(0.,1.),.UNSPECIFIED.) CURVE() GEOMETRIC_REPRESENTATION_ITEM() RATIONAL_B_SPLINE_CURVE((1.,0.7071067811865476,1.)) REPRESENTATION_ITEM(''));
#1661=CARTESIAN_POINT('',(0.01505,0.0015,0.027500000000000004));
#1662=VERTEX_POINT('',#1661);
#1663=EDGE_CURVE('',#1662,#1654,#1660,.T.);
#1664=ORIENTED_EDGE('',*,*,#1663,.F.);
#1665=CARTESIAN_POINT('',(0.01505,0.0015,0.027500000000000004));
#1666=DIRECTION('',(-8.673617379884042E-16,0.,-1.));
#1667=VECTOR('',#1666,1.);
#1668=LINE('',#1665,#1667);
#1669=CARTESIAN_POINT('',(0.015050000000000001,0.0015,0.029500000000000002));
#1670=VERTEX_POINT('',#1669);
#1671=EDGE_CURVE('',#1670,#1662,#1668,.T.);
#1672=ORIENTED_EDGE('',*,*,#1671,.F.);
#1673=CARTESIAN_POINT('',(0.014799999999999999,0.0015,0.029750000000000002));
#1674=CARTESIAN_POINT('',(0.01505,0.0015,0.029750000000000002));
#1675=CARTESIAN_POINT('',(0.015050000000000001,0.0015,0.029500000000000002));
#1676=(BOUNDED_CURVE() B_SPLINE_CURVE(2,(#1673,#1674,#1675),.UNSPECIFIED.,.F.,.F.) B_SPLINE_CURVE_WITH_KNOTS((3,3),(0.,1.),.UNSPECIFIED.) CURVE() GEOMETRIC_REPRESENTATION_ITEM() RATIONAL_B_SPLINE_CURVE((1.,0.7071067811865476,1.)) REPRESENTATION_ITEM(''));
#1677=CARTESIAN_POINT('',(0.014799999999999999,0.0015,0.029750000000000002));
#1678=VERTEX_POINT('',#1677);
#1679=EDGE_CURVE('',#1678,#1670,#1676,.T.);
#1680=ORIENTED_EDGE('',*,*,#1679,.F.);
#1681=CARTESIAN_POINT('',(0.012799999999999999,0.0015,0.029750000000000002));
#1682=DIRECTION('',(1.,0.,0.));
#1683=VECTOR('',#1682,1.);
#1684=LINE('',#1681,#1683);
#1685=CARTESIAN_POINT('',(0.012799999999999999,0.0015,0.029750000000000002));
#1686=VERTEX_POINT('',#1685);
#1687=EDGE_CURVE('',#1686,#1678,#1684,.T.);
#1688=ORIENTED_EDGE('',*,*,#1687,.F.);
#1689=CARTESIAN_POINT('',(0.012549999999999999,0.0015,0.029500000000000002));
#1690=CARTESIAN_POINT('',(0.01255,0.0015,0.029750000000000002));
#1691=CARTESIAN_POINT('',(0.012799999999999999,0.0015,0.029750000000000002));
#1692=(BOUNDED_CURVE() B_SPLINE_CURVE(2,(#1689,#1690,#1691),.UNSPECIFIED.,.F.,.F.) B_SPLINE_CURVE_WITH_KNOTS((3,3),(0.,1.),.UNSPECIFIED.) CURVE() GEOMETRIC_REPRESENTATION_ITEM() RATIONAL_B_SPLINE_CURVE((1.,0.7071067811865476,1.)) REPRESENTATION_ITEM(''));
#1693=CARTESIAN_POINT('',(0.012549999999999999,0.0015,0.029500000000000002));
#1694=VERTEX_POINT('',#1693);
#1695=EDGE_CURVE('',#1694,#1686,#1692,.T.);
#1696=ORIENTED_EDGE('',*,*,#1695,.F.);
#1697=CARTESIAN_POINT('',(0.012299999999999998,0.0015,0.029750000000000002));
#1698=CARTESIAN_POINT('',(0.012549999999999999,0.0015,0.029750000000000002));
#1699=CARTESIAN_POINT('',(0.012549999999999999,0.0015,0.029500000000000002));
#1700=(BOUNDED_CURVE() B_SPLINE_CURVE(2,(#1697,#1698,#1699),.UNSPECIFIED.,.F.,.F.) B_SPLINE_CURVE_WITH_KNOTS((3,3),(0.,1.),.UNSPECIFIED.) CURVE() GEOMETRIC_REPRESENTATION_ITEM() RATIONAL_B_SPLINE_CURVE((1.,0.7071067811865476,1.)) REPRESENTATION_ITEM(''));
#1701=CARTESIAN_POINT('',(0.012299999999999998,0.0015,0.029750000000000002));
#1702=VERTEX_POINT('',#1701);
#1703=EDGE_CURVE('',#1702,#1694,#1700,.T.);
#1704=ORIENTED_EDGE('',*,*,#1703,.F.);
#1705=CARTESIAN_POINT('',(0.0103,0.0015,0.029750000000000002));
#1706=DIRECTION('',(1.,0.,0.));
#1707=VECTOR('',#1706,1.);
#1708=LINE('',#1705,#1707);
#1709=CARTESIAN_POINT('',(0.0103,0.0015,0.029750000000000002));
#1710=VERTEX_POINT('',#1709);
#1711=EDGE_CURVE('',#1710,#1702,#1708,.T.);
#1712=ORIENTED_EDGE('',*,*,#1711,.F.);
#1713=CARTESIAN_POINT('',(0.01005,0.0015,0.029500000000000002));
#1714=CARTESIAN_POINT('',(0.01005,0.0015,0.029750000000000002));
#1715=CARTESIAN_POINT('',(0.0103,0.0015,0.029750000000000002));
#1716=(BOUNDED_CURVE() B_SPLINE_CURVE(2,(#1713,#1714,#1715),.UNSPECIFIED.,.F.,.F.) B_SPLINE_CURVE_WITH_KNOTS((3,3),(0.,1.),.UNSPECIFIED.) CURVE() GEOMETRIC_REPRESENTATION_ITEM() RATIONAL_B_SPLINE_CURVE((1.,0.7071067811865476,1.)) REPRESENTATION_ITEM(''));
#1717=CARTESIAN_POINT('',(0.01005,0.0015,0.029500000000000002));
#1718=VERTEX_POINT('',#1717);
#1719=EDGE_CURVE('',#1718,#1710,#1716,.T.);
#1720=ORIENTED_EDGE('',*,*,#1719,.F.);
#1721=CARTESIAN_POINT('',(0.0098,0.0015,0.029750000000000002));
#1722=CARTESIAN_POINT('',(0.01005,0.0015,0.029750000000000002));
#1723=CARTESIAN_POINT('',(0.01005,0.0015,0.029500000000000002));
#1724=(BOUNDED_CURVE() B_SPLINE_CURVE(2,(#1721,#1722,#1723),.UNSPECIFIED.,.F.,.F.) B_SPLINE_CURVE_WITH_KNOTS((3,3),(0.,1.),.UNSPECIFIED.) CURVE() GEOMETRIC_REPRESENTATION_ITEM() RATIONAL_B_SPLINE_CURVE((1.,0.7071067811865476,1.)) REPRESENTATION_ITEM(''));
#1725=CARTESIAN_POINT('',(0.0098,0.0015,0.029750000000000002));
#1726=VERTEX_POINT('',#1725);
#1727=EDGE_CURVE('',#1726,#1718,#1724,.T.);
#1728=ORIENTED_EDGE('',*,*,#1727,.F.);
#1729=CARTESIAN_POINT('',(0.0078,0.0015,0.029750000000000002));
#1730=DIRECTION('',(1.,0.,0.));
#1731=VECTOR('',#1730,1.);
#1732=LINE('',#1729,#1731);
#1733=EDGE_CURVE('',#1534,#1726,#1732,.T.);
#1734=ORIENTED_EDGE('',*,*,#1733,.F.);
#1735=EDGE_LOOP('',(#1536,#1544,#1552,#1560,#1568,#1576,#1584,#1592,#1600,#1608,#1616,#1624,#1632,#1640,#1648,#1656,#1664,#1672,#1680,#1688,#1696,#1704,#1712,#1720,#1728,#1734));
#1736=FACE_BOUND('',#1735,.T.);
#1737=ADVANCED_FACE('',(#1459,#1470,#1504,#1515,#1526,#1736),#1448,.T.);
#1738=CARTESIAN_POINT('',(0.,0.,0.));
#1739=DIRECTION('',(0.,1.,0.));
#1740=DIRECTION('',(0.,0.,1.));
#1741=AXIS2_PLACEMENT_3D('',#1738,#1739,#1740);
#1742=PLANE('',#1741);
#1743=CARTESIAN_POINT('',(0.01005,0.,0.012));
#1744=DIRECTION('',(0.,-1.,0.));
#1745=DIRECTION('',(0.,0.,-1.));
#1746=AXIS2_PLACEMENT_3D('',#1743,#1744,#1745);
#1747=CIRCLE('',#1746,0.009550000000000003);
#1748=CARTESIAN_POINT('',(0.01005,0.,0.0024499999999999973));
#1749=VERTEX_POINT('',#1748);
#1750=EDGE_CURVE('',#1749,#1749,#1747,.T.);
#1751=ORIENTED_EDGE('',*,*,#1750,.F.);
#1752=EDGE_LOOP('',(#1751));
#1753=FACE_OUTER_BOUND('',#1752,.T.);
#1754=CARTESIAN_POINT('',(0.013499999999999998,0.,0.028200000000000003));
#1755=DIRECTION('',(0.,0.,-1.));
#1756=VECTOR('',#1755,1.);
#1757=LINE('',#1754,#1756);
#1758=CARTESIAN_POINT('',(0.013499999999999998,0.,0.028800000000000003));
#1759=VERTEX_POINT('',#1758);
#1760=CARTESIAN_POINT('',(0.013499999999999998,0.,0.028200000000000003));
#1761=VERTEX_POINT('',#1760);
#1762=EDGE_CURVE('',#1759,#1761,#1757,.T.);
#1763=ORIENTED_EDGE('',*,*,#1762,.F.);
#1764=CARTESIAN_POINT('',(0.013499999999999998,0.,0.028800000000000003));
#1765=DIRECTION('',(-1.,0.,0.));
#1766=VECTOR('',#1765,1.);
#1767=LINE('',#1764,#1766);
#1768=CARTESIAN_POINT('',(0.014099999999999998,0.,0.028800000000000003));
#1769=VERTEX_POINT('',#1768);
#1770=EDGE_CURVE('',#1769,#1759,#1767,.T.);
#1771=ORIENTED_EDGE('',*,*,#1770,.F.);
#1772=CARTESIAN_POINT('',(0.014099999999999998,0.,0.028200000000000003));
#1773=DIRECTION('',(0.,0.,1.));
#1774=VECTOR('',#1773,1.);
#1775=LINE('',#1772,#1774);
#1776=CARTESIAN_POINT('',(0.014099999999999998,0.,0.028200000000000003));
#1777=VERTEX_POINT('',#1776);
#1778=EDGE_CURVE('',#1777,#1769,#1775,.T.);
#1779=ORIENTED_EDGE('',*,*,#1778,.F.);
#1780=CARTESIAN_POINT('',(0.013499999999999998,0.,0.028200000000000003));
#1781=DIRECTION('',(1.,0.,0.));
#1782=VECTOR('',#1781,1.);
#1783=LINE('',#1780,#1782);
#1784=EDGE_CURVE('',#1761,#1777,#1783,.T.);
#1785=ORIENTED_EDGE('',*,*,#1784,.F.);
#1786=EDGE_LOOP('',(#1763,#1771,#1779,#1785));
#1787=FACE_BOUND('',#1786,.T.);
#1788=CARTESIAN_POINT('',(0.011,0.,0.028200000000000003));
#1789=DIRECTION('',(0.,0.,-1.));
#1790=VECTOR('',#1789,1.);
#1791=LINE('',#1788,#1790);
#1792=CARTESIAN_POINT('',(0.011,0.,0.028800000000000003));
#1793=VERTEX_POINT('',#1792);
#1794=CARTESIAN_POINT('',(0.011,0.,0.028200000000000003));
#1795=VERTEX_POINT('',#1794);
#1796=EDGE_CURVE('',#1793,#1795,#1791,.T.);
#1797=ORIENTED_EDGE('',*,*,#1796,.F.);
#1798=CARTESIAN_POINT('',(0.011,0.,0.028800000000000003));
#1799=DIRECTION('',(-1.,0.,0.));
#1800=VECTOR('',#1799,1.);
#1801=LINE('',#1798,#1800);
#1802=CARTESIAN_POINT('',(0.0116,0.,0.028800000000000003));
#1803=VERTEX_POINT('',#1802);
#1804=EDGE_CURVE('',#1803,#1793,#1801,.T.);
#1805=ORIENTED_EDGE('',*,*,#1804,.F.);
#1806=CARTESIAN_POINT('',(0.0116,0.,0.028200000000000003));
#1807=DIRECTION('',(0.,0.,1.));
#1808=VECTOR('',#1807,1.);
#1809=LINE('',#1806,#1808);
#1810=CARTESIAN_POINT('',(0.0116,0.,0.028200000000000003));
#1811=VERTEX_POINT('',#1810);
#1812=EDGE_CURVE('',#1811,#1803,#1809,.T.);
#1813=ORIENTED_EDGE('',*,*,#1812,.F.);
#1814=CARTESIAN_POINT('',(0.011,0.,0.028200000000000003));
#1815=DIRECTION('',(1.,0.,0.));
#1816=VECTOR('',#1815,1.);
#1817=LINE('',#1814,#1816);
#1818=EDGE_CURVE('',#1795,#1811,#1817,.T.);
#1819=ORIENTED_EDGE('',*,*,#1818,.F.);
#1820=EDGE_LOOP('',(#1797,#1805,#1813,#1819));
#1821=FACE_BOUND('',#1820,.T.);
#1822=CARTESIAN_POINT('',(0.008499999999999999,0.,0.028200000000000003));
#1823=DIRECTION('',(0.,0.,-1.));
#1824=VECTOR('',#1823,1.);
#1825=LINE('',#1822,#1824);
#1826=CARTESIAN_POINT('',(0.008499999999999999,0.,0.028800000000000003));
#1827=VERTEX_POINT('',#1826);
#1828=CARTESIAN_POINT('',(0.008499999999999999,0.,0.028200000000000003));
#1829=VERTEX_POINT('',#1828);
#1830=EDGE_CURVE('',#1827,#1829,#1825,.T.);
#1831=ORIENTED_EDGE('',*,*,#1830,.F.);
#1832=CARTESIAN_POINT('',(0.008499999999999999,0.,0.028800000000000003));
#1833=DIRECTION('',(-1.,0.,0.));
#1834=VECTOR('',#1833,1.);
#1835=LINE('',#1832,#1834);
#1836=CARTESIAN_POINT('',(0.009099999999999999,0.,0.028800000000000003));
#1837=VERTEX_POINT('',#1836);
#1838=EDGE_CURVE('',#1837,#1827,#1835,.T.);
#1839=ORIENTED_EDGE('',*,*,#1838,.F.);
#1840=CARTESIAN_POINT('',(0.009099999999999999,0.,0.028200000000000003));
#1841=DIRECTION('',(0.,0.,1.));
#1842=VECTOR('',#1841,1.);
#1843=LINE('',#1840,#1842);
#1844=CARTESIAN_POINT('',(0.009099999999999999,0.,0.028200000000000003));
#1845=VERTEX_POINT('',#1844);
#1846=EDGE_CURVE('',#1845,#1837,#1843,.T.);
#1847=ORIENTED_EDGE('',*,*,#1846,.F.);
#1848=CARTESIAN_POINT('',(0.008499999999999999,0.,0.028200000000000003));
#1849=DIRECTION('',(1.,0.,0.));
#1850=VECTOR('',#1849,1.);
#1851=LINE('',#1848,#1850);
#1852=EDGE_CURVE('',#1829,#1845,#1851,.T.);
#1853=ORIENTED_EDGE('',*,*,#1852,.F.);
#1854=EDGE_LOOP('',(#1831,#1839,#1847,#1853));
#1855=FACE_BOUND('',#1854,.T.);
#1856=CARTESIAN_POINT('',(0.005999999999999998,0.,0.028800000000000003));
#1857=DIRECTION('',(-1.,0.,0.));
#1858=VECTOR('',#1857,1.);
#1859=LINE('',#1856,#1858);
#1860=CARTESIAN_POINT('',(0.006599999999999998,0.,0.028800000000000003));
#1861=VERTEX_POINT('',#1860);
#1862=CARTESIAN_POINT('',(0.005999999999999998,0.,0.028800000000000003));
#1863=VERTEX_POINT('',#1862);
#1864=EDGE_CURVE('',#1861,#1863,#1859,.T.);
#1865=ORIENTED_EDGE('',*,*,#1864,.F.);
#1866=CARTESIAN_POINT('',(0.006599999999999998,0.,0.028200000000000003));
#1867=DIRECTION('',(0.,0.,1.));
#1868=VECTOR('',#1867,1.);
#1869=LINE('',#1866,#1868);
#1870=CARTESIAN_POINT('',(0.006599999999999998,0.,0.028200000000000003));
#1871=VERTEX_POINT('',#1870);
#1872=EDGE_CURVE('',#1871,#1861,#1869,.T.);
#1873=ORIENTED_EDGE('',*,*,#1872,.F.);
#1874=CARTESIAN_POINT('',(0.005999999999999998,0.,0.028200000000000003));
#1875=DIRECTION('',(1.,0.,0.));
#1876=VECTOR('',#1875,1.);
#1877=LINE('',#1874,#1876);
#1878=CARTESIAN_POINT('',(0.005999999999999998,0.,0.028200000000000003));
#1879=VERTEX_POINT('',#1878);
#1880=EDGE_CURVE('',#1879,#1871,#1877,.T.);
#1881=ORIENTED_EDGE('',*,*,#1880,.F.);
#1882=CARTESIAN_POINT('',(0.005999999999999998,0.,0.028200000000000003));
#1883=DIRECTION('',(0.,0.,-1.));
#1884=VECTOR('',#1883,1.);
#1885=LINE('',#1882,#1884);
#1886=EDGE_CURVE('',#1863,#1879,#1885,.T.);
#1887=ORIENTED_EDGE('',*,*,#1886,.F.);
#1888=EDGE_LOOP('',(#1865,#1873,#1881,#1887));
#1889=FACE_BOUND('',#1888,.T.);
#1890=CARTESIAN_POINT('',(0.,0.,0.));
#1891=DIRECTION('',(1.2246467991473515E-16,0.,1.));
#1892=VECTOR('',#1891,1.);
#1893=LINE('',#1890,#1892);
#1894=CARTESIAN_POINT('',(0.,0.,0.));
#1895=VERTEX_POINT('',#1894);
#1896=CARTESIAN_POINT('',(3.9494859272502084E-18,0.,0.03225));
#1897=VERTEX_POINT('',#1896);
#1898=EDGE_CURVE('',#1895,#1897,#1893,.T.);
#1899=ORIENTED_EDGE('',*,*,#1898,.F.);
#1900=CARTESIAN_POINT('',(0.,0.,0.));
#1901=DIRECTION('',(-1.,0.,0.));
#1902=VECTOR('',#1901,1.);
#1903=LINE('',#1900,#1902);
#1904=CARTESIAN_POINT('',(0.0201,0.,0.));
#1905=VERTEX_POINT('',#1904);
#1906=EDGE_CURVE('',#1905,#1895,#1903,.T.);
#1907=ORIENTED_EDGE('',*,*,#1906,.F.);
#1908=CARTESIAN_POINT('',(0.0201,0.,0.));
#1909=DIRECTION('',(-1.0757975044817408E-16,0.,-1.));
#1910=VECTOR('',#1909,1.);
#1911=LINE('',#1908,#1910);
#1912=CARTESIAN_POINT('',(0.020100000000000003,0.,0.03225));
#1913=VERTEX_POINT('',#1912);
#1914=EDGE_CURVE('',#1913,#1905,#1911,.T.);
#1915=ORIENTED_EDGE('',*,*,#1914,.F.);
#1916=CARTESIAN_POINT('',(3.9494859272502084E-18,0.,0.03225));
#1917=DIRECTION('',(1.,0.,0.));
#1918=VECTOR('',#1917,1.);
#1919=LINE('',#1916,#1918);
#1920=EDGE_CURVE('',#1897,#1913,#1919,.T.);
#1921=ORIENTED_EDGE('',*,*,#1920,.F.);
#1922=EDGE_LOOP('',(#1899,#1907,#1915,#1921));
#1923=FACE_BOUND('',#1922,.T.);
#1924=CARTESIAN_POINT('',(0.002550000000000002,0.,0.0026250000000000023));
#1925=DIRECTION('',(0.,1.,0.));
#1926=DIRECTION('',(0.,0.,1.));
#1927=AXIS2_PLACEMENT_3D('',#1924,#1925,#1926);
#1928=CIRCLE('',#1927,0.0014999999999999996);
#1929=CARTESIAN_POINT('',(0.002550000000000002,0.,0.004125000000000002));
#1930=VERTEX_POINT('',#1929);
#1931=EDGE_CURVE('',#1930,#1930,#1928,.T.);
#1932=ORIENTED_EDGE('',*,*,#1931,.T.);
#1933=EDGE_LOOP('',(#1932));
#1934=FACE_BOUND('',#1933,.T.);
#1935=CARTESIAN_POINT('',(0.017550000000000003,0.,0.0026250000000000023));
#1936=DIRECTION('',(0.,1.,0.));
#1937=DIRECTION('',(0.,0.,1.));
#1938=AXIS2_PLACEMENT_3D('',#1935,#1936,#1937);
#1939=CIRCLE('',#1938,0.0015000000000000007);
#1940=CARTESIAN_POINT('',(0.017550000000000003,0.,0.004125000000000003));
#1941=VERTEX_POINT('',#1940);
#1942=EDGE_CURVE('',#1941,#1941,#1939,.T.);
#1943=ORIENTED_EDGE('',*,*,#1942,.T.);
#1944=EDGE_LOOP('',(#1943));
#1945=FACE_BOUND('',#1944,.T.);
#1946=CARTESIAN_POINT('',(0.0025500000000000054,0.,0.029625000000000002));
#1947=DIRECTION('',(0.,1.,0.));
#1948=DIRECTION('',(0.,0.,1.));
#1949=AXIS2_PLACEMENT_3D('',#1946,#1947,#1948);
#1950=CIRCLE('',#1949,0.0015);
#1951=CARTESIAN_POINT('',(0.0025500000000000054,0.,0.031125000000000003));
#1952=VERTEX_POINT('',#1951);
#1953=EDGE_CURVE('',#1952,#1952,#1950,.T.);
#1954=ORIENTED_EDGE('',*,*,#1953,.T.);
#1955=EDGE_LOOP('',(#1954));
#1956=FACE_BOUND('',#1955,.T.);
#1957=CARTESIAN_POINT('',(0.017550000000000003,0.,0.029625000000000002));
#1958=DIRECTION('',(0.,1.,0.));
#1959=DIRECTION('',(0.,0.,1.));
#1960=AXIS2_PLACEMENT_3D('',#1957,#1958,#1959);
#1961=CIRCLE('',#1960,0.001500000000000001);
#1962=CARTESIAN_POINT('',(0.017550000000000003,0.,0.031125000000000003));
#1963=VERTEX_POINT('',#1962);
#1964=EDGE_CURVE('',#1963,#1963,#1961,.T.);
#1965=ORIENTED_EDGE('',*,*,#1964,.T.);
#1966=EDGE_LOOP('',(#1965));
#1967=FACE_BOUND('',#1966,.T.);
#1968=ADVANCED_FACE('',(#1753,#1787,#1821,#1855,#1889,#1923,#1934,#1945,#1956,#1967),#1742,.F.);
#1969=CARTESIAN_POINT('',(0.,0.0015,0.));
#1970=DIRECTION('',(1.,0.,-1.2246467991473515E-16));
#1971=DIRECTION('',(-1.2246467991473515E-16,0.,-1.));
#1972=AXIS2_PLACEMENT_3D('',#1969,#1970,#1971);
#1973=PLANE('',#1972);
#1974=CARTESIAN_POINT('',(0.,0.0015,0.));
#1975=DIRECTION('',(0.,-1.,0.));
#1976=VECTOR('',#1975,1.);
#1977=LINE('',#1974,#1976);
#1978=EDGE_CURVE('',#1895,#1478,#1977,.T.);
#1979=ORIENTED_EDGE('',*,*,#1978,.T.);
#1980=CARTESIAN_POINT('',(0.,0.0015,0.));
#1981=DIRECTION('',(1.2246467991473515E-16,0.,1.));
#1982=VECTOR('',#1981,1.);
#1983=LINE('',#1980,#1982);
#1984=EDGE_CURVE('',#1476,#1478,#1983,.T.);
#1985=ORIENTED_EDGE('',*,*,#1984,.F.);
#1986=CARTESIAN_POINT('',(3.9494859272502084E-18,0.0015,0.03225));
#1987=DIRECTION('',(0.,-1.,0.));
#1988=VECTOR('',#1987,1.);
#1989=LINE('',#1986,#1988);
#1990=EDGE_CURVE('',#1476,#1897,#1989,.T.);
#1991=ORIENTED_EDGE('',*,*,#1990,.T.);
#1992=CARTESIAN_POINT('',(0.,0.,0.));
#1993=DIRECTION('',(1.2246467991473515E-16,0.,1.));
#1994=VECTOR('',#1993,1.);
#1995=LINE('',#1992,#1994);
#1996=EDGE_CURVE('',#1895,#1897,#1995,.T.);
#1997=ORIENTED_EDGE('',*,*,#1996,.F.);
#1998=EDGE_LOOP('',(#1979,#1985,#1991,#1997));
#1999=FACE_OUTER_BOUND('',#1998,.T.);
#2000=ADVANCED_FACE('',(#1999),#1973,.F.);
#2001=CARTESIAN_POINT('',(3.9494859272502084E-18,0.0015,0.03225));
#2002=DIRECTION('',(0.,0.,-1.));
#2003=DIRECTION('',(-1.,0.,0.));
#2004=AXIS2_PLACEMENT_3D('',#2001,#2002,#2003);
#2005=PLANE('',#2004);
#2006=CARTESIAN_POINT('',(3.9494859272502084E-18,0.0015,0.03225));
#2007=DIRECTION('',(0.,-1.,0.));
#2008=VECTOR('',#2007,1.);
#2009=LINE('',#2006,#2008);
#2010=EDGE_CURVE('',#1476,#1897,#2009,.T.);
#2011=ORIENTED_EDGE('',*,*,#2010,.F.);
#2012=CARTESIAN_POINT('',(3.9494859272502084E-18,0.0015,0.03225));
#2013=DIRECTION('',(1.,0.,0.));
#2014=VECTOR('',#2013,1.);
#2015=LINE('',#2012,#2014);
#2016=EDGE_CURVE('',#1494,#1476,#2015,.T.);
#2017=ORIENTED_EDGE('',*,*,#2016,.F.);
#2018=CARTESIAN_POINT('',(0.020100000000000003,0.0015,0.03225));
#2019=DIRECTION('',(0.,-1.,0.));
#2020=VECTOR('',#2019,1.);
#2021=LINE('',#2018,#2020);
#2022=EDGE_CURVE('',#1494,#1913,#2021,.T.);
#2023=ORIENTED_EDGE('',*,*,#2022,.T.);
#2024=CARTESIAN_POINT('',(3.9494859272502084E-18,0.,0.03225));
#2025=DIRECTION('',(1.,0.,0.));
#2026=VECTOR('',#2025,1.);
#2027=LINE('',#2024,#2026);
#2028=EDGE_CURVE('',#1897,#1913,#2027,.T.);
#2029=ORIENTED_EDGE('',*,*,#2028,.F.);
#2030=EDGE_LOOP('',(#2011,#2017,#2023,#2029));
#2031=FACE_OUTER_BOUND('',#2030,.T.);
#2032=ADVANCED_FACE('',(#2031),#2005,.F.);
#2033=CARTESIAN_POINT('',(0.0201,0.0015,0.));
#2034=DIRECTION('',(-1.,0.,1.0757975044817408E-16));
#2035=DIRECTION('',(1.0757975044817408E-16,0.,1.));
#2036=AXIS2_PLACEMENT_3D('',#2033,#2034,#2035);
#2037=PLANE('',#2036);
#2038=CARTESIAN_POINT('',(0.020100000000000003,0.0015,0.03225));
#2039=DIRECTION('',(0.,-1.,0.));
#2040=VECTOR('',#2039,1.);
#2041=LINE('',#2038,#2040);
#2042=EDGE_CURVE('',#1494,#1913,#2041,.T.);
#2043=ORIENTED_EDGE('',*,*,#2042,.F.);
#2044=CARTESIAN_POINT('',(0.0201,0.0015,0.));
#2045=DIRECTION('',(-1.0757975044817408E-16,0.,-1.));
#2046=VECTOR('',#2045,1.);
#2047=LINE('',#2044,#2046);
#2048=EDGE_CURVE('',#1486,#1494,#2047,.T.);
#2049=ORIENTED_EDGE('',*,*,#2048,.F.);
#2050=CARTESIAN_POINT('',(0.0201,0.0015,0.));
#2051=DIRECTION('',(0.,-1.,0.));
#2052=VECTOR('',#2051,1.);
#2053=LINE('',#2050,#2052);
#2054=EDGE_CURVE('',#1486,#1905,#2053,.T.);
#2055=ORIENTED_EDGE('',*,*,#2054,.T.);
#2056=CARTESIAN_POINT('',(0.0201,0.,0.));
#2057=DIRECTION('',(-1.0757975044817408E-16,0.,-1.));
#2058=VECTOR('',#2057,1.);
#2059=LINE('',#2056,#2058);
#2060=EDGE_CURVE('',#1913,#1905,#2059,.T.);
#2061=ORIENTED_EDGE('',*,*,#2060,.F.);
#2062=EDGE_LOOP('',(#2043,#2049,#2055,#2061));
#2063=FACE_OUTER_BOUND('',#2062,.T.);
#2064=ADVANCED_FACE('',(#2063),#2037,.F.);
#2065=CARTESIAN_POINT('',(0.,0.0015,0.));
#2066=DIRECTION('',(0.,0.,1.));
#2067=DIRECTION('',(1.,0.,0.));
#2068=AXIS2_PLACEMENT_3D('',#2065,#2066,#2067);
#2069=PLANE('',#2068);
#2070=CARTESIAN_POINT('',(0.0201,0.0015,0.));
#2071=DIRECTION('',(0.,-1.,0.));
#2072=VECTOR('',#2071,1.);
#2073=LINE('',#2070,#2072);
#2074=EDGE_CURVE('',#1486,#1905,#2073,.T.);
#2075=ORIENTED_EDGE('',*,*,#2074,.F.);
#2076=CARTESIAN_POINT('',(0.,0.0015,0.));
#2077=DIRECTION('',(-1.,0.,0.));
#2078=VECTOR('',#2077,1.);
#2079=LINE('',#2076,#2078);
#2080=EDGE_CURVE('',#1478,#1486,#2079,.T.);
#2081=ORIENTED_EDGE('',*,*,#2080,.F.);
#2082=CARTESIAN_POINT('',(0.,0.0015,0.));
#2083=DIRECTION('',(0.,-1.,0.));
#2084=VECTOR('',#2083,1.);
#2085=LINE('',#2082,#2084);
#2086=EDGE_CURVE('',#1895,#1478,#2085,.T.);
#2087=ORIENTED_EDGE('',*,*,#2086,.F.);
#2088=CARTESIAN_POINT('',(0.,0.,0.));
#2089=DIRECTION('',(-1.,0.,0.));
#2090=VECTOR('',#2089,1.);
#2091=LINE('',#2088,#2090);
#2092=EDGE_CURVE('',#1905,#1895,#2091,.T.);
#2093=ORIENTED_EDGE('',*,*,#2092,.F.);
#2094=EDGE_LOOP('',(#2075,#2081,#2087,#2093));
#2095=FACE_OUTER_BOUND('',#2094,.T.);
#2096=ADVANCED_FACE('',(#2095),#2069,.F.);
#2097=CARTESIAN_POINT('',(0.002550000000000002,0.0015,0.0026250000000000023));
#2098=DIRECTION('',(0.,-1.,0.));
#2099=DIRECTION('',(0.,0.,-1.));
#2100=AXIS2_PLACEMENT_3D('',#2097,#2098,#2099);
#2101=CYLINDRICAL_SURFACE('',#2100,0.0014999999999999996);
#2102=CARTESIAN_POINT('',(0.002550000000000002,0.0015,0.0026250000000000023));
#2103=DIRECTION('',(0.,1.,0.));
#2104=DIRECTION('',(0.,0.,1.));
#2105=AXIS2_PLACEMENT_3D('',#2102,#2103,#2104);
#2106=CIRCLE('',#2105,0.0014999999999999996);
#2107=EDGE_CURVE('',#1511,#1511,#2106,.T.);
#2108=ORIENTED_EDGE('',*,*,#2107,.T.);
#2109=EDGE_LOOP('',(#2108));
#2110=FACE_OUTER_BOUND('',#2109,.T.);
#2111=CARTESIAN_POINT('',(0.002550000000000002,0.,0.0026250000000000023));
#2112=DIRECTION('',(0.,1.,0.));
#2113=DIRECTION('',(0.,0.,1.));
#2114=AXIS2_PLACEMENT_3D('',#2111,#2112,#2113);
#2115=CIRCLE('',#2114,0.0014999999999999996);
#2116=EDGE_CURVE('',#1930,#1930,#2115,.T.);
#2117=ORIENTED_EDGE('',*,*,#2116,.F.);
#2118=EDGE_LOOP('',(#2117));
#2119=FACE_BOUND('',#2118,.T.);
#2120=ADVANCED_FACE('',(#2110,#2119),#2101,.F.);
#2121=CARTESIAN_POINT('',(0.017550000000000003,0.0015,0.0026250000000000023));
#2122=DIRECTION('',(0.,-1.,0.));
#2123=DIRECTION('',(0.,0.,-1.));
#2124=AXIS2_PLACEMENT_3D('',#2121,#2122,#2123);
#2125=CYLINDRICAL_SURFACE('',#2124,0.0015000000000000007);
#2126=CARTESIAN_POINT('',(0.017550000000000003,0.0015,0.0026250000000000023));
#2127=DIRECTION('',(0.,1.,0.));
#2128=DIRECTION('',(0.,0.,1.));
#2129=AXIS2_PLACEMENT_3D('',#2126,#2127,#2128);
#2130=CIRCLE('',#2129,0.0015000000000000007);
#2131=EDGE_CURVE('',#1466,#1466,#2130,.T.);
#2132=ORIENTED_EDGE('',*,*,#2131,.T.);
#2133=EDGE_LOOP('',(#2132));
#2134=FACE_OUTER_BOUND('',#2133,.T.);
#2135=CARTESIAN_POINT('',(0.017550000000000003,0.,0.0026250000000000023));
#2136=DIRECTION('',(0.,1.,0.));
#2137=DIRECTION('',(0.,0.,1.));
#2138=AXIS2_PLACEMENT_3D('',#2135,#2136,#2137);
#2139=CIRCLE('',#2138,0.0015000000000000007);
#2140=EDGE_CURVE('',#1941,#1941,#2139,.T.);
#2141=ORIENTED_EDGE('',*,*,#2140,.F.);
#2142=EDGE_LOOP('',(#2141));
#2143=FACE_BOUND('',#2142,.T.);
#2144=ADVANCED_FACE('',(#2134,#2143),#2125,.F.);
#2145=CARTESIAN_POINT('',(0.0025500000000000054,0.0015,0.029625000000000002));
#2146=DIRECTION('',(0.,-1.,0.));
#2147=DIRECTION('',(0.,0.,-1.));
#2148=AXIS2_PLACEMENT_3D('',#2145,#2146,#2147);
#2149=CYLINDRICAL_SURFACE('',#2148,0.0015);
#2150=CARTESIAN_POINT('',(0.0025500000000000054,0.0015,0.029625000000000002));
#2151=DIRECTION('',(0.,1.,0.));
#2152=DIRECTION('',(0.,0.,1.));
#2153=AXIS2_PLACEMENT_3D('',#2150,#2151,#2152);
#2154=CIRCLE('',#2153,0.0015);
#2155=EDGE_CURVE('',#1522,#1522,#2154,.T.);
#2156=ORIENTED_EDGE('',*,*,#2155,.T.);
#2157=EDGE_LOOP('',(#2156));
#2158=FACE_OUTER_BOUND('',#2157,.T.);
#2159=CARTESIAN_POINT('',(0.0025500000000000054,0.,0.029625000000000002));
#2160=DIRECTION('',(0.,1.,0.));
#2161=DIRECTION('',(0.,0.,1.));
#2162=AXIS2_PLACEMENT_3D('',#2159,#2160,#2161);
#2163=CIRCLE('',#2162,0.0015);
#2164=EDGE_CURVE('',#1952,#1952,#2163,.T.);
#2165=ORIENTED_EDGE('',*,*,#2164,.F.);
#2166=EDGE_LOOP('',(#2165));
#2167=FACE_BOUND('',#2166,.T.);
#2168=ADVANCED_FACE('',(#2158,#2167),#2149,.F.);
#2169=CARTESIAN_POINT('',(0.017550000000000003,0.0015,0.029625000000000002));
#2170=DIRECTION('',(0.,-1.,0.));
#2171=DIRECTION('',(0.,0.,-1.));
#2172=AXIS2_PLACEMENT_3D('',#2169,#2170,#2171);
#2173=CYLINDRICAL_SURFACE('',#2172,0.001500000000000001);
#2174=CARTESIAN_POINT('',(0.017550000000000003,0.0015,0.029625000000000002));
#2175=DIRECTION('',(0.,1.,0.));
#2176=DIRECTION('',(0.,0.,1.));
#2177=AXIS2_PLACEMENT_3D('',#2174,#2175,#2176);
#2178=CIRCLE('',#2177,0.001500000000000001);
#2179=EDGE_CURVE('',#1455,#1455,#2178,.T.);
#2180=ORIENTED_EDGE('',*,*,#2179,.T.);
#2181=EDGE_LOOP('',(#2180));
#2182=FACE_OUTER_BOUND('',#2181,.T.);
#2183=CARTESIAN_POINT('',(0.017550000000000003,0.,0.029625000000000002));
#2184=DIRECTION('',(0.,1.,0.));
#2185=DIRECTION('',(0.,0.,1.));
#2186=AXIS2_PLACEMENT_3D('',#2183,#2184,#2185);
#2187=CIRCLE('',#2186,0.001500000000000001);
#2188=EDGE_CURVE('',#1963,#1963,#2187,.T.);
#2189=ORIENTED_EDGE('',*,*,#2188,.F.);
#2190=EDGE_LOOP('',(#2189));
#2191=FACE_BOUND('',#2190,.T.);
#2192=ADVANCED_FACE('',(#2182,#2191),#2173,.F.);
#2193=CARTESIAN_POINT('',(0.007299999999999999,0.0035,0.029500000000000002));
#2194=DIRECTION('',(0.,1.,0.));
#2195=DIRECTION('',(0.,0.,1.));
#2196=AXIS2_PLACEMENT_3D('',#2193,#2194,#2195);
#2197=PLANE('',#2196);
#2198=CARTESIAN_POINT('',(0.0078,0.0035,0.029750000000000002));
#2199=CARTESIAN_POINT('',(0.00755,0.0035,0.029750000000000002));
#2200=CARTESIAN_POINT('',(0.007549999999999999,0.0035,0.029500000000000002));
#2201=(BOUNDED_CURVE() B_SPLINE_CURVE(2,(#2198,#2199,#2200),.UNSPECIFIED.,.F.,.F.) B_SPLINE_CURVE_WITH_KNOTS((3,3),(0.,1.),.UNSPECIFIED.) CURVE() GEOMETRIC_REPRESENTATION_ITEM() RATIONAL_B_SPLINE_CURVE((1.,0.7071067811865476,1.)) REPRESENTATION_ITEM(''));
#2202=CARTESIAN_POINT('',(0.0078,0.0035,0.029750000000000002));
#2203=VERTEX_POINT('',#2202);
#2204=CARTESIAN_POINT('',(0.007549999999999999,0.0035,0.029500000000000002));
#2205=VERTEX_POINT('',#2204);
#2206=EDGE_CURVE('',#2203,#2205,#2201,.T.);
#2207=ORIENTED_EDGE('',*,*,#2206,.F.);
#2208=CARTESIAN_POINT('',(0.0078,0.0035,0.029750000000000002));
#2209=DIRECTION('',(1.,0.,0.));
#2210=VECTOR('',#2209,1.);
#2211=LINE('',#2208,#2210);
#2212=CARTESIAN_POINT('',(0.0098,0.0035,0.029750000000000002));
#2213=VERTEX_POINT('',#2212);
#2214=EDGE_CURVE('',#2213,#2203,#2211,.T.);
#2215=ORIENTED_EDGE('',*,*,#2214,.F.);
#2216=CARTESIAN_POINT('',(0.01005,0.0035,0.029500000000000002));
#2217=CARTESIAN_POINT('',(0.01005,0.0035,0.029750000000000002));
#2218=CARTESIAN_POINT('',(0.0098,0.0035,0.029750000000000002));
#2219=(BOUNDED_CURVE() B_SPLINE_CURVE(2,(#2216,#2217,#2218),.UNSPECIFIED.,.F.,.F.) B_SPLINE_CURVE_WITH_KNOTS((3,3),(0.,1.),.UNSPECIFIED.) CURVE() GEOMETRIC_REPRESENTATION_ITEM() RATIONAL_B_SPLINE_CURVE((1.,0.7071067811865476,1.)) REPRESENTATION_ITEM(''));
#2220=CARTESIAN_POINT('',(0.01005,0.0035,0.029500000000000002));
#2221=VERTEX_POINT('',#2220);
#2222=EDGE_CURVE('',#2221,#2213,#2219,.T.);
#2223=ORIENTED_EDGE('',*,*,#2222,.F.);
#2224=CARTESIAN_POINT('',(0.0103,0.0035,0.029750000000000002));
#2225=CARTESIAN_POINT('',(0.01005,0.0035,0.029750000000000002));
#2226=CARTESIAN_POINT('',(0.01005,0.0035,0.029500000000000002));
#2227=(BOUNDED_CURVE() B_SPLINE_CURVE(2,(#2224,#2225,#2226),.UNSPECIFIED.,.F.,.F.) B_SPLINE_CURVE_WITH_KNOTS((3,3),(0.,1.),.UNSPECIFIED.) CURVE() GEOMETRIC_REPRESENTATION_ITEM() RATIONAL_B_SPLINE_CURVE((1.,0.7071067811865476,1.)) REPRESENTATION_ITEM(''));
#2228=CARTESIAN_POINT('',(0.0103,0.0035,0.029750000000000002));
#2229=VERTEX_POINT('',#2228);
#2230=EDGE_CURVE('',#2229,#2221,#2227,.T.);
#2231=ORIENTED_EDGE('',*,*,#2230,.F.);
#2232=CARTESIAN_POINT('',(0.0103,0.0035,0.029750000000000002));
#2233=DIRECTION('',(1.,0.,0.));
#2234=VECTOR('',#2233,1.);
#2235=LINE('',#2232,#2234);
#2236=CARTESIAN_POINT('',(0.012299999999999998,0.0035,0.029750000000000002));
#2237=VERTEX_POINT('',#2236);
#2238=EDGE_CURVE('',#2237,#2229,#2235,.T.);
#2239=ORIENTED_EDGE('',*,*,#2238,.F.);
#2240=CARTESIAN_POINT('',(0.012549999999999999,0.0035,0.029500000000000002));
#2241=CARTESIAN_POINT('',(0.012549999999999999,0.0035,0.029750000000000002));
#2242=CARTESIAN_POINT('',(0.012299999999999998,0.0035,0.029750000000000002));
#2243=(BOUNDED_CURVE() B_SPLINE_CURVE(2,(#2240,#2241,#2242),.UNSPECIFIED.,.F.,.F.) B_SPLINE_CURVE_WITH_KNOTS((3,3),(0.,1.),.UNSPECIFIED.) CURVE() GEOMETRIC_REPRESENTATION_ITEM() RATIONAL_B_SPLINE_CURVE((1.,0.7071067811865476,1.)) REPRESENTATION_ITEM(''));
#2244=CARTESIAN_POINT('',(0.012549999999999999,0.0035,0.029500000000000002));
#2245=VERTEX_POINT('',#2244);
#2246=EDGE_CURVE('',#2245,#2237,#2243,.T.);
#2247=ORIENTED_EDGE('',*,*,#2246,.F.);
#2248=CARTESIAN_POINT('',(0.012799999999999999,0.0035,0.029750000000000002));
#2249=CARTESIAN_POINT('',(0.01255,0.0035,0.029750000000000002));
#2250=CARTESIAN_POINT('',(0.012549999999999999,0.0035,0.029500000000000002));
#2251=(BOUNDED_CURVE() B_SPLINE_CURVE(2,(#2248,#2249,#2250),.UNSPECIFIED.,.F.,.F.) B_SPLINE_CURVE_WITH_KNOTS((3,3),(0.,1.),.UNSPECIFIED.) CURVE() GEOMETRIC_REPRESENTATION_ITEM() RATIONAL_B_SPLINE_CURVE((1.,0.7071067811865476,1.)) REPRESENTATION_ITEM(''));
#2252=CARTESIAN_POINT('',(0.012799999999999999,0.0035,0.029750000000000002));
#2253=VERTEX_POINT('',#2252);
#2254=EDGE_CURVE('',#2253,#2245,#2251,.T.);
#2255=ORIENTED_EDGE('',*,*,#2254,.F.);
#2256=CARTESIAN_POINT('',(0.012799999999999999,0.0035,0.029750000000000002));
#2257=DIRECTION('',(1.,0.,0.));
#2258=VECTOR('',#2257,1.);
#2259=LINE('',#2256,#2258);
#2260=CARTESIAN_POINT('',(0.014799999999999999,0.0035,0.029750000000000002));
#2261=VERTEX_POINT('',#2260);
#2262=EDGE_CURVE('',#2261,#2253,#2259,.T.);
#2263=ORIENTED_EDGE('',*,*,#2262,.F.);
#2264=CARTESIAN_POINT('',(0.015050000000000001,0.0035,0.029500000000000002));
#2265=CARTESIAN_POINT('',(0.01505,0.0035,0.029750000000000002));
#2266=CARTESIAN_POINT('',(0.014799999999999999,0.0035,0.029750000000000002));
#2267=(BOUNDED_CURVE() B_SPLINE_CURVE(2,(#2264,#2265,#2266),.UNSPECIFIED.,.F.,.F.) B_SPLINE_CURVE_WITH_KNOTS((3,3),(0.,1.),.UNSPECIFIED.) CURVE() GEOMETRIC_REPRESENTATION_ITEM() RATIONAL_B_SPLINE_CURVE((1.,0.7071067811865476,1.)) REPRESENTATION_ITEM(''));
#2268=CARTESIAN_POINT('',(0.015050000000000001,0.0035,0.029500000000000002));
#2269=VERTEX_POINT('',#2268);
#2270=EDGE_CURVE('',#2269,#2261,#2267,.T.);
#2271=ORIENTED_EDGE('',*,*,#2270,.F.);
#2272=CARTESIAN_POINT('',(0.01505,0.0035,0.027500000000000004));
#2273=DIRECTION('',(-8.673617379884042E-16,0.,-1.));
#2274=VECTOR('',#2273,1.);
#2275=LINE('',#2272,#2274);
#2276=CARTESIAN_POINT('',(0.01505,0.0035,0.027500000000000004));
#2277=VERTEX_POINT('',#2276);
#2278=EDGE_CURVE('',#2277,#2269,#2275,.T.);
#2279=ORIENTED_EDGE('',*,*,#2278,.F.);
#2280=CARTESIAN_POINT('',(0.014799999999999999,0.0035,0.027250000000000003));
#2281=CARTESIAN_POINT('',(0.01505,0.0035,0.027250000000000003));
#2282=CARTESIAN_POINT('',(0.01505,0.0035,0.027500000000000004));
#2283=(BOUNDED_CURVE() B_SPLINE_CURVE(2,(#2280,#2281,#2282),.UNSPECIFIED.,.F.,.F.) B_SPLINE_CURVE_WITH_KNOTS((3,3),(0.,1.),.UNSPECIFIED.) CURVE() GEOMETRIC_REPRESENTATION_ITEM() RATIONAL_B_SPLINE_CURVE((1.,0.7071067811865476,1.)) REPRESENTATION_ITEM(''));
#2284=CARTESIAN_POINT('',(0.014799999999999999,0.0035,0.027250000000000003));
#2285=VERTEX_POINT('',#2284);
#2286=EDGE_CURVE('',#2285,#2277,#2283,.T.);
#2287=ORIENTED_EDGE('',*,*,#2286,.F.);
#2288=CARTESIAN_POINT('',(0.012799999999999999,0.0035,0.027250000000000003));
#2289=DIRECTION('',(-1.,0.,0.));
#2290=VECTOR('',#2289,1.);
#2291=LINE('',#2288,#2290);
#2292=CARTESIAN_POINT('',(0.012799999999999999,0.0035,0.027250000000000003));
#2293=VERTEX_POINT('',#2292);
#2294=EDGE_CURVE('',#2293,#2285,#2291,.T.);
#2295=ORIENTED_EDGE('',*,*,#2294,.F.);
#2296=CARTESIAN_POINT('',(0.012549999999999999,0.0035,0.027500000000000004));
#2297=CARTESIAN_POINT('',(0.012549999999999999,0.0035,0.027250000000000003));
#2298=CARTESIAN_POINT('',(0.012799999999999999,0.0035,0.027250000000000003));
#2299=(BOUNDED_CURVE() B_SPLINE_CURVE(2,(#2296,#2297,#2298),.UNSPECIFIED.,.F.,.F.) B_SPLINE_CURVE_WITH_KNOTS((3,3),(0.,1.),.UNSPECIFIED.) CURVE() GEOMETRIC_REPRESENTATION_ITEM() RATIONAL_B_SPLINE_CURVE((1.,0.7071067811865476,1.)) REPRESENTATION_ITEM(''));
#2300=CARTESIAN_POINT('',(0.012549999999999999,0.0035,0.027500000000000004));
#2301=VERTEX_POINT('',#2300);
#2302=EDGE_CURVE('',#2301,#2293,#2299,.T.);
#2303=ORIENTED_EDGE('',*,*,#2302,.F.);
#2304=CARTESIAN_POINT('',(0.012299999999999998,0.0035,0.027250000000000003));
#2305=CARTESIAN_POINT('',(0.012549999999999999,0.0035,0.027250000000000003));
#2306=CARTESIAN_POINT('',(0.012549999999999999,0.0035,0.027500000000000004));
#2307=(BOUNDED_CURVE() B_SPLINE_CURVE(2,(#2304,#2305,#2306),.UNSPECIFIED.,.F.,.F.) B_SPLINE_CURVE_WITH_KNOTS((3,3),(0.,1.),.UNSPECIFIED.) CURVE() GEOMETRIC_REPRESENTATION_ITEM() RATIONAL_B_SPLINE_CURVE((1.,0.7071067811865476,1.)) REPRESENTATION_ITEM(''));
#2308=CARTESIAN_POINT('',(0.012299999999999998,0.0035,0.027250000000000003));
#2309=VERTEX_POINT('',#2308);
#2310=EDGE_CURVE('',#2309,#2301,#2307,.T.);
#2311=ORIENTED_EDGE('',*,*,#2310,.F.);
#2312=CARTESIAN_POINT('',(0.0103,0.0035,0.027250000000000003));
#2313=DIRECTION('',(-1.,0.,0.));
#2314=VECTOR('',#2313,1.);
#2315=LINE('',#2312,#2314);
#2316=CARTESIAN_POINT('',(0.0103,0.0035,0.027250000000000003));
#2317=VERTEX_POINT('',#2316);
#2318=EDGE_CURVE('',#2317,#2309,#2315,.T.);
#2319=ORIENTED_EDGE('',*,*,#2318,.F.);
#2320=CARTESIAN_POINT('',(0.01005,0.0035,0.027500000000000004));
#2321=CARTESIAN_POINT('',(0.01005,0.0035,0.027250000000000003));
#2322=CARTESIAN_POINT('',(0.0103,0.0035,0.027250000000000003));
#2323=(BOUNDED_CURVE() B_SPLINE_CURVE(2,(#2320,#2321,#2322),.UNSPECIFIED.,.F.,.F.) B_SPLINE_CURVE_WITH_KNOTS((3,3),(0.,1.),.UNSPECIFIED.) CURVE() GEOMETRIC_REPRESENTATION_ITEM() RATIONAL_B_SPLINE_CURVE((1.,0.7071067811865476,1.)) REPRESENTATION_ITEM(''));
#2324=CARTESIAN_POINT('',(0.01005,0.0035,0.027500000000000004));
#2325=VERTEX_POINT('',#2324);
#2326=EDGE_CURVE('',#2325,#2317,#2323,.T.);
#2327=ORIENTED_EDGE('',*,*,#2326,.F.);
#2328=CARTESIAN_POINT('',(0.0098,0.0035,0.027250000000000003));
#2329=CARTESIAN_POINT('',(0.01005,0.0035,0.027250000000000003));
#2330=CARTESIAN_POINT('',(0.01005,0.0035,0.027500000000000004));
#2331=(BOUNDED_CURVE() B_SPLINE_CURVE(2,(#2328,#2329,#2330),.UNSPECIFIED.,.F.,.F.) B_SPLINE_CURVE_WITH_KNOTS((3,3),(0.,1.),.UNSPECIFIED.) CURVE() GEOMETRIC_REPRESENTATION_ITEM() RATIONAL_B_SPLINE_CURVE((1.,0.7071067811865476,1.)) REPRESENTATION_ITEM(''));
#2332=CARTESIAN_POINT('',(0.0098,0.0035,0.027250000000000003));
#2333=VERTEX_POINT('',#2332);
#2334=EDGE_CURVE('',#2333,#2325,#2331,.T.);
#2335=ORIENTED_EDGE('',*,*,#2334,.F.);
#2336=CARTESIAN_POINT('',(0.0078,0.0035,0.027250000000000003));
#2337=DIRECTION('',(-1.,0.,0.));
#2338=VECTOR('',#2337,1.);
#2339=LINE('',#2336,#2338);
#2340=CARTESIAN_POINT('',(0.0078,0.0035,0.027250000000000003));
#2341=VERTEX_POINT('',#2340);
#2342=EDGE_CURVE('',#2341,#2333,#2339,.T.);
#2343=ORIENTED_EDGE('',*,*,#2342,.F.);
#2344=CARTESIAN_POINT('',(0.007549999999999999,0.0035,0.027500000000000004));
#2345=CARTESIAN_POINT('',(0.007549999999999999,0.0035,0.027250000000000003));
#2346=CARTESIAN_POINT('',(0.0078,0.0035,0.027250000000000003));
#2347=(BOUNDED_CURVE() B_SPLINE_CURVE(2,(#2344,#2345,#2346),.UNSPECIFIED.,.F.,.F.) B_SPLINE_CURVE_WITH_KNOTS((3,3),(0.,1.),.UNSPECIFIED.) CURVE() GEOMETRIC_REPRESENTATION_ITEM() RATIONAL_B_SPLINE_CURVE((1.,0.7071067811865476,1.)) REPRESENTATION_ITEM(''));
#2348=CARTESIAN_POINT('',(0.007549999999999999,0.0035,0.027500000000000004));
#2349=VERTEX_POINT('',#2348);
#2350=EDGE_CURVE('',#2349,#2341,#2347,.T.);
#2351=ORIENTED_EDGE('',*,*,#2350,.F.);
#2352=CARTESIAN_POINT('',(0.007299999999999999,0.0035,0.027250000000000003));
#2353=CARTESIAN_POINT('',(0.007549999999999999,0.0035,0.027250000000000003));
#2354=CARTESIAN_POINT('',(0.007549999999999999,0.0035,0.027500000000000004));
#2355=(BOUNDED_CURVE() B_SPLINE_CURVE(2,(#2352,#2353,#2354),.UNSPECIFIED.,.F.,.F.) B_SPLINE_CURVE_WITH_KNOTS((3,3),(0.,1.),.UNSPECIFIED.) CURVE() GEOMETRIC_REPRESENTATION_ITEM() RATIONAL_B_SPLINE_CURVE((1.,0.7071067811865476,1.)) REPRESENTATION_ITEM(''));
#2356=CARTESIAN_POINT('',(0.007299999999999999,0.0035,0.027250000000000003));
#2357=VERTEX_POINT('',#2356);
#2358=EDGE_CURVE('',#2357,#2349,#2355,.T.);
#2359=ORIENTED_EDGE('',*,*,#2358,.F.);
#2360=CARTESIAN_POINT('',(0.0053,0.0035,0.027250000000000003));
#2361=DIRECTION('',(-1.,0.,0.));
#2362=VECTOR('',#2361,1.);
#2363=LINE('',#2360,#2362);
#2364=CARTESIAN_POINT('',(0.0053,0.0035,0.027250000000000003));
#2365=VERTEX_POINT('',#2364);
#2366=EDGE_CURVE('',#2365,#2357,#2363,.T.);
#2367=ORIENTED_EDGE('',*,*,#2366,.F.);
#2368=CARTESIAN_POINT('',(0.005049999999999999,0.0035,0.027500000000000004));
#2369=CARTESIAN_POINT('',(0.005049999999999999,0.0035,0.027250000000000003));
#2370=CARTESIAN_POINT('',(0.0053,0.0035,0.027250000000000003));
#2371=(BOUNDED_CURVE() B_SPLINE_CURVE(2,(#2368,#2369,#2370),.UNSPECIFIED.,.F.,.F.) B_SPLINE_CURVE_WITH_KNOTS((3,3),(0.,1.),.UNSPECIFIED.) CURVE() GEOMETRIC_REPRESENTATION_ITEM() RATIONAL_B_SPLINE_CURVE((1.,0.7071067811865476,1.)) REPRESENTATION_ITEM(''));
#2372=CARTESIAN_POINT('',(0.005049999999999999,0.0035,0.027500000000000004));
#2373=VERTEX_POINT('',#2372);
#2374=EDGE_CURVE('',#2373,#2365,#2371,.T.);
#2375=ORIENTED_EDGE('',*,*,#2374,.F.);
#2376=CARTESIAN_POINT('',(0.005049999999999999,0.0035,0.027500000000000004));
#2377=DIRECTION('',(0.,0.,1.));
#2378=VECTOR('',#2377,1.);
#2379=LINE('',#2376,#2378);
#2380=CARTESIAN_POINT('',(0.005049999999999999,0.0035,0.029500000000000002));
#2381=VERTEX_POINT('',#2380);
#2382=EDGE_CURVE('',#2381,#2373,#2379,.T.);
#2383=ORIENTED_EDGE('',*,*,#2382,.F.);
#2384=CARTESIAN_POINT('',(0.0053,0.0035,0.029750000000000002));
#2385=CARTESIAN_POINT('',(0.005049999999999999,0.0035,0.029750000000000002));
#2386=CARTESIAN_POINT('',(0.005049999999999999,0.0035,0.029500000000000002));
#2387=(BOUNDED_CURVE() B_SPLINE_CURVE(2,(#2384,#2385,#2386),.UNSPECIFIED.,.F.,.F.) B_SPLINE_CURVE_WITH_KNOTS((3,3),(0.,1.),.UNSPECIFIED.) CURVE() GEOMETRIC_REPRESENTATION_ITEM() RATIONAL_B_SPLINE_CURVE((1.,0.7071067811865476,1.)) REPRESENTATION_ITEM(''));
#2388=CARTESIAN_POINT('',(0.0053,0.0035,0.029750000000000002));
#2389=VERTEX_POINT('',#2388);
#2390=EDGE_CURVE('',#2389,#2381,#2387,.T.);
#2391=ORIENTED_EDGE('',*,*,#2390,.F.);
#2392=CARTESIAN_POINT('',(0.0053,0.0035,0.029750000000000002));
#2393=DIRECTION('',(1.,0.,0.));
#2394=VECTOR('',#2393,1.);
#2395=LINE('',#2392,#2394);
#2396=CARTESIAN_POINT('',(0.007299999999999999,0.0035,0.029750000000000002));
#2397=VERTEX_POINT('',#2396);
#2398=EDGE_CURVE('',#2397,#2389,#2395,.T.);
#2399=ORIENTED_EDGE('',*,*,#2398,.F.);
#2400=CARTESIAN_POINT('',(0.007549999999999999,0.0035,0.029500000000000002));
#2401=CARTESIAN_POINT('',(0.007549999999999999,0.0035,0.029750000000000002));
#2402=CARTESIAN_POINT('',(0.007299999999999999,0.0035,0.029750000000000002));
#2403=(BOUNDED_CURVE() B_SPLINE_CURVE(2,(#2400,#2401,#2402),.UNSPECIFIED.,.F.,.F.) B_SPLINE_CURVE_WITH_KNOTS((3,3),(0.,1.),.UNSPECIFIED.) CURVE() GEOMETRIC_REPRESENTATION_ITEM() RATIONAL_B_SPLINE_CURVE((1.,0.7071067811865476,1.)) REPRESENTATION_ITEM(''));
#2404=EDGE_CURVE('',#2205,#2397,#2403,.T.);
#2405=ORIENTED_EDGE('',*,*,#2404,.F.);
#2406=EDGE_LOOP('',(#2207,#2215,#2223,#2231,#2239,#2247,#2255,#2263,#2271,#2279,#2287,#2295,#2303,#2311,#2319,#2327,#2335,#2343,#2351,#2359,#2367,#2375,#2383,#2391,#2399,#2405));
#2407=FACE_OUTER_BOUND('',#2406,.T.);
#2408=CARTESIAN_POINT('',(0.006,0.0035,0.028200000000000003));
#2409=DIRECTION('',(-1.,0.,0.));
#2410=VECTOR('',#2409,1.);
#2411=LINE('',#2408,#2410);
#2412=CARTESIAN_POINT('',(0.0066,0.0035,0.028200000000000003));
#2413=VERTEX_POINT('',#2412);
#2414=CARTESIAN_POINT('',(0.005999999999999998,0.0035,0.028200000000000003));
#2415=VERTEX_POINT('',#2414);
#2416=EDGE_CURVE('',#2413,#2415,#2411,.T.);
#2417=ORIENTED_EDGE('',*,*,#2416,.F.);
#2418=CARTESIAN_POINT('',(0.0066,0.0035,0.028200000000000003));
#2419=DIRECTION('',(0.,0.,-1.));
#2420=VECTOR('',#2419,1.);
#2421=LINE('',#2418,#2420);
#2422=CARTESIAN_POINT('',(0.0066,0.0035,0.028800000000000003));
#2423=VERTEX_POINT('',#2422);
#2424=EDGE_CURVE('',#2423,#2413,#2421,.T.);
#2425=ORIENTED_EDGE('',*,*,#2424,.F.);
#2426=CARTESIAN_POINT('',(0.006,0.0035,0.028800000000000003));
#2427=DIRECTION('',(1.,0.,0.));
#2428=VECTOR('',#2427,1.);
#2429=LINE('',#2426,#2428);
#2430=CARTESIAN_POINT('',(0.006,0.0035,0.028800000000000003));
#2431=VERTEX_POINT('',#2430);
#2432=EDGE_CURVE('',#2431,#2423,#2429,.T.);
#2433=ORIENTED_EDGE('',*,*,#2432,.F.);
#2434=CARTESIAN_POINT('',(0.006,0.0035,0.028200000000000003));
#2435=DIRECTION('',(0.,0.,1.));
#2436=VECTOR('',#2435,1.);
#2437=LINE('',#2434,#2436);
#2438=EDGE_CURVE('',#2415,#2431,#2437,.T.);
#2439=ORIENTED_EDGE('',*,*,#2438,.F.);
#2440=EDGE_LOOP('',(#2417,#2425,#2433,#2439));
#2441=FACE_BOUND('',#2440,.T.);
#2442=CARTESIAN_POINT('',(0.0091,0.0035,0.028200000000000003));
#2443=DIRECTION('',(0.,0.,-1.));
#2444=VECTOR('',#2443,1.);
#2445=LINE('',#2442,#2444);
#2446=CARTESIAN_POINT('',(0.0091,0.0035,0.028800000000000003));
#2447=VERTEX_POINT('',#2446);
#2448=CARTESIAN_POINT('',(0.0091,0.0035,0.028200000000000003));
#2449=VERTEX_POINT('',#2448);
#2450=EDGE_CURVE('',#2447,#2449,#2445,.T.);
#2451=ORIENTED_EDGE('',*,*,#2450,.F.);
#2452=CARTESIAN_POINT('',(0.0085,0.0035,0.028800000000000003));
#2453=DIRECTION('',(1.,0.,0.));
#2454=VECTOR('',#2453,1.);
#2455=LINE('',#2452,#2454);
#2456=CARTESIAN_POINT('',(0.0085,0.0035,0.028800000000000003));
#2457=VERTEX_POINT('',#2456);
#2458=EDGE_CURVE('',#2457,#2447,#2455,.T.);
#2459=ORIENTED_EDGE('',*,*,#2458,.F.);
#2460=CARTESIAN_POINT('',(0.0085,0.0035,0.028200000000000003));
#2461=DIRECTION('',(0.,0.,1.));
#2462=VECTOR('',#2461,1.);
#2463=LINE('',#2460,#2462);
#2464=CARTESIAN_POINT('',(0.008499999999999999,0.0035,0.028200000000000003));
#2465=VERTEX_POINT('',#2464);
#2466=EDGE_CURVE('',#2465,#2457,#2463,.T.);
#2467=ORIENTED_EDGE('',*,*,#2466,.F.);
#2468=CARTESIAN_POINT('',(0.0085,0.0035,0.028200000000000003));
#2469=DIRECTION('',(-1.,0.,0.));
#2470=VECTOR('',#2469,1.);
#2471=LINE('',#2468,#2470);
#2472=EDGE_CURVE('',#2449,#2465,#2471,.T.);
#2473=ORIENTED_EDGE('',*,*,#2472,.F.);
#2474=EDGE_LOOP('',(#2451,#2459,#2467,#2473));
#2475=FACE_BOUND('',#2474,.T.);
#2476=CARTESIAN_POINT('',(0.0116,0.0035,0.028200000000000003));
#2477=DIRECTION('',(0.,0.,-1.));
#2478=VECTOR('',#2477,1.);
#2479=LINE('',#2476,#2478);
#2480=CARTESIAN_POINT('',(0.0116,0.0035,0.028800000000000003));
#2481=VERTEX_POINT('',#2480);
#2482=CARTESIAN_POINT('',(0.0116,0.0035,0.028200000000000003));
#2483=VERTEX_POINT('',#2482);
#2484=EDGE_CURVE('',#2481,#2483,#2479,.T.);
#2485=ORIENTED_EDGE('',*,*,#2484,.F.);
#2486=CARTESIAN_POINT('',(0.011,0.0035,0.028800000000000003));
#2487=DIRECTION('',(1.,0.,0.));
#2488=VECTOR('',#2487,1.);
#2489=LINE('',#2486,#2488);
#2490=CARTESIAN_POINT('',(0.011,0.0035,0.028800000000000003));
#2491=VERTEX_POINT('',#2490);
#2492=EDGE_CURVE('',#2491,#2481,#2489,.T.);
#2493=ORIENTED_EDGE('',*,*,#2492,.F.);
#2494=CARTESIAN_POINT('',(0.011,0.0035,0.028200000000000003));
#2495=DIRECTION('',(0.,0.,1.));
#2496=VECTOR('',#2495,1.);
#2497=LINE('',#2494,#2496);
#2498=CARTESIAN_POINT('',(0.011,0.0035,0.028200000000000003));
#2499=VERTEX_POINT('',#2498);
#2500=EDGE_CURVE('',#2499,#2491,#2497,.T.);
#2501=ORIENTED_EDGE('',*,*,#2500,.F.);
#2502=CARTESIAN_POINT('',(0.011,0.0035,0.028200000000000003));
#2503=DIRECTION('',(-1.,0.,0.));
#2504=VECTOR('',#2503,1.);
#2505=LINE('',#2502,#2504);
#2506=EDGE_CURVE('',#2483,#2499,#2505,.T.);
#2507=ORIENTED_EDGE('',*,*,#2506,.F.);
#2508=EDGE_LOOP('',(#2485,#2493,#2501,#2507));
#2509=FACE_BOUND('',#2508,.T.);
#2510=CARTESIAN_POINT('',(0.0141,0.0035,0.028200000000000003));
#2511=DIRECTION('',(0.,0.,-1.));
#2512=VECTOR('',#2511,1.);
#2513=LINE('',#2510,#2512);
#2514=CARTESIAN_POINT('',(0.0141,0.0035,0.028800000000000003));
#2515=VERTEX_POINT('',#2514);
#2516=CARTESIAN_POINT('',(0.0141,0.0035,0.028200000000000003));
#2517=VERTEX_POINT('',#2516);
#2518=EDGE_CURVE('',#2515,#2517,#2513,.T.);
#2519=ORIENTED_EDGE('',*,*,#2518,.F.);
#2520=CARTESIAN_POINT('',(0.0135,0.0035,0.028800000000000003));
#2521=DIRECTION('',(1.,0.,0.));
#2522=VECTOR('',#2521,1.);
#2523=LINE('',#2520,#2522);
#2524=CARTESIAN_POINT('',(0.0135,0.0035,0.028800000000000003));
#2525=VERTEX_POINT('',#2524);
#2526=EDGE_CURVE('',#2525,#2515,#2523,.T.);
#2527=ORIENTED_EDGE('',*,*,#2526,.F.);
#2528=CARTESIAN_POINT('',(0.0135,0.0035,0.028200000000000003));
#2529=DIRECTION('',(0.,0.,1.));
#2530=VECTOR('',#2529,1.);
#2531=LINE('',#2528,#2530);
#2532=CARTESIAN_POINT('',(0.013499999999999998,0.0035,0.028200000000000003));
#2533=VERTEX_POINT('',#2532);
#2534=EDGE_CURVE('',#2533,#2525,#2531,.T.);
#2535=ORIENTED_EDGE('',*,*,#2534,.F.);
#2536=CARTESIAN_POINT('',(0.0135,0.0035,0.028200000000000003));
#2537=DIRECTION('',(-1.,0.,0.));
#2538=VECTOR('',#2537,1.);
#2539=LINE('',#2536,#2538);
#2540=EDGE_CURVE('',#2517,#2533,#2539,.T.);
#2541=ORIENTED_EDGE('',*,*,#2540,.F.);
#2542=EDGE_LOOP('',(#2519,#2527,#2535,#2541));
#2543=FACE_BOUND('',#2542,.T.);
#2544=ADVANCED_FACE('',(#2407,#2441,#2475,#2509,#2543),#2197,.T.);
#2545=CARTESIAN_POINT('',(0.007299999999999999,0.0035,0.029500000000000002));
#2546=DIRECTION('',(0.,-1.,0.));
#2547=DIRECTION('',(0.,0.,-1.));
#2548=AXIS2_PLACEMENT_3D('',#2545,#2546,#2547);
#2549=CYLINDRICAL_SURFACE('',#2548,0.00025000000000000066);
#2550=CARTESIAN_POINT('',(0.007299999999999999,0.0015,0.029750000000000002));
#2551=CARTESIAN_POINT('',(0.007549999999999999,0.0015,0.029750000000000002));
#2552=CARTESIAN_POINT('',(0.007549999999999999,0.0015,0.029500000000000002));
#2553=(BOUNDED_CURVE() B_SPLINE_CURVE(2,(#2550,#2551,#2552),.UNSPECIFIED.,.F.,.F.) B_SPLINE_CURVE_WITH_KNOTS((3,3),(0.,1.),.UNSPECIFIED.) CURVE() GEOMETRIC_REPRESENTATION_ITEM() RATIONAL_B_SPLINE_CURVE((1.,0.7071067811865476,1.)) REPRESENTATION_ITEM(''));
#2554=EDGE_CURVE('',#1542,#1532,#2553,.T.);
#2555=ORIENTED_EDGE('',*,*,#2554,.T.);
#2556=CARTESIAN_POINT('',(0.007549999999999999,0.0035,0.029500000000000002));
#2557=DIRECTION('',(0.,-1.,0.));
#2558=VECTOR('',#2557,1.);
#2559=LINE('',#2556,#2558);
#2560=EDGE_CURVE('',#2205,#1532,#2559,.T.);
#2561=ORIENTED_EDGE('',*,*,#2560,.F.);
#2562=CARTESIAN_POINT('',(0.007549999999999999,0.0035,0.029500000000000002));
#2563=CARTESIAN_POINT('',(0.007549999999999999,0.0035,0.029750000000000002));
#2564=CARTESIAN_POINT('',(0.007299999999999999,0.0035,0.029750000000000002));
#2565=(BOUNDED_CURVE() B_SPLINE_CURVE(2,(#2562,#2563,#2564),.UNSPECIFIED.,.F.,.F.) B_SPLINE_CURVE_WITH_KNOTS((3,3),(0.,1.),.UNSPECIFIED.) CURVE() GEOMETRIC_REPRESENTATION_ITEM() RATIONAL_B_SPLINE_CURVE((1.,0.7071067811865476,1.)) REPRESENTATION_ITEM(''));
#2566=EDGE_CURVE('',#2205,#2397,#2565,.T.);
#2567=ORIENTED_EDGE('',*,*,#2566,.T.);
#2568=CARTESIAN_POINT('',(0.007299999999999999,0.0035,0.029750000000000002));
#2569=DIRECTION('',(0.,-1.,0.));
#2570=VECTOR('',#2569,1.);
#2571=LINE('',#2568,#2570);
#2572=EDGE_CURVE('',#1542,#2397,#2571,.T.);
#2573=ORIENTED_EDGE('',*,*,#2572,.F.);
#2574=EDGE_LOOP('',(#2555,#2561,#2567,#2573));
#2575=FACE_OUTER_BOUND('',#2574,.T.);
#2576=ADVANCED_FACE('',(#2575),#2549,.T.);
#2577=CARTESIAN_POINT('',(0.0078,0.0035,0.029500000000000002));
#2578=DIRECTION('',(0.,-1.,0.));
#2579=DIRECTION('',(0.,0.,-1.));
#2580=AXIS2_PLACEMENT_3D('',#2577,#2578,#2579);
#2581=CYLINDRICAL_SURFACE('',#2580,0.0002499999999999998);
#2582=CARTESIAN_POINT('',(0.007549999999999999,0.0015,0.029500000000000002));
#2583=CARTESIAN_POINT('',(0.00755,0.0015,0.029750000000000002));
#2584=CARTESIAN_POINT('',(0.0078,0.0015,0.029750000000000002));
#2585=(BOUNDED_CURVE() B_SPLINE_CURVE(2,(#2582,#2583,#2584),.UNSPECIFIED.,.F.,.F.) B_SPLINE_CURVE_WITH_KNOTS((3,3),(0.,1.),.UNSPECIFIED.) CURVE() GEOMETRIC_REPRESENTATION_ITEM() RATIONAL_B_SPLINE_CURVE((1.,0.7071067811865476,1.)) REPRESENTATION_ITEM(''));
#2586=EDGE_CURVE('',#1532,#1534,#2585,.T.);
#2587=ORIENTED_EDGE('',*,*,#2586,.T.);
#2588=CARTESIAN_POINT('',(0.0078,0.0035,0.029750000000000002));
#2589=DIRECTION('',(0.,-1.,0.));
#2590=VECTOR('',#2589,1.);
#2591=LINE('',#2588,#2590);
#2592=EDGE_CURVE('',#2203,#1534,#2591,.T.);
#2593=ORIENTED_EDGE('',*,*,#2592,.F.);
#2594=CARTESIAN_POINT('',(0.0078,0.0035,0.029750000000000002));
#2595=CARTESIAN_POINT('',(0.00755,0.0035,0.029750000000000002));
#2596=CARTESIAN_POINT('',(0.007549999999999999,0.0035,0.029500000000000002));
#2597=(BOUNDED_CURVE() B_SPLINE_CURVE(2,(#2594,#2595,#2596),.UNSPECIFIED.,.F.,.F.) B_SPLINE_CURVE_WITH_KNOTS((3,3),(0.,1.),.UNSPECIFIED.) CURVE() GEOMETRIC_REPRESENTATION_ITEM() RATIONAL_B_SPLINE_CURVE((1.,0.7071067811865476,1.)) REPRESENTATION_ITEM(''));
#2598=EDGE_CURVE('',#2203,#2205,#2597,.T.);
#2599=ORIENTED_EDGE('',*,*,#2598,.T.);
#2600=CARTESIAN_POINT('',(0.007549999999999999,0.0035,0.029500000000000002));
#2601=DIRECTION('',(0.,-1.,0.));
#2602=VECTOR('',#2601,1.);
#2603=LINE('',#2600,#2602);
#2604=EDGE_CURVE('',#2205,#1532,#2603,.T.);
#2605=ORIENTED_EDGE('',*,*,#2604,.T.);
#2606=EDGE_LOOP('',(#2587,#2593,#2599,#2605));
#2607=FACE_OUTER_BOUND('',#2606,.T.);
#2608=ADVANCED_FACE('',(#2607),#2581,.T.);
#2609=CARTESIAN_POINT('',(0.0078,0.0035,0.029750000000000002));
#2610=DIRECTION('',(0.,0.,-1.));
#2611=DIRECTION('',(-1.,0.,0.));
#2612=AXIS2_PLACEMENT_3D('',#2609,#2610,#2611);
#2613=PLANE('',#2612);
#2614=CARTESIAN_POINT('',(0.0078,0.0035,0.029750000000000002));
#2615=DIRECTION('',(0.,-1.,0.));
#2616=VECTOR('',#2615,1.);
#2617=LINE('',#2614,#2616);
#2618=EDGE_CURVE('',#2203,#1534,#2617,.T.);
#2619=ORIENTED_EDGE('',*,*,#2618,.F.);
#2620=CARTESIAN_POINT('',(0.0078,0.0035,0.029750000000000002));
#2621=DIRECTION('',(1.,0.,0.));
#2622=VECTOR('',#2621,1.);
#2623=LINE('',#2620,#2622);
#2624=EDGE_CURVE('',#2213,#2203,#2623,.T.);
#2625=ORIENTED_EDGE('',*,*,#2624,.F.);
#2626=CARTESIAN_POINT('',(0.0098,0.0035,0.029750000000000002));
#2627=DIRECTION('',(0.,-1.,0.));
#2628=VECTOR('',#2627,1.);
#2629=LINE('',#2626,#2628);
#2630=EDGE_CURVE('',#2213,#1726,#2629,.T.);
#2631=ORIENTED_EDGE('',*,*,#2630,.T.);
#2632=CARTESIAN_POINT('',(0.0078,0.0015,0.029750000000000002));
#2633=DIRECTION('',(1.,0.,0.));
#2634=VECTOR('',#2633,1.);
#2635=LINE('',#2632,#2634);
#2636=EDGE_CURVE('',#1534,#1726,#2635,.T.);
#2637=ORIENTED_EDGE('',*,*,#2636,.F.);
#2638=EDGE_LOOP('',(#2619,#2625,#2631,#2637));
#2639=FACE_OUTER_BOUND('',#2638,.T.);
#2640=ADVANCED_FACE('',(#2639),#2613,.F.);
#2641=CARTESIAN_POINT('',(0.0098,0.0035,0.029500000000000002));
#2642=DIRECTION('',(0.,-1.,0.));
#2643=DIRECTION('',(0.,0.,-1.));
#2644=AXIS2_PLACEMENT_3D('',#2641,#2642,#2643);
#2645=CYLINDRICAL_SURFACE('',#2644,0.0002500000000000002);
#2646=CARTESIAN_POINT('',(0.0098,0.0015,0.029750000000000002));
#2647=CARTESIAN_POINT('',(0.01005,0.0015,0.029750000000000002));
#2648=CARTESIAN_POINT('',(0.01005,0.0015,0.029500000000000002));
#2649=(BOUNDED_CURVE() B_SPLINE_CURVE(2,(#2646,#2647,#2648),.UNSPECIFIED.,.F.,.F.) B_SPLINE_CURVE_WITH_KNOTS((3,3),(0.,1.),.UNSPECIFIED.) CURVE() GEOMETRIC_REPRESENTATION_ITEM() RATIONAL_B_SPLINE_CURVE((1.,0.7071067811865476,1.)) REPRESENTATION_ITEM(''));
#2650=EDGE_CURVE('',#1726,#1718,#2649,.T.);
#2651=ORIENTED_EDGE('',*,*,#2650,.T.);
#2652=CARTESIAN_POINT('',(0.01005,0.0035,0.029500000000000002));
#2653=DIRECTION('',(0.,-1.,0.));
#2654=VECTOR('',#2653,1.);
#2655=LINE('',#2652,#2654);
#2656=EDGE_CURVE('',#2221,#1718,#2655,.T.);
#2657=ORIENTED_EDGE('',*,*,#2656,.F.);
#2658=CARTESIAN_POINT('',(0.01005,0.0035,0.029500000000000002));
#2659=CARTESIAN_POINT('',(0.01005,0.0035,0.029750000000000002));
#2660=CARTESIAN_POINT('',(0.0098,0.0035,0.029750000000000002));
#2661=(BOUNDED_CURVE() B_SPLINE_CURVE(2,(#2658,#2659,#2660),.UNSPECIFIED.,.F.,.F.) B_SPLINE_CURVE_WITH_KNOTS((3,3),(0.,1.),.UNSPECIFIED.) CURVE() GEOMETRIC_REPRESENTATION_ITEM() RATIONAL_B_SPLINE_CURVE((1.,0.7071067811865476,1.)) REPRESENTATION_ITEM(''));
#2662=EDGE_CURVE('',#2221,#2213,#2661,.T.);
#2663=ORIENTED_EDGE('',*,*,#2662,.T.);
#2664=CARTESIAN_POINT('',(0.0098,0.0035,0.029750000000000002));
#2665=DIRECTION('',(0.,-1.,0.));
#2666=VECTOR('',#2665,1.);
#2667=LINE('',#2664,#2666);
#2668=EDGE_CURVE('',#2213,#1726,#2667,.T.);
#2669=ORIENTED_EDGE('',*,*,#2668,.T.);
#2670=EDGE_LOOP('',(#2651,#2657,#2663,#2669));
#2671=FACE_OUTER_BOUND('',#2670,.T.);
#2672=ADVANCED_FACE('',(#2671),#2645,.T.);
#2673=CARTESIAN_POINT('',(0.0103,0.0035,0.029500000000000002));
#2674=DIRECTION('',(0.,-1.,0.));
#2675=DIRECTION('',(0.,0.,-1.));
#2676=AXIS2_PLACEMENT_3D('',#2673,#2674,#2675);
#2677=CYLINDRICAL_SURFACE('',#2676,0.0002500000000000002);
#2678=CARTESIAN_POINT('',(0.01005,0.0015,0.029500000000000002));
#2679=CARTESIAN_POINT('',(0.01005,0.0015,0.029750000000000002));
#2680=CARTESIAN_POINT('',(0.0103,0.0015,0.029750000000000002));
#2681=(BOUNDED_CURVE() B_SPLINE_CURVE(2,(#2678,#2679,#2680),.UNSPECIFIED.,.F.,.F.) B_SPLINE_CURVE_WITH_KNOTS((3,3),(0.,1.),.UNSPECIFIED.) CURVE() GEOMETRIC_REPRESENTATION_ITEM() RATIONAL_B_SPLINE_CURVE((1.,0.7071067811865476,1.)) REPRESENTATION_ITEM(''));
#2682=EDGE_CURVE('',#1718,#1710,#2681,.T.);
#2683=ORIENTED_EDGE('',*,*,#2682,.T.);
#2684=CARTESIAN_POINT('',(0.0103,0.0035,0.029750000000000002));
#2685=DIRECTION('',(0.,-1.,0.));
#2686=VECTOR('',#2685,1.);
#2687=LINE('',#2684,#2686);
#2688=EDGE_CURVE('',#2229,#1710,#2687,.T.);
#2689=ORIENTED_EDGE('',*,*,#2688,.F.);
#2690=CARTESIAN_POINT('',(0.0103,0.0035,0.029750000000000002));
#2691=CARTESIAN_POINT('',(0.01005,0.0035,0.029750000000000002));
#2692=CARTESIAN_POINT('',(0.01005,0.0035,0.029500000000000002));
#2693=(BOUNDED_CURVE() B_SPLINE_CURVE(2,(#2690,#2691,#2692),.UNSPECIFIED.,.F.,.F.) B_SPLINE_CURVE_WITH_KNOTS((3,3),(0.,1.),.UNSPECIFIED.) CURVE() GEOMETRIC_REPRESENTATION_ITEM() RATIONAL_B_SPLINE_CURVE((1.,0.7071067811865476,1.)) REPRESENTATION_ITEM(''));
#2694=EDGE_CURVE('',#2229,#2221,#2693,.T.);
#2695=ORIENTED_EDGE('',*,*,#2694,.T.);
#2696=CARTESIAN_POINT('',(0.01005,0.0035,0.029500000000000002));
#2697=DIRECTION('',(0.,-1.,0.));
#2698=VECTOR('',#2697,1.);
#2699=LINE('',#2696,#2698);
#2700=EDGE_CURVE('',#2221,#1718,#2699,.T.);
#2701=ORIENTED_EDGE('',*,*,#2700,.T.);
#2702=EDGE_LOOP('',(#2683,#2689,#2695,#2701));
#2703=FACE_OUTER_BOUND('',#2702,.T.);
#2704=ADVANCED_FACE('',(#2703),#2677,.T.);
#2705=CARTESIAN_POINT('',(0.0103,0.0035,0.029750000000000002));
#2706=DIRECTION('',(0.,0.,-1.));
#2707=DIRECTION('',(-1.,0.,0.));
#2708=AXIS2_PLACEMENT_3D('',#2705,#2706,#2707);
#2709=PLANE('',#2708);
#2710=CARTESIAN_POINT('',(0.0103,0.0035,0.029750000000000002));
#2711=DIRECTION('',(0.,-1.,0.));
#2712=VECTOR('',#2711,1.);
#2713=LINE('',#2710,#2712);
#2714=EDGE_CURVE('',#2229,#1710,#2713,.T.);
#2715=ORIENTED_EDGE('',*,*,#2714,.F.);
#2716=CARTESIAN_POINT('',(0.0103,0.0035,0.029750000000000002));
#2717=DIRECTION('',(1.,0.,0.));
#2718=VECTOR('',#2717,1.);
#2719=LINE('',#2716,#2718);
#2720=EDGE_CURVE('',#2237,#2229,#2719,.T.);
#2721=ORIENTED_EDGE('',*,*,#2720,.F.);
#2722=CARTESIAN_POINT('',(0.012299999999999998,0.0035,0.029750000000000002));
#2723=DIRECTION('',(0.,-1.,0.));
#2724=VECTOR('',#2723,1.);
#2725=LINE('',#2722,#2724);
#2726=EDGE_CURVE('',#2237,#1702,#2725,.T.);
#2727=ORIENTED_EDGE('',*,*,#2726,.T.);
#2728=CARTESIAN_POINT('',(0.0103,0.0015,0.029750000000000002));
#2729=DIRECTION('',(1.,0.,0.));
#2730=VECTOR('',#2729,1.);
#2731=LINE('',#2728,#2730);
#2732=EDGE_CURVE('',#1710,#1702,#2731,.T.);
#2733=ORIENTED_EDGE('',*,*,#2732,.F.);
#2734=EDGE_LOOP('',(#2715,#2721,#2727,#2733));
#2735=FACE_OUTER_BOUND('',#2734,.T.);
#2736=ADVANCED_FACE('',(#2735),#2709,.F.);
#2737=CARTESIAN_POINT('',(0.012299999999999998,0.0035,0.029500000000000002));
#2738=DIRECTION('',(0.,-1.,0.));
#2739=DIRECTION('',(0.,0.,-1.));
#2740=AXIS2_PLACEMENT_3D('',#2737,#2738,#2739);
#2741=CYLINDRICAL_SURFACE('',#2740,0.0002500000000000011);
#2742=CARTESIAN_POINT('',(0.012299999999999998,0.0015,0.029750000000000002));
#2743=CARTESIAN_POINT('',(0.012549999999999999,0.0015,0.029750000000000002));
#2744=CARTESIAN_POINT('',(0.012549999999999999,0.0015,0.029500000000000002));
#2745=(BOUNDED_CURVE() B_SPLINE_CURVE(2,(#2742,#2743,#2744),.UNSPECIFIED.,.F.,.F.) B_SPLINE_CURVE_WITH_KNOTS((3,3),(0.,1.),.UNSPECIFIED.) CURVE() GEOMETRIC_REPRESENTATION_ITEM() RATIONAL_B_SPLINE_CURVE((1.,0.7071067811865476,1.)) REPRESENTATION_ITEM(''));
#2746=EDGE_CURVE('',#1702,#1694,#2745,.T.);
#2747=ORIENTED_EDGE('',*,*,#2746,.T.);
#2748=CARTESIAN_POINT('',(0.012549999999999999,0.0035,0.029500000000000002));
#2749=DIRECTION('',(0.,-1.,0.));
#2750=VECTOR('',#2749,1.);
#2751=LINE('',#2748,#2750);
#2752=EDGE_CURVE('',#2245,#1694,#2751,.T.);
#2753=ORIENTED_EDGE('',*,*,#2752,.F.);
#2754=CARTESIAN_POINT('',(0.012549999999999999,0.0035,0.029500000000000002));
#2755=CARTESIAN_POINT('',(0.012549999999999999,0.0035,0.029750000000000002));
#2756=CARTESIAN_POINT('',(0.012299999999999998,0.0035,0.029750000000000002));
#2757=(BOUNDED_CURVE() B_SPLINE_CURVE(2,(#2754,#2755,#2756),.UNSPECIFIED.,.F.,.F.) B_SPLINE_CURVE_WITH_KNOTS((3,3),(0.,1.),.UNSPECIFIED.) CURVE() GEOMETRIC_REPRESENTATION_ITEM() RATIONAL_B_SPLINE_CURVE((1.,0.7071067811865476,1.)) REPRESENTATION_ITEM(''));
#2758=EDGE_CURVE('',#2245,#2237,#2757,.T.);
#2759=ORIENTED_EDGE('',*,*,#2758,.T.);
#2760=CARTESIAN_POINT('',(0.012299999999999998,0.0035,0.029750000000000002));
#2761=DIRECTION('',(0.,-1.,0.));
#2762=VECTOR('',#2761,1.);
#2763=LINE('',#2760,#2762);
#2764=EDGE_CURVE('',#2237,#1702,#2763,.T.);
#2765=ORIENTED_EDGE('',*,*,#2764,.T.);
#2766=EDGE_LOOP('',(#2747,#2753,#2759,#2765));
#2767=FACE_OUTER_BOUND('',#2766,.T.);
#2768=ADVANCED_FACE('',(#2767),#2741,.T.);
#2769=CARTESIAN_POINT('',(0.012799999999999999,0.0035,0.029500000000000002));
#2770=DIRECTION('',(0.,-1.,0.));
#2771=DIRECTION('',(0.,0.,-1.));
#2772=AXIS2_PLACEMENT_3D('',#2769,#2770,#2771);
#2773=CYLINDRICAL_SURFACE('',#2772,0.00024999999999999935);
#2774=CARTESIAN_POINT('',(0.012549999999999999,0.0015,0.029500000000000002));
#2775=CARTESIAN_POINT('',(0.01255,0.0015,0.029750000000000002));
#2776=CARTESIAN_POINT('',(0.012799999999999999,0.0015,0.029750000000000002));
#2777=(BOUNDED_CURVE() B_SPLINE_CURVE(2,(#2774,#2775,#2776),.UNSPECIFIED.,.F.,.F.) B_SPLINE_CURVE_WITH_KNOTS((3,3),(0.,1.),.UNSPECIFIED.) CURVE() GEOMETRIC_REPRESENTATION_ITEM() RATIONAL_B_SPLINE_CURVE((1.,0.7071067811865476,1.)) REPRESENTATION_ITEM(''));
#2778=EDGE_CURVE('',#1694,#1686,#2777,.T.);
#2779=ORIENTED_EDGE('',*,*,#2778,.T.);
#2780=CARTESIAN_POINT('',(0.012799999999999999,0.0035,0.029750000000000002));
#2781=DIRECTION('',(0.,-1.,0.));
#2782=VECTOR('',#2781,1.);
#2783=LINE('',#2780,#2782);
#2784=EDGE_CURVE('',#2253,#1686,#2783,.T.);
#2785=ORIENTED_EDGE('',*,*,#2784,.F.);
#2786=CARTESIAN_POINT('',(0.012799999999999999,0.0035,0.029750000000000002));
#2787=CARTESIAN_POINT('',(0.01255,0.0035,0.029750000000000002));
#2788=CARTESIAN_POINT('',(0.012549999999999999,0.0035,0.029500000000000002));
#2789=(BOUNDED_CURVE() B_SPLINE_CURVE(2,(#2786,#2787,#2788),.UNSPECIFIED.,.F.,.F.) B_SPLINE_CURVE_WITH_KNOTS((3,3),(0.,1.),.UNSPECIFIED.) CURVE() GEOMETRIC_REPRESENTATION_ITEM() RATIONAL_B_SPLINE_CURVE((1.,0.7071067811865476,1.)) REPRESENTATION_ITEM(''));
#2790=EDGE_CURVE('',#2253,#2245,#2789,.T.);
#2791=ORIENTED_EDGE('',*,*,#2790,.T.);
#2792=CARTESIAN_POINT('',(0.012549999999999999,0.0035,0.029500000000000002));
#2793=DIRECTION('',(0.,-1.,0.));
#2794=VECTOR('',#2793,1.);
#2795=LINE('',#2792,#2794);
#2796=EDGE_CURVE('',#2245,#1694,#2795,.T.);
#2797=ORIENTED_EDGE('',*,*,#2796,.T.);
#2798=EDGE_LOOP('',(#2779,#2785,#2791,#2797));
#2799=FACE_OUTER_BOUND('',#2798,.T.);
#2800=ADVANCED_FACE('',(#2799),#2773,.T.);
#2801=CARTESIAN_POINT('',(0.012799999999999999,0.0035,0.029750000000000002));
#2802=DIRECTION('',(0.,0.,-1.));
#2803=DIRECTION('',(-1.,0.,0.));
#2804=AXIS2_PLACEMENT_3D('',#2801,#2802,#2803);
#2805=PLANE('',#2804);
#2806=CARTESIAN_POINT('',(0.012799999999999999,0.0035,0.029750000000000002));
#2807=DIRECTION('',(0.,-1.,0.));
#2808=VECTOR('',#2807,1.);
#2809=LINE('',#2806,#2808);
#2810=EDGE_CURVE('',#2253,#1686,#2809,.T.);
#2811=ORIENTED_EDGE('',*,*,#2810,.F.);
#2812=CARTESIAN_POINT('',(0.012799999999999999,0.0035,0.029750000000000002));
#2813=DIRECTION('',(1.,0.,0.));
#2814=VECTOR('',#2813,1.);
#2815=LINE('',#2812,#2814);
#2816=EDGE_CURVE('',#2261,#2253,#2815,.T.);
#2817=ORIENTED_EDGE('',*,*,#2816,.F.);
#2818=CARTESIAN_POINT('',(0.014799999999999999,0.0035,0.029750000000000002));
#2819=DIRECTION('',(0.,-1.,0.));
#2820=VECTOR('',#2819,1.);
#2821=LINE('',#2818,#2820);
#2822=EDGE_CURVE('',#2261,#1678,#2821,.T.);
#2823=ORIENTED_EDGE('',*,*,#2822,.T.);
#2824=CARTESIAN_POINT('',(0.012799999999999999,0.0015,0.029750000000000002));
#2825=DIRECTION('',(1.,0.,0.));
#2826=VECTOR('',#2825,1.);
#2827=LINE('',#2824,#2826);
#2828=EDGE_CURVE('',#1686,#1678,#2827,.T.);
#2829=ORIENTED_EDGE('',*,*,#2828,.F.);
#2830=EDGE_LOOP('',(#2811,#2817,#2823,#2829));
#2831=FACE_OUTER_BOUND('',#2830,.T.);
#2832=ADVANCED_FACE('',(#2831),#2805,.F.);
#2833=CARTESIAN_POINT('',(0.014799999999999999,0.0035,0.029500000000000002));
#2834=DIRECTION('',(0.,-1.,0.));
#2835=DIRECTION('',(0.,0.,-1.));
#2836=AXIS2_PLACEMENT_3D('',#2833,#2834,#2835);
#2837=CYLINDRICAL_SURFACE('',#2836,0.0002500000000000011);
#2838=CARTESIAN_POINT('',(0.014799999999999999,0.0015,0.029750000000000002));
#2839=CARTESIAN_POINT('',(0.01505,0.0015,0.029750000000000002));
#2840=CARTESIAN_POINT('',(0.015050000000000001,0.0015,0.029500000000000002));
#2841=(BOUNDED_CURVE() B_SPLINE_CURVE(2,(#2838,#2839,#2840),.UNSPECIFIED.,.F.,.F.) B_SPLINE_CURVE_WITH_KNOTS((3,3),(0.,1.),.UNSPECIFIED.) CURVE() GEOMETRIC_REPRESENTATION_ITEM() RATIONAL_B_SPLINE_CURVE((1.,0.7071067811865476,1.)) REPRESENTATION_ITEM(''));
#2842=EDGE_CURVE('',#1678,#1670,#2841,.T.);
#2843=ORIENTED_EDGE('',*,*,#2842,.T.);
#2844=CARTESIAN_POINT('',(0.015050000000000001,0.0035,0.029500000000000002));
#2845=DIRECTION('',(0.,-1.,0.));
#2846=VECTOR('',#2845,1.);
#2847=LINE('',#2844,#2846);
#2848=EDGE_CURVE('',#2269,#1670,#2847,.T.);
#2849=ORIENTED_EDGE('',*,*,#2848,.F.);
#2850=CARTESIAN_POINT('',(0.015050000000000001,0.0035,0.029500000000000002));
#2851=CARTESIAN_POINT('',(0.01505,0.0035,0.029750000000000002));
#2852=CARTESIAN_POINT('',(0.014799999999999999,0.0035,0.029750000000000002));
#2853=(BOUNDED_CURVE() B_SPLINE_CURVE(2,(#2850,#2851,#2852),.UNSPECIFIED.,.F.,.F.) B_SPLINE_CURVE_WITH_KNOTS((3,3),(0.,1.),.UNSPECIFIED.) CURVE() GEOMETRIC_REPRESENTATION_ITEM() RATIONAL_B_SPLINE_CURVE((1.,0.7071067811865476,1.)) REPRESENTATION_ITEM(''));
#2854=EDGE_CURVE('',#2269,#2261,#2853,.T.);
#2855=ORIENTED_EDGE('',*,*,#2854,.T.);
#2856=CARTESIAN_POINT('',(0.014799999999999999,0.0035,0.029750000000000002));
#2857=DIRECTION('',(0.,-1.,0.));
#2858=VECTOR('',#2857,1.);
#2859=LINE('',#2856,#2858);
#2860=EDGE_CURVE('',#2261,#1678,#2859,.T.);
#2861=ORIENTED_EDGE('',*,*,#2860,.T.);
#2862=EDGE_LOOP('',(#2843,#2849,#2855,#2861));
#2863=FACE_OUTER_BOUND('',#2862,.T.);
#2864=ADVANCED_FACE('',(#2863),#2837,.T.);
#2865=CARTESIAN_POINT('',(0.01505,0.0035,0.027500000000000004));
#2866=DIRECTION('',(-1.,0.,8.673617379884043E-16));
#2867=DIRECTION('',(8.673617379884043E-16,0.,1.));
#2868=AXIS2_PLACEMENT_3D('',#2865,#2866,#2867);
#2869=PLANE('',#2868);
#2870=CARTESIAN_POINT('',(0.015050000000000001,0.0035,0.029500000000000002));
#2871=DIRECTION('',(0.,-1.,0.));
#2872=VECTOR('',#2871,1.);
#2873=LINE('',#2870,#2872);
#2874=EDGE_CURVE('',#2269,#1670,#2873,.T.);
#2875=ORIENTED_EDGE('',*,*,#2874,.F.);
#2876=CARTESIAN_POINT('',(0.01505,0.0035,0.027500000000000004));
#2877=DIRECTION('',(-8.673617379884042E-16,0.,-1.));
#2878=VECTOR('',#2877,1.);
#2879=LINE('',#2876,#2878);
#2880=EDGE_CURVE('',#2277,#2269,#2879,.T.);
#2881=ORIENTED_EDGE('',*,*,#2880,.F.);
#2882=CARTESIAN_POINT('',(0.01505,0.0035,0.027500000000000004));
#2883=DIRECTION('',(0.,-1.,0.));
#2884=VECTOR('',#2883,1.);
#2885=LINE('',#2882,#2884);
#2886=EDGE_CURVE('',#2277,#1662,#2885,.T.);
#2887=ORIENTED_EDGE('',*,*,#2886,.T.);
#2888=CARTESIAN_POINT('',(0.01505,0.0015,0.027500000000000004));
#2889=DIRECTION('',(-8.673617379884042E-16,0.,-1.));
#2890=VECTOR('',#2889,1.);
#2891=LINE('',#2888,#2890);
#2892=EDGE_CURVE('',#1670,#1662,#2891,.T.);
#2893=ORIENTED_EDGE('',*,*,#2892,.F.);
#2894=EDGE_LOOP('',(#2875,#2881,#2887,#2893));
#2895=FACE_OUTER_BOUND('',#2894,.T.);
#2896=ADVANCED_FACE('',(#2895),#2869,.F.);
#2897=CARTESIAN_POINT('',(0.014799999999999999,0.0035,0.027500000000000004));
#2898=DIRECTION('',(0.,-1.,0.));
#2899=DIRECTION('',(0.,0.,-1.));
#2900=AXIS2_PLACEMENT_3D('',#2897,#2898,#2899);
#2901=CYLINDRICAL_SURFACE('',#2900,0.0002500000000000002);
#2902=CARTESIAN_POINT('',(0.01505,0.0015,0.027500000000000004));
#2903=CARTESIAN_POINT('',(0.01505,0.0015,0.027250000000000003));
#2904=CARTESIAN_POINT('',(0.014799999999999999,0.0015,0.027250000000000003));
#2905=(BOUNDED_CURVE() B_SPLINE_CURVE(2,(#2902,#2903,#2904),.UNSPECIFIED.,.F.,.F.) B_SPLINE_CURVE_WITH_KNOTS((3,3),(0.,1.),.UNSPECIFIED.) CURVE() GEOMETRIC_REPRESENTATION_ITEM() RATIONAL_B_SPLINE_CURVE((1.,0.7071067811865476,1.)) REPRESENTATION_ITEM(''));
#2906=EDGE_CURVE('',#1662,#1654,#2905,.T.);
#2907=ORIENTED_EDGE('',*,*,#2906,.T.);
#2908=CARTESIAN_POINT('',(0.014799999999999999,0.0035,0.027250000000000003));
#2909=DIRECTION('',(0.,-1.,0.));
#2910=VECTOR('',#2909,1.);
#2911=LINE('',#2908,#2910);
#2912=EDGE_CURVE('',#2285,#1654,#2911,.T.);
#2913=ORIENTED_EDGE('',*,*,#2912,.F.);
#2914=CARTESIAN_POINT('',(0.014799999999999999,0.0035,0.027250000000000003));
#2915=CARTESIAN_POINT('',(0.01505,0.0035,0.027250000000000003));
#2916=CARTESIAN_POINT('',(0.01505,0.0035,0.027500000000000004));
#2917=(BOUNDED_CURVE() B_SPLINE_CURVE(2,(#2914,#2915,#2916),.UNSPECIFIED.,.F.,.F.) B_SPLINE_CURVE_WITH_KNOTS((3,3),(0.,1.),.UNSPECIFIED.) CURVE() GEOMETRIC_REPRESENTATION_ITEM() RATIONAL_B_SPLINE_CURVE((1.,0.7071067811865476,1.)) REPRESENTATION_ITEM(''));
#2918=EDGE_CURVE('',#2285,#2277,#2917,.T.);
#2919=ORIENTED_EDGE('',*,*,#2918,.T.);
#2920=CARTESIAN_POINT('',(0.01505,0.0035,0.027500000000000004));
#2921=DIRECTION('',(0.,-1.,0.));
#2922=VECTOR('',#2921,1.);
#2923=LINE('',#2920,#2922);
#2924=EDGE_CURVE('',#2277,#1662,#2923,.T.);
#2925=ORIENTED_EDGE('',*,*,#2924,.T.);
#2926=EDGE_LOOP('',(#2907,#2913,#2919,#2925));
#2927=FACE_OUTER_BOUND('',#2926,.T.);
#2928=ADVANCED_FACE('',(#2927),#2901,.T.);
#2929=CARTESIAN_POINT('',(0.012799999999999999,0.0035,0.027250000000000003));
#2930=DIRECTION('',(0.,0.,1.));
#2931=DIRECTION('',(1.,0.,0.));
#2932=AXIS2_PLACEMENT_3D('',#2929,#2930,#2931);
#2933=PLANE('',#2932);
#2934=CARTESIAN_POINT('',(0.014799999999999999,0.0035,0.027250000000000003));
#2935=DIRECTION('',(0.,-1.,0.));
#2936=VECTOR('',#2935,1.);
#2937=LINE('',#2934,#2936);
#2938=EDGE_CURVE('',#2285,#1654,#2937,.T.);
#2939=ORIENTED_EDGE('',*,*,#2938,.F.);
#2940=CARTESIAN_POINT('',(0.012799999999999999,0.0035,0.027250000000000003));
#2941=DIRECTION('',(-1.,0.,0.));
#2942=VECTOR('',#2941,1.);
#2943=LINE('',#2940,#2942);
#2944=EDGE_CURVE('',#2293,#2285,#2943,.T.);
#2945=ORIENTED_EDGE('',*,*,#2944,.F.);
#2946=CARTESIAN_POINT('',(0.012799999999999999,0.0035,0.027250000000000003));
#2947=DIRECTION('',(0.,-1.,0.));
#2948=VECTOR('',#2947,1.);
#2949=LINE('',#2946,#2948);
#2950=EDGE_CURVE('',#2293,#1646,#2949,.T.);
#2951=ORIENTED_EDGE('',*,*,#2950,.T.);
#2952=CARTESIAN_POINT('',(0.012799999999999999,0.0015,0.027250000000000003));
#2953=DIRECTION('',(-1.,0.,0.));
#2954=VECTOR('',#2953,1.);
#2955=LINE('',#2952,#2954);
#2956=EDGE_CURVE('',#1654,#1646,#2955,.T.);
#2957=ORIENTED_EDGE('',*,*,#2956,.F.);
#2958=EDGE_LOOP('',(#2939,#2945,#2951,#2957));
#2959=FACE_OUTER_BOUND('',#2958,.T.);
#2960=ADVANCED_FACE('',(#2959),#2933,.F.);
#2961=CARTESIAN_POINT('',(0.012799999999999999,0.0035,0.027500000000000004));
#2962=DIRECTION('',(0.,-1.,0.));
#2963=DIRECTION('',(0.,0.,-1.));
#2964=AXIS2_PLACEMENT_3D('',#2961,#2962,#2963);
#2965=CYLINDRICAL_SURFACE('',#2964,0.0002500000000000002);
#2966=CARTESIAN_POINT('',(0.012799999999999999,0.0015,0.027250000000000003));
#2967=CARTESIAN_POINT('',(0.012549999999999999,0.0015,0.027250000000000003));
#2968=CARTESIAN_POINT('',(0.012549999999999999,0.0015,0.027500000000000004));
#2969=(BOUNDED_CURVE() B_SPLINE_CURVE(2,(#2966,#2967,#2968),.UNSPECIFIED.,.F.,.F.) B_SPLINE_CURVE_WITH_KNOTS((3,3),(0.,1.),.UNSPECIFIED.) CURVE() GEOMETRIC_REPRESENTATION_ITEM() RATIONAL_B_SPLINE_CURVE((1.,0.7071067811865476,1.)) REPRESENTATION_ITEM(''));
#2970=EDGE_CURVE('',#1646,#1638,#2969,.T.);
#2971=ORIENTED_EDGE('',*,*,#2970,.T.);
#2972=CARTESIAN_POINT('',(0.012549999999999999,0.0035,0.027500000000000004));
#2973=DIRECTION('',(0.,-1.,0.));
#2974=VECTOR('',#2973,1.);
#2975=LINE('',#2972,#2974);
#2976=EDGE_CURVE('',#2301,#1638,#2975,.T.);
#2977=ORIENTED_EDGE('',*,*,#2976,.F.);
#2978=CARTESIAN_POINT('',(0.012549999999999999,0.0035,0.027500000000000004));
#2979=CARTESIAN_POINT('',(0.012549999999999999,0.0035,0.027250000000000003));
#2980=CARTESIAN_POINT('',(0.012799999999999999,0.0035,0.027250000000000003));
#2981=(BOUNDED_CURVE() B_SPLINE_CURVE(2,(#2978,#2979,#2980),.UNSPECIFIED.,.F.,.F.) B_SPLINE_CURVE_WITH_KNOTS((3,3),(0.,1.),.UNSPECIFIED.) CURVE() GEOMETRIC_REPRESENTATION_ITEM() RATIONAL_B_SPLINE_CURVE((1.,0.7071067811865476,1.)) REPRESENTATION_ITEM(''));
#2982=EDGE_CURVE('',#2301,#2293,#2981,.T.);
#2983=ORIENTED_EDGE('',*,*,#2982,.T.);
#2984=CARTESIAN_POINT('',(0.012799999999999999,0.0035,0.027250000000000003));
#2985=DIRECTION('',(0.,-1.,0.));
#2986=VECTOR('',#2985,1.);
#2987=LINE('',#2984,#2986);
#2988=EDGE_CURVE('',#2293,#1646,#2987,.T.);
#2989=ORIENTED_EDGE('',*,*,#2988,.T.);
#2990=EDGE_LOOP('',(#2971,#2977,#2983,#2989));
#2991=FACE_OUTER_BOUND('',#2990,.T.);
#2992=ADVANCED_FACE('',(#2991),#2965,.T.);
#2993=CARTESIAN_POINT('',(0.012299999999999998,0.0035,0.027500000000000004));
#2994=DIRECTION('',(0.,-1.,0.));
#2995=DIRECTION('',(0.,0.,-1.));
#2996=AXIS2_PLACEMENT_3D('',#2993,#2994,#2995);
#2997=CYLINDRICAL_SURFACE('',#2996,0.0002500000000000002);
#2998=CARTESIAN_POINT('',(0.012549999999999999,0.0015,0.027500000000000004));
#2999=CARTESIAN_POINT('',(0.012549999999999999,0.0015,0.027250000000000003));
#3000=CARTESIAN_POINT('',(0.012299999999999998,0.0015,0.027250000000000003));
#3001=(BOUNDED_CURVE() B_SPLINE_CURVE(2,(#2998,#2999,#3000),.UNSPECIFIED.,.F.,.F.) B_SPLINE_CURVE_WITH_KNOTS((3,3),(0.,1.),.UNSPECIFIED.) CURVE() GEOMETRIC_REPRESENTATION_ITEM() RATIONAL_B_SPLINE_CURVE((1.,0.7071067811865476,1.)) REPRESENTATION_ITEM(''));
#3002=EDGE_CURVE('',#1638,#1630,#3001,.T.);
#3003=ORIENTED_EDGE('',*,*,#3002,.T.);
#3004=CARTESIAN_POINT('',(0.012299999999999998,0.0035,0.027250000000000003));
#3005=DIRECTION('',(0.,-1.,0.));
#3006=VECTOR('',#3005,1.);
#3007=LINE('',#3004,#3006);
#3008=EDGE_CURVE('',#2309,#1630,#3007,.T.);
#3009=ORIENTED_EDGE('',*,*,#3008,.F.);
#3010=CARTESIAN_POINT('',(0.012299999999999998,0.0035,0.027250000000000003));
#3011=CARTESIAN_POINT('',(0.012549999999999999,0.0035,0.027250000000000003));
#3012=CARTESIAN_POINT('',(0.012549999999999999,0.0035,0.027500000000000004));
#3013=(BOUNDED_CURVE() B_SPLINE_CURVE(2,(#3010,#3011,#3012),.UNSPECIFIED.,.F.,.F.) B_SPLINE_CURVE_WITH_KNOTS((3,3),(0.,1.),.UNSPECIFIED.) CURVE() GEOMETRIC_REPRESENTATION_ITEM() RATIONAL_B_SPLINE_CURVE((1.,0.7071067811865476,1.)) REPRESENTATION_ITEM(''));
#3014=EDGE_CURVE('',#2309,#2301,#3013,.T.);
#3015=ORIENTED_EDGE('',*,*,#3014,.T.);
#3016=CARTESIAN_POINT('',(0.012549999999999999,0.0035,0.027500000000000004));
#3017=DIRECTION('',(0.,-1.,0.));
#3018=VECTOR('',#3017,1.);
#3019=LINE('',#3016,#3018);
#3020=EDGE_CURVE('',#2301,#1638,#3019,.T.);
#3021=ORIENTED_EDGE('',*,*,#3020,.T.);
#3022=EDGE_LOOP('',(#3003,#3009,#3015,#3021));
#3023=FACE_OUTER_BOUND('',#3022,.T.);
#3024=ADVANCED_FACE('',(#3023),#2997,.T.);
#3025=CARTESIAN_POINT('',(0.0103,0.0035,0.027250000000000003));
#3026=DIRECTION('',(0.,0.,1.));
#3027=DIRECTION('',(1.,0.,0.));
#3028=AXIS2_PLACEMENT_3D('',#3025,#3026,#3027);
#3029=PLANE('',#3028);
#3030=CARTESIAN_POINT('',(0.012299999999999998,0.0035,0.027250000000000003));
#3031=DIRECTION('',(0.,-1.,0.));
#3032=VECTOR('',#3031,1.);
#3033=LINE('',#3030,#3032);
#3034=EDGE_CURVE('',#2309,#1630,#3033,.T.);
#3035=ORIENTED_EDGE('',*,*,#3034,.F.);
#3036=CARTESIAN_POINT('',(0.0103,0.0035,0.027250000000000003));
#3037=DIRECTION('',(-1.,0.,0.));
#3038=VECTOR('',#3037,1.);
#3039=LINE('',#3036,#3038);
#3040=EDGE_CURVE('',#2317,#2309,#3039,.T.);
#3041=ORIENTED_EDGE('',*,*,#3040,.F.);
#3042=CARTESIAN_POINT('',(0.0103,0.0035,0.027250000000000003));
#3043=DIRECTION('',(0.,-1.,0.));
#3044=VECTOR('',#3043,1.);
#3045=LINE('',#3042,#3044);
#3046=EDGE_CURVE('',#2317,#1622,#3045,.T.);
#3047=ORIENTED_EDGE('',*,*,#3046,.T.);
#3048=CARTESIAN_POINT('',(0.0103,0.0015,0.027250000000000003));
#3049=DIRECTION('',(-1.,0.,0.));
#3050=VECTOR('',#3049,1.);
#3051=LINE('',#3048,#3050);
#3052=EDGE_CURVE('',#1630,#1622,#3051,.T.);
#3053=ORIENTED_EDGE('',*,*,#3052,.F.);
#3054=EDGE_LOOP('',(#3035,#3041,#3047,#3053));
#3055=FACE_OUTER_BOUND('',#3054,.T.);
#3056=ADVANCED_FACE('',(#3055),#3029,.F.);
#3057=CARTESIAN_POINT('',(0.0103,0.0035,0.027500000000000004));
#3058=DIRECTION('',(0.,-1.,0.));
#3059=DIRECTION('',(0.,0.,-1.));
#3060=AXIS2_PLACEMENT_3D('',#3057,#3058,#3059);
#3061=CYLINDRICAL_SURFACE('',#3060,0.0002500000000000002);
#3062=CARTESIAN_POINT('',(0.0103,0.0015,0.027250000000000003));
#3063=CARTESIAN_POINT('',(0.01005,0.0015,0.027250000000000003));
#3064=CARTESIAN_POINT('',(0.01005,0.0015,0.027500000000000004));
#3065=(BOUNDED_CURVE() B_SPLINE_CURVE(2,(#3062,#3063,#3064),.UNSPECIFIED.,.F.,.F.) B_SPLINE_CURVE_WITH_KNOTS((3,3),(0.,1.),.UNSPECIFIED.) CURVE() GEOMETRIC_REPRESENTATION_ITEM() RATIONAL_B_SPLINE_CURVE((1.,0.7071067811865476,1.)) REPRESENTATION_ITEM(''));
#3066=EDGE_CURVE('',#1622,#1614,#3065,.T.);
#3067=ORIENTED_EDGE('',*,*,#3066,.T.);
#3068=CARTESIAN_POINT('',(0.01005,0.0035,0.027500000000000004));
#3069=DIRECTION('',(0.,-1.,0.));
#3070=VECTOR('',#3069,1.);
#3071=LINE('',#3068,#3070);
#3072=EDGE_CURVE('',#2325,#1614,#3071,.T.);
#3073=ORIENTED_EDGE('',*,*,#3072,.F.);
#3074=CARTESIAN_POINT('',(0.01005,0.0035,0.027500000000000004));
#3075=CARTESIAN_POINT('',(0.01005,0.0035,0.027250000000000003));
#3076=CARTESIAN_POINT('',(0.0103,0.0035,0.027250000000000003));
#3077=(BOUNDED_CURVE() B_SPLINE_CURVE(2,(#3074,#3075,#3076),.UNSPECIFIED.,.F.,.F.) B_SPLINE_CURVE_WITH_KNOTS((3,3),(0.,1.),.UNSPECIFIED.) CURVE() GEOMETRIC_REPRESENTATION_ITEM() RATIONAL_B_SPLINE_CURVE((1.,0.7071067811865476,1.)) REPRESENTATION_ITEM(''));
#3078=EDGE_CURVE('',#2325,#2317,#3077,.T.);
#3079=ORIENTED_EDGE('',*,*,#3078,.T.);
#3080=CARTESIAN_POINT('',(0.0103,0.0035,0.027250000000000003));
#3081=DIRECTION('',(0.,-1.,0.));
#3082=VECTOR('',#3081,1.);
#3083=LINE('',#3080,#3082);
#3084=EDGE_CURVE('',#2317,#1622,#3083,.T.);
#3085=ORIENTED_EDGE('',*,*,#3084,.T.);
#3086=EDGE_LOOP('',(#3067,#3073,#3079,#3085));
#3087=FACE_OUTER_BOUND('',#3086,.T.);
#3088=ADVANCED_FACE('',(#3087),#3061,.T.);
#3089=CARTESIAN_POINT('',(0.0098,0.0035,0.027500000000000004));
#3090=DIRECTION('',(0.,-1.,0.));
#3091=DIRECTION('',(0.,0.,-1.));
#3092=AXIS2_PLACEMENT_3D('',#3089,#3090,#3091);
#3093=CYLINDRICAL_SURFACE('',#3092,0.0002500000000000002);
#3094=CARTESIAN_POINT('',(0.01005,0.0015,0.027500000000000004));
#3095=CARTESIAN_POINT('',(0.01005,0.0015,0.027250000000000003));
#3096=CARTESIAN_POINT('',(0.0098,0.0015,0.027250000000000003));
#3097=(BOUNDED_CURVE() B_SPLINE_CURVE(2,(#3094,#3095,#3096),.UNSPECIFIED.,.F.,.F.) B_SPLINE_CURVE_WITH_KNOTS((3,3),(0.,1.),.UNSPECIFIED.) CURVE() GEOMETRIC_REPRESENTATION_ITEM() RATIONAL_B_SPLINE_CURVE((1.,0.7071067811865476,1.)) REPRESENTATION_ITEM(''));
#3098=EDGE_CURVE('',#1614,#1606,#3097,.T.);
#3099=ORIENTED_EDGE('',*,*,#3098,.T.);
#3100=CARTESIAN_POINT('',(0.0098,0.0035,0.027250000000000003));
#3101=DIRECTION('',(0.,-1.,0.));
#3102=VECTOR('',#3101,1.);
#3103=LINE('',#3100,#3102);
#3104=EDGE_CURVE('',#2333,#1606,#3103,.T.);
#3105=ORIENTED_EDGE('',*,*,#3104,.F.);
#3106=CARTESIAN_POINT('',(0.0098,0.0035,0.027250000000000003));
#3107=CARTESIAN_POINT('',(0.01005,0.0035,0.027250000000000003));
#3108=CARTESIAN_POINT('',(0.01005,0.0035,0.027500000000000004));
#3109=(BOUNDED_CURVE() B_SPLINE_CURVE(2,(#3106,#3107,#3108),.UNSPECIFIED.,.F.,.F.) B_SPLINE_CURVE_WITH_KNOTS((3,3),(0.,1.),.UNSPECIFIED.) CURVE() GEOMETRIC_REPRESENTATION_ITEM() RATIONAL_B_SPLINE_CURVE((1.,0.7071067811865476,1.)) REPRESENTATION_ITEM(''));
#3110=EDGE_CURVE('',#2333,#2325,#3109,.T.);
#3111=ORIENTED_EDGE('',*,*,#3110,.T.);
#3112=CARTESIAN_POINT('',(0.01005,0.0035,0.027500000000000004));
#3113=DIRECTION('',(0.,-1.,0.));
#3114=VECTOR('',#3113,1.);
#3115=LINE('',#3112,#3114);
#3116=EDGE_CURVE('',#2325,#1614,#3115,.T.);
#3117=ORIENTED_EDGE('',*,*,#3116,.T.);
#3118=EDGE_LOOP('',(#3099,#3105,#3111,#3117));
#3119=FACE_OUTER_BOUND('',#3118,.T.);
#3120=ADVANCED_FACE('',(#3119),#3093,.T.);
#3121=CARTESIAN_POINT('',(0.0078,0.0035,0.027250000000000003));
#3122=DIRECTION('',(0.,0.,1.));
#3123=DIRECTION('',(1.,0.,0.));
#3124=AXIS2_PLACEMENT_3D('',#3121,#3122,#3123);
#3125=PLANE('',#3124);
#3126=CARTESIAN_POINT('',(0.0098,0.0035,0.027250000000000003));
#3127=DIRECTION('',(0.,-1.,0.));
#3128=VECTOR('',#3127,1.);
#3129=LINE('',#3126,#3128);
#3130=EDGE_CURVE('',#2333,#1606,#3129,.T.);
#3131=ORIENTED_EDGE('',*,*,#3130,.F.);
#3132=CARTESIAN_POINT('',(0.0078,0.0035,0.027250000000000003));
#3133=DIRECTION('',(-1.,0.,0.));
#3134=VECTOR('',#3133,1.);
#3135=LINE('',#3132,#3134);
#3136=EDGE_CURVE('',#2341,#2333,#3135,.T.);
#3137=ORIENTED_EDGE('',*,*,#3136,.F.);
#3138=CARTESIAN_POINT('',(0.0078,0.0035,0.027250000000000003));
#3139=DIRECTION('',(0.,-1.,0.));
#3140=VECTOR('',#3139,1.);
#3141=LINE('',#3138,#3140);
#3142=EDGE_CURVE('',#2341,#1598,#3141,.T.);
#3143=ORIENTED_EDGE('',*,*,#3142,.T.);
#3144=CARTESIAN_POINT('',(0.0078,0.0015,0.027250000000000003));
#3145=DIRECTION('',(-1.,0.,0.));
#3146=VECTOR('',#3145,1.);
#3147=LINE('',#3144,#3146);
#3148=EDGE_CURVE('',#1606,#1598,#3147,.T.);
#3149=ORIENTED_EDGE('',*,*,#3148,.F.);
#3150=EDGE_LOOP('',(#3131,#3137,#3143,#3149));
#3151=FACE_OUTER_BOUND('',#3150,.T.);
#3152=ADVANCED_FACE('',(#3151),#3125,.F.);
#3153=CARTESIAN_POINT('',(0.0078,0.0035,0.027500000000000004));
#3154=DIRECTION('',(0.,-1.,0.));
#3155=DIRECTION('',(0.,0.,-1.));
#3156=AXIS2_PLACEMENT_3D('',#3153,#3154,#3155);
#3157=CYLINDRICAL_SURFACE('',#3156,0.0002500000000000002);
#3158=CARTESIAN_POINT('',(0.0078,0.0015,0.027250000000000003));
#3159=CARTESIAN_POINT('',(0.007549999999999999,0.0015,0.027250000000000003));
#3160=CARTESIAN_POINT('',(0.007549999999999999,0.0015,0.027500000000000004));
#3161=(BOUNDED_CURVE() B_SPLINE_CURVE(2,(#3158,#3159,#3160),.UNSPECIFIED.,.F.,.F.) B_SPLINE_CURVE_WITH_KNOTS((3,3),(0.,1.),.UNSPECIFIED.) CURVE() GEOMETRIC_REPRESENTATION_ITEM() RATIONAL_B_SPLINE_CURVE((1.,0.7071067811865476,1.)) REPRESENTATION_ITEM(''));
#3162=EDGE_CURVE('',#1598,#1590,#3161,.T.);
#3163=ORIENTED_EDGE('',*,*,#3162,.T.);
#3164=CARTESIAN_POINT('',(0.007549999999999999,0.0035,0.027500000000000004));
#3165=DIRECTION('',(0.,-1.,0.));
#3166=VECTOR('',#3165,1.);
#3167=LINE('',#3164,#3166);
#3168=EDGE_CURVE('',#2349,#1590,#3167,.T.);
#3169=ORIENTED_EDGE('',*,*,#3168,.F.);
#3170=CARTESIAN_POINT('',(0.007549999999999999,0.0035,0.027500000000000004));
#3171=CARTESIAN_POINT('',(0.007549999999999999,0.0035,0.027250000000000003));
#3172=CARTESIAN_POINT('',(0.0078,0.0035,0.027250000000000003));
#3173=(BOUNDED_CURVE() B_SPLINE_CURVE(2,(#3170,#3171,#3172),.UNSPECIFIED.,.F.,.F.) B_SPLINE_CURVE_WITH_KNOTS((3,3),(0.,1.),.UNSPECIFIED.) CURVE() GEOMETRIC_REPRESENTATION_ITEM() RATIONAL_B_SPLINE_CURVE((1.,0.7071067811865476,1.)) REPRESENTATION_ITEM(''));
#3174=EDGE_CURVE('',#2349,#2341,#3173,.T.);
#3175=ORIENTED_EDGE('',*,*,#3174,.T.);
#3176=CARTESIAN_POINT('',(0.0078,0.0035,0.027250000000000003));
#3177=DIRECTION('',(0.,-1.,0.));
#3178=VECTOR('',#3177,1.);
#3179=LINE('',#3176,#3178);
#3180=EDGE_CURVE('',#2341,#1598,#3179,.T.);
#3181=ORIENTED_EDGE('',*,*,#3180,.T.);
#3182=EDGE_LOOP('',(#3163,#3169,#3175,#3181));
#3183=FACE_OUTER_BOUND('',#3182,.T.);
#3184=ADVANCED_FACE('',(#3183),#3157,.T.);
#3185=CARTESIAN_POINT('',(0.007299999999999999,0.0035,0.027500000000000004));
#3186=DIRECTION('',(0.,-1.,0.));
#3187=DIRECTION('',(0.,0.,-1.));
#3188=AXIS2_PLACEMENT_3D('',#3185,#3186,#3187);
#3189=CYLINDRICAL_SURFACE('',#3188,0.0002500000000000002);
#3190=CARTESIAN_POINT('',(0.007549999999999999,0.0015,0.027500000000000004));
#3191=CARTESIAN_POINT('',(0.007549999999999999,0.0015,0.027250000000000003));
#3192=CARTESIAN_POINT('',(0.007299999999999999,0.0015,0.027250000000000003));
#3193=(BOUNDED_CURVE() B_SPLINE_CURVE(2,(#3190,#3191,#3192),.UNSPECIFIED.,.F.,.F.) B_SPLINE_CURVE_WITH_KNOTS((3,3),(0.,1.),.UNSPECIFIED.) CURVE() GEOMETRIC_REPRESENTATION_ITEM() RATIONAL_B_SPLINE_CURVE((1.,0.7071067811865476,1.)) REPRESENTATION_ITEM(''));
#3194=EDGE_CURVE('',#1590,#1582,#3193,.T.);
#3195=ORIENTED_EDGE('',*,*,#3194,.T.);
#3196=CARTESIAN_POINT('',(0.007299999999999999,0.0035,0.027250000000000003));
#3197=DIRECTION('',(0.,-1.,0.));
#3198=VECTOR('',#3197,1.);
#3199=LINE('',#3196,#3198);
#3200=EDGE_CURVE('',#2357,#1582,#3199,.T.);
#3201=ORIENTED_EDGE('',*,*,#3200,.F.);
#3202=CARTESIAN_POINT('',(0.007299999999999999,0.0035,0.027250000000000003));
#3203=CARTESIAN_POINT('',(0.007549999999999999,0.0035,0.027250000000000003));
#3204=CARTESIAN_POINT('',(0.007549999999999999,0.0035,0.027500000000000004));
#3205=(BOUNDED_CURVE() B_SPLINE_CURVE(2,(#3202,#3203,#3204),.UNSPECIFIED.,.F.,.F.) B_SPLINE_CURVE_WITH_KNOTS((3,3),(0.,1.),.UNSPECIFIED.) CURVE() GEOMETRIC_REPRESENTATION_ITEM() RATIONAL_B_SPLINE_CURVE((1.,0.7071067811865476,1.)) REPRESENTATION_ITEM(''));
#3206=EDGE_CURVE('',#2357,#2349,#3205,.T.);
#3207=ORIENTED_EDGE('',*,*,#3206,.T.);
#3208=CARTESIAN_POINT('',(0.007549999999999999,0.0035,0.027500000000000004));
#3209=DIRECTION('',(0.,-1.,0.));
#3210=VECTOR('',#3209,1.);
#3211=LINE('',#3208,#3210);
#3212=EDGE_CURVE('',#2349,#1590,#3211,.T.);
#3213=ORIENTED_EDGE('',*,*,#3212,.T.);
#3214=EDGE_LOOP('',(#3195,#3201,#3207,#3213));
#3215=FACE_OUTER_BOUND('',#3214,.T.);
#3216=ADVANCED_FACE('',(#3215),#3189,.T.);
#3217=CARTESIAN_POINT('',(0.0053,0.0035,0.027250000000000003));
#3218=DIRECTION('',(0.,0.,1.));
#3219=DIRECTION('',(1.,0.,0.));
#3220=AXIS2_PLACEMENT_3D('',#3217,#3218,#3219);
#3221=PLANE('',#3220);
#3222=CARTESIAN_POINT('',(0.007299999999999999,0.0035,0.027250000000000003));
#3223=DIRECTION('',(0.,-1.,0.));
#3224=VECTOR('',#3223,1.);
#3225=LINE('',#3222,#3224);
#3226=EDGE_CURVE('',#2357,#1582,#3225,.T.);
#3227=ORIENTED_EDGE('',*,*,#3226,.F.);
#3228=CARTESIAN_POINT('',(0.0053,0.0035,0.027250000000000003));
#3229=DIRECTION('',(-1.,0.,0.));
#3230=VECTOR('',#3229,1.);
#3231=LINE('',#3228,#3230);
#3232=EDGE_CURVE('',#2365,#2357,#3231,.T.);
#3233=ORIENTED_EDGE('',*,*,#3232,.F.);
#3234=CARTESIAN_POINT('',(0.0053,0.0035,0.027250000000000003));
#3235=DIRECTION('',(0.,-1.,0.));
#3236=VECTOR('',#3235,1.);
#3237=LINE('',#3234,#3236);
#3238=EDGE_CURVE('',#2365,#1574,#3237,.T.);
#3239=ORIENTED_EDGE('',*,*,#3238,.T.);
#3240=CARTESIAN_POINT('',(0.0053,0.0015,0.027250000000000003));
#3241=DIRECTION('',(-1.,0.,0.));
#3242=VECTOR('',#3241,1.);
#3243=LINE('',#3240,#3242);
#3244=EDGE_CURVE('',#1582,#1574,#3243,.T.);
#3245=ORIENTED_EDGE('',*,*,#3244,.F.);
#3246=EDGE_LOOP('',(#3227,#3233,#3239,#3245));
#3247=FACE_OUTER_BOUND('',#3246,.T.);
#3248=ADVANCED_FACE('',(#3247),#3221,.F.);
#3249=CARTESIAN_POINT('',(0.0053,0.0035,0.027500000000000004));
#3250=DIRECTION('',(0.,-1.,0.));
#3251=DIRECTION('',(0.,0.,-1.));
#3252=AXIS2_PLACEMENT_3D('',#3249,#3250,#3251);
#3253=CYLINDRICAL_SURFACE('',#3252,0.00025000000000000066);
#3254=CARTESIAN_POINT('',(0.0053,0.0015,0.027250000000000003));
#3255=CARTESIAN_POINT('',(0.005049999999999999,0.0015,0.027250000000000003));
#3256=CARTESIAN_POINT('',(0.005049999999999999,0.0015,0.027500000000000004));
#3257=(BOUNDED_CURVE() B_SPLINE_CURVE(2,(#3254,#3255,#3256),.UNSPECIFIED.,.F.,.F.) B_SPLINE_CURVE_WITH_KNOTS((3,3),(0.,1.),.UNSPECIFIED.) CURVE() GEOMETRIC_REPRESENTATION_ITEM() RATIONAL_B_SPLINE_CURVE((1.,0.7071067811865476,1.)) REPRESENTATION_ITEM(''));
#3258=EDGE_CURVE('',#1574,#1566,#3257,.T.);
#3259=ORIENTED_EDGE('',*,*,#3258,.T.);
#3260=CARTESIAN_POINT('',(0.005049999999999999,0.0035,0.027500000000000004));
#3261=DIRECTION('',(0.,-1.,0.));
#3262=VECTOR('',#3261,1.);
#3263=LINE('',#3260,#3262);
#3264=EDGE_CURVE('',#2373,#1566,#3263,.T.);
#3265=ORIENTED_EDGE('',*,*,#3264,.F.);
#3266=CARTESIAN_POINT('',(0.005049999999999999,0.0035,0.027500000000000004));
#3267=CARTESIAN_POINT('',(0.005049999999999999,0.0035,0.027250000000000003));
#3268=CARTESIAN_POINT('',(0.0053,0.0035,0.027250000000000003));
#3269=(BOUNDED_CURVE() B_SPLINE_CURVE(2,(#3266,#3267,#3268),.UNSPECIFIED.,.F.,.F.) B_SPLINE_CURVE_WITH_KNOTS((3,3),(0.,1.),.UNSPECIFIED.) CURVE() GEOMETRIC_REPRESENTATION_ITEM() RATIONAL_B_SPLINE_CURVE((1.,0.7071067811865476,1.)) REPRESENTATION_ITEM(''));
#3270=EDGE_CURVE('',#2373,#2365,#3269,.T.);
#3271=ORIENTED_EDGE('',*,*,#3270,.T.);
#3272=CARTESIAN_POINT('',(0.0053,0.0035,0.027250000000000003));
#3273=DIRECTION('',(0.,-1.,0.));
#3274=VECTOR('',#3273,1.);
#3275=LINE('',#3272,#3274);
#3276=EDGE_CURVE('',#2365,#1574,#3275,.T.);
#3277=ORIENTED_EDGE('',*,*,#3276,.T.);
#3278=EDGE_LOOP('',(#3259,#3265,#3271,#3277));
#3279=FACE_OUTER_BOUND('',#3278,.T.);
#3280=ADVANCED_FACE('',(#3279),#3253,.T.);
#3281=CARTESIAN_POINT('',(0.005049999999999999,0.0035,0.027500000000000004));
#3282=DIRECTION('',(1.,0.,0.));
#3283=DIRECTION('',(0.,0.,-1.));
#3284=AXIS2_PLACEMENT_3D('',#3281,#3282,#3283);
#3285=PLANE('',#3284);
#3286=CARTESIAN_POINT('',(0.005049999999999999,0.0035,0.027500000000000004));
#3287=DIRECTION('',(0.,-1.,0.));
#3288=VECTOR('',#3287,1.);
#3289=LINE('',#3286,#3288);
#3290=EDGE_CURVE('',#2373,#1566,#3289,.T.);
#3291=ORIENTED_EDGE('',*,*,#3290,.F.);
#3292=CARTESIAN_POINT('',(0.005049999999999999,0.0035,0.027500000000000004));
#3293=DIRECTION('',(0.,0.,1.));
#3294=VECTOR('',#3293,1.);
#3295=LINE('',#3292,#3294);
#3296=EDGE_CURVE('',#2381,#2373,#3295,.T.);
#3297=ORIENTED_EDGE('',*,*,#3296,.F.);
#3298=CARTESIAN_POINT('',(0.005049999999999999,0.0035,0.029500000000000002));
#3299=DIRECTION('',(0.,-1.,0.));
#3300=VECTOR('',#3299,1.);
#3301=LINE('',#3298,#3300);
#3302=EDGE_CURVE('',#2381,#1558,#3301,.T.);
#3303=ORIENTED_EDGE('',*,*,#3302,.T.);
#3304=CARTESIAN_POINT('',(0.005049999999999999,0.0015,0.027500000000000004));
#3305=DIRECTION('',(0.,0.,1.));
#3306=VECTOR('',#3305,1.);
#3307=LINE('',#3304,#3306);
#3308=EDGE_CURVE('',#1566,#1558,#3307,.T.);
#3309=ORIENTED_EDGE('',*,*,#3308,.F.);
#3310=EDGE_LOOP('',(#3291,#3297,#3303,#3309));
#3311=FACE_OUTER_BOUND('',#3310,.T.);
#3312=ADVANCED_FACE('',(#3311),#3285,.F.);
#3313=CARTESIAN_POINT('',(0.0053,0.0035,0.029500000000000002));
#3314=DIRECTION('',(0.,-1.,0.));
#3315=DIRECTION('',(0.,0.,-1.));
#3316=AXIS2_PLACEMENT_3D('',#3313,#3314,#3315);
#3317=CYLINDRICAL_SURFACE('',#3316,0.00025000000000000066);
#3318=CARTESIAN_POINT('',(0.005049999999999999,0.0015,0.029500000000000002));
#3319=CARTESIAN_POINT('',(0.005049999999999999,0.0015,0.029750000000000002));
#3320=CARTESIAN_POINT('',(0.0053,0.0015,0.029750000000000002));
#3321=(BOUNDED_CURVE() B_SPLINE_CURVE(2,(#3318,#3319,#3320),.UNSPECIFIED.,.F.,.F.) B_SPLINE_CURVE_WITH_KNOTS((3,3),(0.,1.),.UNSPECIFIED.) CURVE() GEOMETRIC_REPRESENTATION_ITEM() RATIONAL_B_SPLINE_CURVE((1.,0.7071067811865476,1.)) REPRESENTATION_ITEM(''));
#3322=EDGE_CURVE('',#1558,#1550,#3321,.T.);
#3323=ORIENTED_EDGE('',*,*,#3322,.T.);
#3324=CARTESIAN_POINT('',(0.0053,0.0035,0.029750000000000002));
#3325=DIRECTION('',(0.,-1.,0.));
#3326=VECTOR('',#3325,1.);
#3327=LINE('',#3324,#3326);
#3328=EDGE_CURVE('',#2389,#1550,#3327,.T.);
#3329=ORIENTED_EDGE('',*,*,#3328,.F.);
#3330=CARTESIAN_POINT('',(0.0053,0.0035,0.029750000000000002));
#3331=CARTESIAN_POINT('',(0.005049999999999999,0.0035,0.029750000000000002));
#3332=CARTESIAN_POINT('',(0.005049999999999999,0.0035,0.029500000000000002));
#3333=(BOUNDED_CURVE() B_SPLINE_CURVE(2,(#3330,#3331,#3332),.UNSPECIFIED.,.F.,.F.) B_SPLINE_CURVE_WITH_KNOTS((3,3),(0.,1.),.UNSPECIFIED.) CURVE() GEOMETRIC_REPRESENTATION_ITEM() RATIONAL_B_SPLINE_CURVE((1.,0.7071067811865476,1.)) REPRESENTATION_ITEM(''));
#3334=EDGE_CURVE('',#2389,#2381,#3333,.T.);
#3335=ORIENTED_EDGE('',*,*,#3334,.T.);
#3336=CARTESIAN_POINT('',(0.005049999999999999,0.0035,0.029500000000000002));
#3337=DIRECTION('',(0.,-1.,0.));
#3338=VECTOR('',#3337,1.);
#3339=LINE('',#3336,#3338);
#3340=EDGE_CURVE('',#2381,#1558,#3339,.T.);
#3341=ORIENTED_EDGE('',*,*,#3340,.T.);
#3342=EDGE_LOOP('',(#3323,#3329,#3335,#3341));
#3343=FACE_OUTER_BOUND('',#3342,.T.);
#3344=ADVANCED_FACE('',(#3343),#3317,.T.);
#3345=CARTESIAN_POINT('',(0.0053,0.0035,0.029750000000000002));
#3346=DIRECTION('',(0.,0.,-1.));
#3347=DIRECTION('',(-1.,0.,0.));
#3348=AXIS2_PLACEMENT_3D('',#3345,#3346,#3347);
#3349=PLANE('',#3348);
#3350=CARTESIAN_POINT('',(0.0053,0.0035,0.029750000000000002));
#3351=DIRECTION('',(0.,-1.,0.));
#3352=VECTOR('',#3351,1.);
#3353=LINE('',#3350,#3352);
#3354=EDGE_CURVE('',#2389,#1550,#3353,.T.);
#3355=ORIENTED_EDGE('',*,*,#3354,.F.);
#3356=CARTESIAN_POINT('',(0.0053,0.0035,0.029750000000000002));
#3357=DIRECTION('',(1.,0.,0.));
#3358=VECTOR('',#3357,1.);
#3359=LINE('',#3356,#3358);
#3360=EDGE_CURVE('',#2397,#2389,#3359,.T.);
#3361=ORIENTED_EDGE('',*,*,#3360,.F.);
#3362=CARTESIAN_POINT('',(0.007299999999999999,0.0035,0.029750000000000002));
#3363=DIRECTION('',(0.,-1.,0.));
#3364=VECTOR('',#3363,1.);
#3365=LINE('',#3362,#3364);
#3366=EDGE_CURVE('',#1542,#2397,#3365,.T.);
#3367=ORIENTED_EDGE('',*,*,#3366,.F.);
#3368=CARTESIAN_POINT('',(0.0053,0.0015,0.029750000000000002));
#3369=DIRECTION('',(1.,0.,0.));
#3370=VECTOR('',#3369,1.);
#3371=LINE('',#3368,#3370);
#3372=EDGE_CURVE('',#1550,#1542,#3371,.T.);
#3373=ORIENTED_EDGE('',*,*,#3372,.F.);
#3374=EDGE_LOOP('',(#3355,#3361,#3367,#3373));
#3375=FACE_OUTER_BOUND('',#3374,.T.);
#3376=ADVANCED_FACE('',(#3375),#3349,.F.);
#3377=CARTESIAN_POINT('',(0.,0.0337,0.03625000000000038));
#3378=DIRECTION('',(0.,1.303939935061948E-14,-1.));
#3379=DIRECTION('',(0.,1.,1.303939935061948E-14));
#3380=AXIS2_PLACEMENT_3D('',#3377,#3378,#3379);
#3381=PLANE('',#3380);
#3382=CARTESIAN_POINT('',(0.005999999999999998,0.005500000000000001,0.03625000000000001));
#3383=DIRECTION('',(1.,0.,0.));
#3384=VECTOR('',#3383,1.);
#3385=LINE('',#3382,#3384);
#3386=CARTESIAN_POINT('',(0.005999999999999998,0.005500000000000001,0.03625000000000001));
#3387=VERTEX_POINT('',#3386);
#3388=CARTESIAN_POINT('',(0.006599999999999998,0.005500000000000001,0.03625000000000001));
#3389=VERTEX_POINT('',#3388);
#3390=EDGE_CURVE('',#3387,#3389,#3385,.T.);
#3391=ORIENTED_EDGE('',*,*,#3390,.T.);
#3392=CARTESIAN_POINT('',(0.006599999999999998,0.004900000000000002,0.036250000000000004));
#3393=DIRECTION('',(0.,-1.,-1.303939935061948E-14));
#3394=VECTOR('',#3393,1.);
#3395=LINE('',#3392,#3394);
#3396=CARTESIAN_POINT('',(0.006599999999999998,0.004900000000000002,0.036250000000000004));
#3397=VERTEX_POINT('',#3396);
#3398=EDGE_CURVE('',#3389,#3397,#3395,.T.);
#3399=ORIENTED_EDGE('',*,*,#3398,.T.);
#3400=CARTESIAN_POINT('',(0.005999999999999998,0.004900000000000002,0.036250000000000004));
#3401=DIRECTION('',(-1.,0.,0.));
#3402=VECTOR('',#3401,1.);
#3403=LINE('',#3400,#3402);
#3404=CARTESIAN_POINT('',(0.005999999999999998,0.004900000000000002,0.036250000000000004));
#3405=VERTEX_POINT('',#3404);
#3406=EDGE_CURVE('',#3397,#3405,#3403,.T.);
#3407=ORIENTED_EDGE('',*,*,#3406,.T.);
#3408=CARTESIAN_POINT('',(0.005999999999999998,0.004900000000000002,0.036250000000000004));
#3409=DIRECTION('',(0.,1.,1.303939935061948E-14));
#3410=VECTOR('',#3409,1.);
#3411=LINE('',#3408,#3410);
#3412=EDGE_CURVE('',#3405,#3387,#3411,.T.);
#3413=ORIENTED_EDGE('',*,*,#3412,.T.);
#3414=EDGE_LOOP('',(#3391,#3399,#3407,#3413));
#3415=FACE_OUTER_BOUND('',#3414,.T.);
#3416=ADVANCED_FACE('',(#3415),#3381,.F.);
#3417=CARTESIAN_POINT('',(0.005999999999999998,0.004599999999999996,0.028200000000000003));
#3418=DIRECTION('',(0.,0.,-1.));
#3419=DIRECTION('',(-1.,0.,0.));
#3420=AXIS2_PLACEMENT_3D('',#3417,#3418,#3419);
#3421=PLANE('',#3420);
#3422=CARTESIAN_POINT('',(0.006,0.0035,0.028200000000000003));
#3423=DIRECTION('',(-1.,0.,0.));
#3424=VECTOR('',#3423,1.);
#3425=LINE('',#3422,#3424);
#3426=EDGE_CURVE('',#2413,#2415,#3425,.T.);
#3427=ORIENTED_EDGE('',*,*,#3426,.T.);
#3428=CARTESIAN_POINT('',(0.005999999999999998,0.004599999999999996,0.028200000000000003));
#3429=DIRECTION('',(0.,-1.,0.));
#3430=VECTOR('',#3429,1.);
#3431=LINE('',#3428,#3430);
#3432=CARTESIAN_POINT('',(0.005999999999999998,0.004599999999999996,0.028200000000000003));
#3433=VERTEX_POINT('',#3432);
#3434=EDGE_CURVE('',#3433,#2415,#3431,.T.);
#3435=ORIENTED_EDGE('',*,*,#3434,.F.);
#3436=CARTESIAN_POINT('',(0.005999999999999998,0.004599999999999996,0.028200000000000003));
#3437=DIRECTION('',(1.,0.,0.));
#3438=VECTOR('',#3437,1.);
#3439=LINE('',#3436,#3438);
#3440=CARTESIAN_POINT('',(0.006599999999999998,0.004599999999999996,0.028200000000000003));
#3441=VERTEX_POINT('',#3440);
#3442=EDGE_CURVE('',#3441,#3433,#3439,.T.);
#3443=ORIENTED_EDGE('',*,*,#3442,.F.);
#3444=CARTESIAN_POINT('',(0.006599999999999998,0.004599999999999996,0.028200000000000003));
#3445=DIRECTION('',(0.,-1.,0.));
#3446=VECTOR('',#3445,1.);
#3447=LINE('',#3444,#3446);
#3448=EDGE_CURVE('',#2413,#3441,#3447,.T.);
#3449=ORIENTED_EDGE('',*,*,#3448,.F.);
#3450=EDGE_LOOP('',(#3427,#3435,#3443,#3449));
#3451=FACE_OUTER_BOUND('',#3450,.T.);
#3452=ADVANCED_FACE('',(#3451),#3421,.T.);
#3453=CARTESIAN_POINT('',(0.006599999999999998,0.004599999999999996,0.028800000000000003));
#3454=DIRECTION('',(1.,0.,0.));
#3455=DIRECTION('',(0.,0.,-1.));
#3456=AXIS2_PLACEMENT_3D('',#3453,#3454,#3455);
#3457=PLANE('',#3456);
#3458=CARTESIAN_POINT('',(0.0066,0.0035,0.028200000000000003));
#3459=DIRECTION('',(0.,0.,-1.));
#3460=VECTOR('',#3459,1.);
#3461=LINE('',#3458,#3460);
#3462=EDGE_CURVE('',#2423,#2413,#3461,.T.);
#3463=ORIENTED_EDGE('',*,*,#3462,.T.);
#3464=CARTESIAN_POINT('',(0.006599999999999998,0.004599999999999996,0.028200000000000003));
#3465=DIRECTION('',(0.,-1.,0.));
#3466=VECTOR('',#3465,1.);
#3467=LINE('',#3464,#3466);
#3468=EDGE_CURVE('',#2413,#3441,#3467,.T.);
#3469=ORIENTED_EDGE('',*,*,#3468,.T.);
#3470=CARTESIAN_POINT('',(0.006599999999999998,0.004599999999999996,0.028800000000000003));
#3471=DIRECTION('',(0.,0.,1.));
#3472=VECTOR('',#3471,1.);
#3473=LINE('',#3470,#3472);
#3474=CARTESIAN_POINT('',(0.006599999999999998,0.004599999999999996,0.028800000000000003));
#3475=VERTEX_POINT('',#3474);
#3476=EDGE_CURVE('',#3475,#3441,#3473,.T.);
#3477=ORIENTED_EDGE('',*,*,#3476,.F.);
#3478=CARTESIAN_POINT('',(0.006599999999999998,0.004599999999999996,0.028800000000000003));
#3479=DIRECTION('',(0.,-1.,0.));
#3480=VECTOR('',#3479,1.);
#3481=LINE('',#3478,#3480);
#3482=EDGE_CURVE('',#2423,#3475,#3481,.T.);
#3483=ORIENTED_EDGE('',*,*,#3482,.F.);
#3484=EDGE_LOOP('',(#3463,#3469,#3477,#3483));
#3485=FACE_OUTER_BOUND('',#3484,.T.);
#3486=ADVANCED_FACE('',(#3485),#3457,.T.);
#3487=CARTESIAN_POINT('',(0.005999999999999998,0.004599999999999996,0.028800000000000003));
#3488=DIRECTION('',(0.,0.,1.));
#3489=DIRECTION('',(1.,0.,0.));
#3490=AXIS2_PLACEMENT_3D('',#3487,#3488,#3489);
#3491=PLANE('',#3490);
#3492=CARTESIAN_POINT('',(0.006,0.0035,0.028800000000000003));
#3493=DIRECTION('',(1.,0.,0.));
#3494=VECTOR('',#3493,1.);
#3495=LINE('',#3492,#3494);
#3496=EDGE_CURVE('',#2431,#2423,#3495,.T.);
#3497=ORIENTED_EDGE('',*,*,#3496,.T.);
#3498=CARTESIAN_POINT('',(0.006599999999999998,0.004599999999999996,0.028800000000000003));
#3499=DIRECTION('',(0.,-1.,0.));
#3500=VECTOR('',#3499,1.);
#3501=LINE('',#3498,#3500);
#3502=EDGE_CURVE('',#2423,#3475,#3501,.T.);
#3503=ORIENTED_EDGE('',*,*,#3502,.T.);
#3504=CARTESIAN_POINT('',(0.005999999999999998,0.004599999999999996,0.028800000000000003));
#3505=DIRECTION('',(-1.,0.,0.));
#3506=VECTOR('',#3505,1.);
#3507=LINE('',#3504,#3506);
#3508=CARTESIAN_POINT('',(0.005999999999999998,0.004599999999999996,0.028800000000000003));
#3509=VERTEX_POINT('',#3508);
#3510=EDGE_CURVE('',#3509,#3475,#3507,.T.);
#3511=ORIENTED_EDGE('',*,*,#3510,.F.);
#3512=CARTESIAN_POINT('',(0.005999999999999998,0.004599999999999996,0.028800000000000003));
#3513=DIRECTION('',(0.,-1.,0.));
#3514=VECTOR('',#3513,1.);
#3515=LINE('',#3512,#3514);
#3516=EDGE_CURVE('',#2431,#3509,#3515,.T.);
#3517=ORIENTED_EDGE('',*,*,#3516,.F.);
#3518=EDGE_LOOP('',(#3497,#3503,#3511,#3517));
#3519=FACE_OUTER_BOUND('',#3518,.T.);
#3520=ADVANCED_FACE('',(#3519),#3491,.T.);
#3521=CARTESIAN_POINT('',(0.005999999999999998,0.004599999999999996,0.028800000000000003));
#3522=DIRECTION('',(-1.,0.,0.));
#3523=DIRECTION('',(0.,0.,1.));
#3524=AXIS2_PLACEMENT_3D('',#3521,#3522,#3523);
#3525=PLANE('',#3524);
#3526=CARTESIAN_POINT('',(0.005999999999999998,0.004599999999999996,0.028200000000000003));
#3527=DIRECTION('',(0.,-1.,0.));
#3528=VECTOR('',#3527,1.);
#3529=LINE('',#3526,#3528);
#3530=EDGE_CURVE('',#3433,#2415,#3529,.T.);
#3531=ORIENTED_EDGE('',*,*,#3530,.T.);
#3532=CARTESIAN_POINT('',(0.006,0.0035,0.028200000000000003));
#3533=DIRECTION('',(0.,0.,1.));
#3534=VECTOR('',#3533,1.);
#3535=LINE('',#3532,#3534);
#3536=EDGE_CURVE('',#2415,#2431,#3535,.T.);
#3537=ORIENTED_EDGE('',*,*,#3536,.T.);
#3538=CARTESIAN_POINT('',(0.005999999999999998,0.004599999999999996,0.028800000000000003));
#3539=DIRECTION('',(0.,-1.,0.));
#3540=VECTOR('',#3539,1.);
#3541=LINE('',#3538,#3540);
#3542=EDGE_CURVE('',#2431,#3509,#3541,.T.);
#3543=ORIENTED_EDGE('',*,*,#3542,.T.);
#3544=CARTESIAN_POINT('',(0.005999999999999998,0.004599999999999996,0.028800000000000003));
#3545=DIRECTION('',(0.,0.,-1.));
#3546=VECTOR('',#3545,1.);
#3547=LINE('',#3544,#3546);
#3548=EDGE_CURVE('',#3433,#3509,#3547,.T.);
#3549=ORIENTED_EDGE('',*,*,#3548,.F.);
#3550=EDGE_LOOP('',(#3531,#3537,#3543,#3549));
#3551=FACE_OUTER_BOUND('',#3550,.T.);
#3552=ADVANCED_FACE('',(#3551),#3525,.T.);
#3553=CARTESIAN_POINT('',(0.005999999999999998,0.004599999999999996,0.028800000000000003));
#3554=DIRECTION('',(1.,0.,0.));
#3555=DIRECTION('',(0.,0.,-1.));
#3556=AXIS2_PLACEMENT_3D('',#3553,#3554,#3555);
#3557=PLANE('',#3556);
#3558=CARTESIAN_POINT('',(0.005999999999999998,0.004599999999999996,0.028800000000000003));
#3559=DIRECTION('',(0.,0.,-1.));
#3560=VECTOR('',#3559,1.);
#3561=LINE('',#3558,#3560);
#3562=EDGE_CURVE('',#3433,#3509,#3561,.T.);
#3563=ORIENTED_EDGE('',*,*,#3562,.F.);
#3564=CARTESIAN_POINT('',(0.005999999999999998,0.004599999999999996,0.028200000000000003));
#3565=CARTESIAN_POINT('',(0.005999999999999998,0.004972792206135786,0.0282));
#3566=CARTESIAN_POINT('',(0.005999999999999998,0.005236396103067896,0.028463603896932112));
#3567=CARTESIAN_POINT('',(0.005999999999999998,0.005500000000000006,0.028727207793864225));
#3568=CARTESIAN_POINT('',(0.005999999999999998,0.005500000000000001,0.029100000000000015));
#3569=(BOUNDED_CURVE() B_SPLINE_CURVE(2,(#3564,#3565,#3566,#3567,#3568),.UNSPECIFIED.,.F.,.F.) B_SPLINE_CURVE_WITH_KNOTS((3,2,3),(0.,1.,2.),.UNSPECIFIED.) CURVE() GEOMETRIC_REPRESENTATION_ITEM() RATIONAL_B_SPLINE_CURVE((1.,0.9238795325112852,1.,0.9238795325112852,1.)) REPRESENTATION_ITEM(''));
#3570=CARTESIAN_POINT('',(0.005999999999999998,0.005500000000000001,0.029100000000000015));
#3571=VERTEX_POINT('',#3570);
#3572=EDGE_CURVE('',#3433,#3571,#3569,.T.);
#3573=ORIENTED_EDGE('',*,*,#3572,.T.);
#3574=CARTESIAN_POINT('',(0.005999999999999998,0.004900000000000002,0.029100000000000008));
#3575=DIRECTION('',(0.,1.,1.303939935061948E-14));
#3576=VECTOR('',#3575,1.);
#3577=LINE('',#3574,#3576);
#3578=CARTESIAN_POINT('',(0.005999999999999998,0.004900000000000002,0.029100000000000008));
#3579=VERTEX_POINT('',#3578);
#3580=EDGE_CURVE('',#3571,#3579,#3577,.T.);
#3581=ORIENTED_EDGE('',*,*,#3580,.T.);
#3582=CARTESIAN_POINT('',(0.005999999999999998,0.004900000000000002,0.029100000000000008));
#3583=CARTESIAN_POINT('',(0.005999999999999998,0.004900000000000003,0.028975735931288077));
#3584=CARTESIAN_POINT('',(0.005999999999999998,0.004812132034355965,0.028887867965644038));
#3585=CARTESIAN_POINT('',(0.005999999999999998,0.004724264068711927,0.0288));
#3586=CARTESIAN_POINT('',(0.005999999999999998,0.004599999999999996,0.028800000000000003));
#3587=(BOUNDED_CURVE() B_SPLINE_CURVE(2,(#3582,#3583,#3584,#3585,#3586),.UNSPECIFIED.,.F.,.F.) B_SPLINE_CURVE_WITH_KNOTS((3,2,3),(0.,1.,2.),.UNSPECIFIED.) CURVE() GEOMETRIC_REPRESENTATION_ITEM() RATIONAL_B_SPLINE_CURVE((1.,0.9238795325112843,1.,0.9238795325112843,1.)) REPRESENTATION_ITEM(''));
#3588=EDGE_CURVE('',#3579,#3509,#3587,.T.);
#3589=ORIENTED_EDGE('',*,*,#3588,.T.);
#3590=EDGE_LOOP('',(#3563,#3573,#3581,#3589));
#3591=FACE_OUTER_BOUND('',#3590,.T.);
#3592=ADVANCED_FACE('',(#3591),#3557,.F.);
#3593=CARTESIAN_POINT('',(0.005049999999999999,0.0046,0.029100000000000004));
#3594=DIRECTION('',(1.,0.,0.));
#3595=DIRECTION('',(0.,0.,-1.));
#3596=AXIS2_PLACEMENT_3D('',#3593,#3594,#3595);
#3597=CYLINDRICAL_SURFACE('',#3596,0.0009000000000000015);
#3598=CARTESIAN_POINT('',(0.005999999999999998,0.004599999999999996,0.028200000000000003));
#3599=CARTESIAN_POINT('',(0.005999999999999998,0.004972792206135786,0.0282));
#3600=CARTESIAN_POINT('',(0.005999999999999998,0.005236396103067896,0.028463603896932112));
#3601=CARTESIAN_POINT('',(0.005999999999999998,0.005500000000000006,0.028727207793864225));
#3602=CARTESIAN_POINT('',(0.005999999999999998,0.005500000000000001,0.029100000000000015));
#3603=(BOUNDED_CURVE() B_SPLINE_CURVE(2,(#3598,#3599,#3600,#3601,#3602),.UNSPECIFIED.,.F.,.F.) B_SPLINE_CURVE_WITH_KNOTS((3,2,3),(0.,1.,2.),.UNSPECIFIED.) CURVE() GEOMETRIC_REPRESENTATION_ITEM() RATIONAL_B_SPLINE_CURVE((1.,0.9238795325112852,1.,0.9238795325112852,1.)) REPRESENTATION_ITEM(''));
#3604=EDGE_CURVE('',#3433,#3571,#3603,.T.);
#3605=ORIENTED_EDGE('',*,*,#3604,.T.);
#3606=CARTESIAN_POINT('',(0.005999999999999998,0.005500000000000001,0.029100000000000015));
#3607=DIRECTION('',(1.,0.,0.));
#3608=VECTOR('',#3607,1.);
#3609=LINE('',#3606,#3608);
#3610=CARTESIAN_POINT('',(0.006599999999999998,0.005500000000000001,0.029100000000000015));
#3611=VERTEX_POINT('',#3610);
#3612=EDGE_CURVE('',#3611,#3571,#3609,.T.);
#3613=ORIENTED_EDGE('',*,*,#3612,.F.);
#3614=CARTESIAN_POINT('',(0.006599999999999998,0.004599999999999996,0.028200000000000003));
#3615=CARTESIAN_POINT('',(0.006599999999999998,0.004972792206135786,0.0282));
#3616=CARTESIAN_POINT('',(0.006599999999999998,0.005236396103067896,0.028463603896932112));
#3617=CARTESIAN_POINT('',(0.006599999999999998,0.005500000000000006,0.028727207793864225));
#3618=CARTESIAN_POINT('',(0.006599999999999998,0.005500000000000001,0.029100000000000015));
#3619=(BOUNDED_CURVE() B_SPLINE_CURVE(2,(#3614,#3615,#3616,#3617,#3618),.UNSPECIFIED.,.F.,.F.) B_SPLINE_CURVE_WITH_KNOTS((3,2,3),(0.,1.,2.),.UNSPECIFIED.) CURVE() GEOMETRIC_REPRESENTATION_ITEM() RATIONAL_B_SPLINE_CURVE((1.,0.9238795325112852,1.,0.9238795325112852,1.)) REPRESENTATION_ITEM(''));
#3620=EDGE_CURVE('',#3441,#3611,#3619,.T.);
#3621=ORIENTED_EDGE('',*,*,#3620,.F.);
#3622=CARTESIAN_POINT('',(0.005999999999999998,0.004599999999999996,0.028200000000000003));
#3623=DIRECTION('',(1.,0.,0.));
#3624=VECTOR('',#3623,1.);
#3625=LINE('',#3622,#3624);
#3626=EDGE_CURVE('',#3441,#3433,#3625,.T.);
#3627=ORIENTED_EDGE('',*,*,#3626,.T.);
#3628=EDGE_LOOP('',(#3605,#3613,#3621,#3627));
#3629=FACE_OUTER_BOUND('',#3628,.T.);
#3630=ADVANCED_FACE('',(#3629),#3597,.T.);
#3631=CARTESIAN_POINT('',(0.006599999999999998,0.004599999999999996,0.028800000000000003));
#3632=DIRECTION('',(-1.,0.,0.));
#3633=DIRECTION('',(0.,0.,1.));
#3634=AXIS2_PLACEMENT_3D('',#3631,#3632,#3633);
#3635=PLANE('',#3634);
#3636=CARTESIAN_POINT('',(0.006599999999999998,0.004599999999999996,0.028800000000000003));
#3637=DIRECTION('',(0.,0.,1.));
#3638=VECTOR('',#3637,1.);
#3639=LINE('',#3636,#3638);
#3640=EDGE_CURVE('',#3475,#3441,#3639,.T.);
#3641=ORIENTED_EDGE('',*,*,#3640,.F.);
#3642=CARTESIAN_POINT('',(0.006599999999999998,0.004599999999999996,0.028800000000000003));
#3643=CARTESIAN_POINT('',(0.006599999999999998,0.004724264068711927,0.0288));
#3644=CARTESIAN_POINT('',(0.006599999999999998,0.004812132034355965,0.028887867965644038));
#3645=CARTESIAN_POINT('',(0.006599999999999998,0.004900000000000003,0.028975735931288077));
#3646=CARTESIAN_POINT('',(0.006599999999999998,0.004900000000000002,0.029100000000000008));
#3647=(BOUNDED_CURVE() B_SPLINE_CURVE(2,(#3642,#3643,#3644,#3645,#3646),.UNSPECIFIED.,.F.,.F.) B_SPLINE_CURVE_WITH_KNOTS((3,2,3),(0.,1.,2.),.UNSPECIFIED.) CURVE() GEOMETRIC_REPRESENTATION_ITEM() RATIONAL_B_SPLINE_CURVE((1.,0.9238795325112843,1.,0.9238795325112843,1.)) REPRESENTATION_ITEM(''));
#3648=CARTESIAN_POINT('',(0.006599999999999998,0.004900000000000002,0.029100000000000008));
#3649=VERTEX_POINT('',#3648);
#3650=EDGE_CURVE('',#3475,#3649,#3647,.T.);
#3651=ORIENTED_EDGE('',*,*,#3650,.T.);
#3652=CARTESIAN_POINT('',(0.006599999999999998,0.004900000000000002,0.029100000000000008));
#3653=DIRECTION('',(0.,-1.,-1.303939935061948E-14));
#3654=VECTOR('',#3653,1.);
#3655=LINE('',#3652,#3654);
#3656=EDGE_CURVE('',#3649,#3611,#3655,.T.);
#3657=ORIENTED_EDGE('',*,*,#3656,.T.);
#3658=CARTESIAN_POINT('',(0.006599999999999998,0.004599999999999996,0.028200000000000003));
#3659=CARTESIAN_POINT('',(0.006599999999999998,0.004972792206135786,0.0282));
#3660=CARTESIAN_POINT('',(0.006599999999999998,0.005236396103067896,0.028463603896932112));
#3661=CARTESIAN_POINT('',(0.006599999999999998,0.005500000000000006,0.028727207793864225));
#3662=CARTESIAN_POINT('',(0.006599999999999998,0.005500000000000001,0.029100000000000015));
#3663=(BOUNDED_CURVE() B_SPLINE_CURVE(2,(#3658,#3659,#3660,#3661,#3662),.UNSPECIFIED.,.F.,.F.) B_SPLINE_CURVE_WITH_KNOTS((3,2,3),(0.,1.,2.),.UNSPECIFIED.) CURVE() GEOMETRIC_REPRESENTATION_ITEM() RATIONAL_B_SPLINE_CURVE((1.,0.9238795325112852,1.,0.9238795325112852,1.)) REPRESENTATION_ITEM(''));
#3664=EDGE_CURVE('',#3441,#3611,#3663,.T.);
#3665=ORIENTED_EDGE('',*,*,#3664,.F.);
#3666=EDGE_LOOP('',(#3641,#3651,#3657,#3665));
#3667=FACE_OUTER_BOUND('',#3666,.T.);
#3668=ADVANCED_FACE('',(#3667),#3635,.F.);
#3669=CARTESIAN_POINT('',(0.005049999999999999,0.0046,0.029100000000000004));
#3670=DIRECTION('',(1.,0.,0.));
#3671=DIRECTION('',(0.,0.,-1.));
#3672=AXIS2_PLACEMENT_3D('',#3669,#3670,#3671);
#3673=CYLINDRICAL_SURFACE('',#3672,0.00030000000000000165);
#3674=CARTESIAN_POINT('',(0.005999999999999998,0.004599999999999996,0.028800000000000003));
#3675=DIRECTION('',(-1.,0.,0.));
#3676=VECTOR('',#3675,1.);
#3677=LINE('',#3674,#3676);
#3678=EDGE_CURVE('',#3509,#3475,#3677,.T.);
#3679=ORIENTED_EDGE('',*,*,#3678,.F.);
#3680=CARTESIAN_POINT('',(0.005999999999999998,0.004900000000000002,0.029100000000000008));
#3681=CARTESIAN_POINT('',(0.005999999999999998,0.004900000000000003,0.028975735931288077));
#3682=CARTESIAN_POINT('',(0.005999999999999998,0.004812132034355965,0.028887867965644038));
#3683=CARTESIAN_POINT('',(0.005999999999999998,0.004724264068711927,0.0288));
#3684=CARTESIAN_POINT('',(0.005999999999999998,0.004599999999999996,0.028800000000000003));
#3685=(BOUNDED_CURVE() B_SPLINE_CURVE(2,(#3680,#3681,#3682,#3683,#3684),.UNSPECIFIED.,.F.,.F.) B_SPLINE_CURVE_WITH_KNOTS((3,2,3),(0.,1.,2.),.UNSPECIFIED.) CURVE() GEOMETRIC_REPRESENTATION_ITEM() RATIONAL_B_SPLINE_CURVE((1.,0.9238795325112843,1.,0.9238795325112843,1.)) REPRESENTATION_ITEM(''));
#3686=EDGE_CURVE('',#3579,#3509,#3685,.T.);
#3687=ORIENTED_EDGE('',*,*,#3686,.F.);
#3688=CARTESIAN_POINT('',(0.005999999999999998,0.004900000000000002,0.029100000000000008));
#3689=DIRECTION('',(-1.,0.,0.));
#3690=VECTOR('',#3689,1.);
#3691=LINE('',#3688,#3690);
#3692=EDGE_CURVE('',#3579,#3649,#3691,.T.);
#3693=ORIENTED_EDGE('',*,*,#3692,.T.);
#3694=CARTESIAN_POINT('',(0.006599999999999998,0.004599999999999996,0.028800000000000003));
#3695=CARTESIAN_POINT('',(0.006599999999999998,0.004724264068711927,0.0288));
#3696=CARTESIAN_POINT('',(0.006599999999999998,0.004812132034355965,0.028887867965644038));
#3697=CARTESIAN_POINT('',(0.006599999999999998,0.004900000000000003,0.028975735931288077));
#3698=CARTESIAN_POINT('',(0.006599999999999998,0.004900000000000002,0.029100000000000008));
#3699=(BOUNDED_CURVE() B_SPLINE_CURVE(2,(#3694,#3695,#3696,#3697,#3698),.UNSPECIFIED.,.F.,.F.) B_SPLINE_CURVE_WITH_KNOTS((3,2,3),(0.,1.,2.),.UNSPECIFIED.) CURVE() GEOMETRIC_REPRESENTATION_ITEM() RATIONAL_B_SPLINE_CURVE((1.,0.9238795325112843,1.,0.9238795325112843,1.)) REPRESENTATION_ITEM(''));
#3700=EDGE_CURVE('',#3475,#3649,#3699,.T.);
#3701=ORIENTED_EDGE('',*,*,#3700,.F.);
#3702=EDGE_LOOP('',(#3679,#3687,#3693,#3701));
#3703=FACE_OUTER_BOUND('',#3702,.T.);
#3704=ADVANCED_FACE('',(#3703),#3673,.F.);
#3705=CARTESIAN_POINT('',(0.005999999999999998,0.004900000000000002,0.029100000000000008));
#3706=DIRECTION('',(1.,0.,0.));
#3707=DIRECTION('',(0.,0.,-1.));
#3708=AXIS2_PLACEMENT_3D('',#3705,#3706,#3707);
#3709=PLANE('',#3708);
#3710=CARTESIAN_POINT('',(0.005999999999999998,0.004900000000000002,0.029100000000000008));
#3711=DIRECTION('',(0.,1.,1.303939935061948E-14));
#3712=VECTOR('',#3711,1.);
#3713=LINE('',#3710,#3712);
#3714=EDGE_CURVE('',#3571,#3579,#3713,.T.);
#3715=ORIENTED_EDGE('',*,*,#3714,.F.);
#3716=CARTESIAN_POINT('',(0.005999999999999998,0.005500000000000001,0.029100000000000015));
#3717=DIRECTION('',(0.,0.,1.));
#3718=VECTOR('',#3717,1.);
#3719=LINE('',#3716,#3718);
#3720=EDGE_CURVE('',#3571,#3387,#3719,.T.);
#3721=ORIENTED_EDGE('',*,*,#3720,.T.);
#3722=CARTESIAN_POINT('',(0.005999999999999998,0.004900000000000002,0.036250000000000004));
#3723=DIRECTION('',(0.,1.,1.303939935061948E-14));
#3724=VECTOR('',#3723,1.);
#3725=LINE('',#3722,#3724);
#3726=EDGE_CURVE('',#3405,#3387,#3725,.T.);
#3727=ORIENTED_EDGE('',*,*,#3726,.F.);
#3728=CARTESIAN_POINT('',(0.005999999999999998,0.004900000000000002,0.029100000000000008));
#3729=DIRECTION('',(0.,0.,1.));
#3730=VECTOR('',#3729,1.);
#3731=LINE('',#3728,#3730);
#3732=EDGE_CURVE('',#3405,#3579,#3731,.T.);
#3733=ORIENTED_EDGE('',*,*,#3732,.T.);
#3734=EDGE_LOOP('',(#3715,#3721,#3727,#3733));
#3735=FACE_OUTER_BOUND('',#3734,.T.);
#3736=ADVANCED_FACE('',(#3735),#3709,.F.);
#3737=CARTESIAN_POINT('',(0.005999999999999998,0.005500000000000001,0.029100000000000015));
#3738=DIRECTION('',(0.,-1.,0.));
#3739=DIRECTION('',(0.,0.,-1.));
#3740=AXIS2_PLACEMENT_3D('',#3737,#3738,#3739);
#3741=PLANE('',#3740);
#3742=CARTESIAN_POINT('',(0.005999999999999998,0.005500000000000001,0.029100000000000015));
#3743=DIRECTION('',(1.,0.,0.));
#3744=VECTOR('',#3743,1.);
#3745=LINE('',#3742,#3744);
#3746=EDGE_CURVE('',#3611,#3571,#3745,.T.);
#3747=ORIENTED_EDGE('',*,*,#3746,.F.);
#3748=CARTESIAN_POINT('',(0.006599999999999998,0.005500000000000001,0.029100000000000015));
#3749=DIRECTION('',(0.,0.,1.));
#3750=VECTOR('',#3749,1.);
#3751=LINE('',#3748,#3750);
#3752=EDGE_CURVE('',#3611,#3389,#3751,.T.);
#3753=ORIENTED_EDGE('',*,*,#3752,.T.);
#3754=CARTESIAN_POINT('',(0.005999999999999998,0.005500000000000001,0.03625000000000001));
#3755=DIRECTION('',(1.,0.,0.));
#3756=VECTOR('',#3755,1.);
#3757=LINE('',#3754,#3756);
#3758=EDGE_CURVE('',#3387,#3389,#3757,.T.);
#3759=ORIENTED_EDGE('',*,*,#3758,.F.);
#3760=CARTESIAN_POINT('',(0.005999999999999998,0.005500000000000001,0.029100000000000015));
#3761=DIRECTION('',(0.,0.,1.));
#3762=VECTOR('',#3761,1.);
#3763=LINE('',#3760,#3762);
#3764=EDGE_CURVE('',#3571,#3387,#3763,.T.);
#3765=ORIENTED_EDGE('',*,*,#3764,.F.);
#3766=EDGE_LOOP('',(#3747,#3753,#3759,#3765));
#3767=FACE_OUTER_BOUND('',#3766,.T.);
#3768=ADVANCED_FACE('',(#3767),#3741,.F.);
#3769=CARTESIAN_POINT('',(0.006599999999999998,0.004900000000000002,0.029100000000000008));
#3770=DIRECTION('',(-1.,0.,0.));
#3771=DIRECTION('',(0.,0.,1.));
#3772=AXIS2_PLACEMENT_3D('',#3769,#3770,#3771);
#3773=PLANE('',#3772);
#3774=CARTESIAN_POINT('',(0.006599999999999998,0.004900000000000002,0.029100000000000008));
#3775=DIRECTION('',(0.,-1.,-1.303939935061948E-14));
#3776=VECTOR('',#3775,1.);
#3777=LINE('',#3774,#3776);
#3778=EDGE_CURVE('',#3649,#3611,#3777,.T.);
#3779=ORIENTED_EDGE('',*,*,#3778,.F.);
#3780=CARTESIAN_POINT('',(0.006599999999999998,0.004900000000000002,0.029100000000000008));
#3781=DIRECTION('',(0.,0.,1.));
#3782=VECTOR('',#3781,1.);
#3783=LINE('',#3780,#3782);
#3784=EDGE_CURVE('',#3649,#3397,#3783,.T.);
#3785=ORIENTED_EDGE('',*,*,#3784,.T.);
#3786=CARTESIAN_POINT('',(0.006599999999999998,0.004900000000000002,0.036250000000000004));
#3787=DIRECTION('',(0.,-1.,-1.303939935061948E-14));
#3788=VECTOR('',#3787,1.);
#3789=LINE('',#3786,#3788);
#3790=EDGE_CURVE('',#3389,#3397,#3789,.T.);
#3791=ORIENTED_EDGE('',*,*,#3790,.F.);
#3792=CARTESIAN_POINT('',(0.006599999999999998,0.005500000000000001,0.029100000000000015));
#3793=DIRECTION('',(0.,0.,1.));
#3794=VECTOR('',#3793,1.);
#3795=LINE('',#3792,#3794);
#3796=EDGE_CURVE('',#3611,#3389,#3795,.T.);
#3797=ORIENTED_EDGE('',*,*,#3796,.F.);
#3798=EDGE_LOOP('',(#3779,#3785,#3791,#3797));
#3799=FACE_OUTER_BOUND('',#3798,.T.);
#3800=ADVANCED_FACE('',(#3799),#3773,.F.);
#3801=CARTESIAN_POINT('',(0.005999999999999998,0.004900000000000002,0.029100000000000008));
#3802=DIRECTION('',(0.,1.,0.));
#3803=DIRECTION('',(0.,0.,1.));
#3804=AXIS2_PLACEMENT_3D('',#3801,#3802,#3803);
#3805=PLANE('',#3804);
#3806=CARTESIAN_POINT('',(0.005999999999999998,0.004900000000000002,0.029100000000000008));
#3807=DIRECTION('',(-1.,0.,0.));
#3808=VECTOR('',#3807,1.);
#3809=LINE('',#3806,#3808);
#3810=EDGE_CURVE('',#3579,#3649,#3809,.T.);
#3811=ORIENTED_EDGE('',*,*,#3810,.F.);
#3812=CARTESIAN_POINT('',(0.005999999999999998,0.004900000000000002,0.029100000000000008));
#3813=DIRECTION('',(0.,0.,1.));
#3814=VECTOR('',#3813,1.);
#3815=LINE('',#3812,#3814);
#3816=EDGE_CURVE('',#3405,#3579,#3815,.T.);
#3817=ORIENTED_EDGE('',*,*,#3816,.F.);
#3818=CARTESIAN_POINT('',(0.005999999999999998,0.004900000000000002,0.036250000000000004));
#3819=DIRECTION('',(-1.,0.,0.));
#3820=VECTOR('',#3819,1.);
#3821=LINE('',#3818,#3820);
#3822=EDGE_CURVE('',#3397,#3405,#3821,.T.);
#3823=ORIENTED_EDGE('',*,*,#3822,.F.);
#3824=CARTESIAN_POINT('',(0.006599999999999998,0.004900000000000002,0.029100000000000008));
#3825=DIRECTION('',(0.,0.,1.));
#3826=VECTOR('',#3825,1.);
#3827=LINE('',#3824,#3826);
#3828=EDGE_CURVE('',#3649,#3397,#3827,.T.);
#3829=ORIENTED_EDGE('',*,*,#3828,.F.);
#3830=EDGE_LOOP('',(#3811,#3817,#3823,#3829));
#3831=FACE_OUTER_BOUND('',#3830,.T.);
#3832=ADVANCED_FACE('',(#3831),#3805,.F.);
#3833=CARTESIAN_POINT('',(0.005999999999999998,0.,0.028800000000000003));
#3834=DIRECTION('',(-1.,0.,0.));
#3835=VECTOR('',#3834,1.);
#3836=LINE('',#3833,#3835);
#3837=EDGE_CURVE('',#1861,#1863,#3836,.T.);
#3838=ORIENTED_EDGE('',*,*,#3837,.T.);
#3839=CARTESIAN_POINT('',(0.005999999999999998,0.004599999999999996,0.028800000000000003));
#3840=DIRECTION('',(0.,-1.,0.));
#3841=VECTOR('',#3840,1.);
#3842=LINE('',#3839,#3841);
#3843=CARTESIAN_POINT('',(0.005999999999999998,-0.0012,0.028800000000000003));
#3844=VERTEX_POINT('',#3843);
#3845=EDGE_CURVE('',#3844,#1863,#3842,.T.);
#3846=ORIENTED_EDGE('',*,*,#3845,.F.);
#3847=CARTESIAN_POINT('',(0.005999999999999998,-0.0012,0.028800000000000003));
#3848=DIRECTION('',(-1.,0.,0.));
#3849=VECTOR('',#3848,1.);
#3850=LINE('',#3847,#3849);
#3851=CARTESIAN_POINT('',(0.006599999999999998,-0.0012,0.028800000000000003));
#3852=VERTEX_POINT('',#3851);
#3853=EDGE_CURVE('',#3852,#3844,#3850,.T.);
#3854=ORIENTED_EDGE('',*,*,#3853,.F.);
#3855=CARTESIAN_POINT('',(0.006599999999999998,0.004599999999999996,0.028800000000000003));
#3856=DIRECTION('',(0.,-1.,0.));
#3857=VECTOR('',#3856,1.);
#3858=LINE('',#3855,#3857);
#3859=EDGE_CURVE('',#1861,#3852,#3858,.T.);
#3860=ORIENTED_EDGE('',*,*,#3859,.F.);
#3861=EDGE_LOOP('',(#3838,#3846,#3854,#3860));
#3862=FACE_OUTER_BOUND('',#3861,.T.);
#3863=ADVANCED_FACE('',(#3862),#3491,.T.);
#3864=CARTESIAN_POINT('',(0.005999999999999998,0.,0.028200000000000003));
#3865=DIRECTION('',(1.,0.,0.));
#3866=VECTOR('',#3865,1.);
#3867=LINE('',#3864,#3866);
#3868=EDGE_CURVE('',#1879,#1871,#3867,.T.);
#3869=ORIENTED_EDGE('',*,*,#3868,.T.);
#3870=CARTESIAN_POINT('',(0.006599999999999998,0.004599999999999996,0.028200000000000003));
#3871=DIRECTION('',(0.,-1.,0.));
#3872=VECTOR('',#3871,1.);
#3873=LINE('',#3870,#3872);
#3874=CARTESIAN_POINT('',(0.006599999999999998,-0.0012,0.028200000000000003));
#3875=VERTEX_POINT('',#3874);
#3876=EDGE_CURVE('',#3875,#1871,#3873,.T.);
#3877=ORIENTED_EDGE('',*,*,#3876,.F.);
#3878=CARTESIAN_POINT('',(0.005999999999999998,-0.0012,0.028200000000000003));
#3879=DIRECTION('',(1.,0.,0.));
#3880=VECTOR('',#3879,1.);
#3881=LINE('',#3878,#3880);
#3882=CARTESIAN_POINT('',(0.005999999999999998,-0.0012,0.028200000000000003));
#3883=VERTEX_POINT('',#3882);
#3884=EDGE_CURVE('',#3883,#3875,#3881,.T.);
#3885=ORIENTED_EDGE('',*,*,#3884,.F.);
#3886=CARTESIAN_POINT('',(0.005999999999999998,0.004599999999999996,0.028200000000000003));
#3887=DIRECTION('',(0.,-1.,0.));
#3888=VECTOR('',#3887,1.);
#3889=LINE('',#3886,#3888);
#3890=EDGE_CURVE('',#1879,#3883,#3889,.T.);
#3891=ORIENTED_EDGE('',*,*,#3890,.F.);
#3892=EDGE_LOOP('',(#3869,#3877,#3885,#3891));
#3893=FACE_OUTER_BOUND('',#3892,.T.);
#3894=ADVANCED_FACE('',(#3893),#3421,.T.);
#3895=CARTESIAN_POINT('',(0.005999999999999998,0.,0.028200000000000003));
#3896=DIRECTION('',(0.,0.,-1.));
#3897=VECTOR('',#3896,1.);
#3898=LINE('',#3895,#3897);
#3899=EDGE_CURVE('',#1863,#1879,#3898,.T.);
#3900=ORIENTED_EDGE('',*,*,#3899,.T.);
#3901=CARTESIAN_POINT('',(0.005999999999999998,0.004599999999999996,0.028200000000000003));
#3902=DIRECTION('',(0.,-1.,0.));
#3903=VECTOR('',#3902,1.);
#3904=LINE('',#3901,#3903);
#3905=EDGE_CURVE('',#1879,#3883,#3904,.T.);
#3906=ORIENTED_EDGE('',*,*,#3905,.T.);
#3907=CARTESIAN_POINT('',(0.005999999999999998,-0.0012,0.028800000000000003));
#3908=DIRECTION('',(0.,0.,-1.));
#3909=VECTOR('',#3908,1.);
#3910=LINE('',#3907,#3909);
#3911=EDGE_CURVE('',#3844,#3883,#3910,.T.);
#3912=ORIENTED_EDGE('',*,*,#3911,.F.);
#3913=CARTESIAN_POINT('',(0.005999999999999998,0.004599999999999996,0.028800000000000003));
#3914=DIRECTION('',(0.,-1.,0.));
#3915=VECTOR('',#3914,1.);
#3916=LINE('',#3913,#3915);
#3917=EDGE_CURVE('',#3844,#1863,#3916,.T.);
#3918=ORIENTED_EDGE('',*,*,#3917,.T.);
#3919=EDGE_LOOP('',(#3900,#3906,#3912,#3918));
#3920=FACE_OUTER_BOUND('',#3919,.T.);
#3921=ADVANCED_FACE('',(#3920),#3525,.T.);
#3922=CARTESIAN_POINT('',(0.006599999999999998,0.,0.028200000000000003));
#3923=DIRECTION('',(0.,0.,1.));
#3924=VECTOR('',#3923,1.);
#3925=LINE('',#3922,#3924);
#3926=EDGE_CURVE('',#1871,#1861,#3925,.T.);
#3927=ORIENTED_EDGE('',*,*,#3926,.T.);
#3928=CARTESIAN_POINT('',(0.006599999999999998,0.004599999999999996,0.028800000000000003));
#3929=DIRECTION('',(0.,-1.,0.));
#3930=VECTOR('',#3929,1.);
#3931=LINE('',#3928,#3930);
#3932=EDGE_CURVE('',#1861,#3852,#3931,.T.);
#3933=ORIENTED_EDGE('',*,*,#3932,.T.);
#3934=CARTESIAN_POINT('',(0.006599999999999998,-0.0012,0.028800000000000003));
#3935=DIRECTION('',(0.,0.,1.));
#3936=VECTOR('',#3935,1.);
#3937=LINE('',#3934,#3936);
#3938=EDGE_CURVE('',#3875,#3852,#3937,.T.);
#3939=ORIENTED_EDGE('',*,*,#3938,.F.);
#3940=CARTESIAN_POINT('',(0.006599999999999998,0.004599999999999996,0.028200000000000003));
#3941=DIRECTION('',(0.,-1.,0.));
#3942=VECTOR('',#3941,1.);
#3943=LINE('',#3940,#3942);
#3944=EDGE_CURVE('',#3875,#1871,#3943,.T.);
#3945=ORIENTED_EDGE('',*,*,#3944,.T.);
#3946=EDGE_LOOP('',(#3927,#3933,#3939,#3945));
#3947=FACE_OUTER_BOUND('',#3946,.T.);
#3948=ADVANCED_FACE('',(#3947),#3457,.T.);
#3949=CARTESIAN_POINT('',(0.,-0.0012,0.));
#3950=DIRECTION('',(0.,-1.,0.));
#3951=DIRECTION('',(0.,0.,-1.));
#3952=AXIS2_PLACEMENT_3D('',#3949,#3950,#3951);
#3953=PLANE('',#3952);
#3954=CARTESIAN_POINT('',(0.005999999999999998,-0.0012,0.028800000000000003));
#3955=DIRECTION('',(0.,0.,-1.));
#3956=VECTOR('',#3955,1.);
#3957=LINE('',#3954,#3956);
#3958=EDGE_CURVE('',#3844,#3883,#3957,.T.);
#3959=ORIENTED_EDGE('',*,*,#3958,.T.);
#3960=CARTESIAN_POINT('',(0.005999999999999998,-0.0012,0.028200000000000003));
#3961=DIRECTION('',(1.,0.,0.));
#3962=VECTOR('',#3961,1.);
#3963=LINE('',#3960,#3962);
#3964=EDGE_CURVE('',#3883,#3875,#3963,.T.);
#3965=ORIENTED_EDGE('',*,*,#3964,.T.);
#3966=CARTESIAN_POINT('',(0.006599999999999998,-0.0012,0.028800000000000003));
#3967=DIRECTION('',(0.,0.,1.));
#3968=VECTOR('',#3967,1.);
#3969=LINE('',#3966,#3968);
#3970=EDGE_CURVE('',#3875,#3852,#3969,.T.);
#3971=ORIENTED_EDGE('',*,*,#3970,.T.);
#3972=CARTESIAN_POINT('',(0.005999999999999998,-0.0012,0.028800000000000003));
#3973=DIRECTION('',(-1.,0.,0.));
#3974=VECTOR('',#3973,1.);
#3975=LINE('',#3972,#3974);
#3976=EDGE_CURVE('',#3852,#3844,#3975,.T.);
#3977=ORIENTED_EDGE('',*,*,#3976,.T.);
#3978=EDGE_LOOP('',(#3959,#3965,#3971,#3977));
#3979=FACE_OUTER_BOUND('',#3978,.T.);
#3980=ADVANCED_FACE('',(#3979),#3953,.T.);
#3981=CARTESIAN_POINT('',(0.,0.0337,0.03625000000000038));
#3982=DIRECTION('',(0.,1.303939935061948E-14,-1.));
#3983=DIRECTION('',(0.,1.,1.303939935061948E-14));
#3984=AXIS2_PLACEMENT_3D('',#3981,#3982,#3983);
#3985=PLANE('',#3984);
#3986=CARTESIAN_POINT('',(0.008499999999999999,0.005500000000000001,0.03625000000000001));
#3987=DIRECTION('',(1.,0.,0.));
#3988=VECTOR('',#3987,1.);
#3989=LINE('',#3986,#3988);
#3990=CARTESIAN_POINT('',(0.008499999999999999,0.005500000000000001,0.03625000000000001));
#3991=VERTEX_POINT('',#3990);
#3992=CARTESIAN_POINT('',(0.009099999999999999,0.005500000000000001,0.03625000000000001));
#3993=VERTEX_POINT('',#3992);
#3994=EDGE_CURVE('',#3991,#3993,#3989,.T.);
#3995=ORIENTED_EDGE('',*,*,#3994,.T.);
#3996=CARTESIAN_POINT('',(0.009099999999999999,0.004900000000000002,0.036250000000000004));
#3997=DIRECTION('',(0.,-1.,-1.303939935061948E-14));
#3998=VECTOR('',#3997,1.);
#3999=LINE('',#3996,#3998);
#4000=CARTESIAN_POINT('',(0.009099999999999999,0.004900000000000002,0.036250000000000004));
#4001=VERTEX_POINT('',#4000);
#4002=EDGE_CURVE('',#3993,#4001,#3999,.T.);
#4003=ORIENTED_EDGE('',*,*,#4002,.T.);
#4004=CARTESIAN_POINT('',(0.008499999999999999,0.004900000000000002,0.036250000000000004));
#4005=DIRECTION('',(-1.,0.,0.));
#4006=VECTOR('',#4005,1.);
#4007=LINE('',#4004,#4006);
#4008=CARTESIAN_POINT('',(0.008499999999999999,0.004900000000000002,0.036250000000000004));
#4009=VERTEX_POINT('',#4008);
#4010=EDGE_CURVE('',#4001,#4009,#4007,.T.);
#4011=ORIENTED_EDGE('',*,*,#4010,.T.);
#4012=CARTESIAN_POINT('',(0.008499999999999999,0.004900000000000002,0.036250000000000004));
#4013=DIRECTION('',(0.,1.,1.303939935061948E-14));
#4014=VECTOR('',#4013,1.);
#4015=LINE('',#4012,#4014);
#4016=EDGE_CURVE('',#4009,#3991,#4015,.T.);
#4017=ORIENTED_EDGE('',*,*,#4016,.T.);
#4018=EDGE_LOOP('',(#3995,#4003,#4011,#4017));
#4019=FACE_OUTER_BOUND('',#4018,.T.);
#4020=ADVANCED_FACE('',(#4019),#3985,.F.);
#4021=CARTESIAN_POINT('',(0.008499999999999999,0.004599999999999996,0.028200000000000003));
#4022=DIRECTION('',(0.,0.,-1.));
#4023=DIRECTION('',(-1.,0.,0.));
#4024=AXIS2_PLACEMENT_3D('',#4021,#4022,#4023);
#4025=PLANE('',#4024);
#4026=CARTESIAN_POINT('',(0.0085,0.0035,0.028200000000000003));
#4027=DIRECTION('',(-1.,0.,0.));
#4028=VECTOR('',#4027,1.);
#4029=LINE('',#4026,#4028);
#4030=EDGE_CURVE('',#2449,#2465,#4029,.T.);
#4031=ORIENTED_EDGE('',*,*,#4030,.T.);
#4032=CARTESIAN_POINT('',(0.008499999999999999,0.004599999999999996,0.028200000000000003));
#4033=DIRECTION('',(0.,-1.,0.));
#4034=VECTOR('',#4033,1.);
#4035=LINE('',#4032,#4034);
#4036=CARTESIAN_POINT('',(0.008499999999999999,0.004599999999999996,0.028200000000000003));
#4037=VERTEX_POINT('',#4036);
#4038=EDGE_CURVE('',#4037,#2465,#4035,.T.);
#4039=ORIENTED_EDGE('',*,*,#4038,.F.);
#4040=CARTESIAN_POINT('',(0.008499999999999999,0.004599999999999996,0.028200000000000003));
#4041=DIRECTION('',(1.,0.,0.));
#4042=VECTOR('',#4041,1.);
#4043=LINE('',#4040,#4042);
#4044=CARTESIAN_POINT('',(0.009099999999999999,0.004599999999999996,0.028200000000000003));
#4045=VERTEX_POINT('',#4044);
#4046=EDGE_CURVE('',#4045,#4037,#4043,.T.);
#4047=ORIENTED_EDGE('',*,*,#4046,.F.);
#4048=CARTESIAN_POINT('',(0.009099999999999999,0.004599999999999996,0.028200000000000003));
#4049=DIRECTION('',(0.,-1.,0.));
#4050=VECTOR('',#4049,1.);
#4051=LINE('',#4048,#4050);
#4052=EDGE_CURVE('',#2449,#4045,#4051,.T.);
#4053=ORIENTED_EDGE('',*,*,#4052,.F.);
#4054=EDGE_LOOP('',(#4031,#4039,#4047,#4053));
#4055=FACE_OUTER_BOUND('',#4054,.T.);
#4056=ADVANCED_FACE('',(#4055),#4025,.T.);
#4057=CARTESIAN_POINT('',(0.009099999999999999,0.004599999999999996,0.028800000000000003));
#4058=DIRECTION('',(1.,0.,0.));
#4059=DIRECTION('',(0.,0.,-1.));
#4060=AXIS2_PLACEMENT_3D('',#4057,#4058,#4059);
#4061=PLANE('',#4060);
#4062=CARTESIAN_POINT('',(0.0091,0.0035,0.028200000000000003));
#4063=DIRECTION('',(0.,0.,-1.));
#4064=VECTOR('',#4063,1.);
#4065=LINE('',#4062,#4064);
#4066=EDGE_CURVE('',#2447,#2449,#4065,.T.);
#4067=ORIENTED_EDGE('',*,*,#4066,.T.);
#4068=CARTESIAN_POINT('',(0.009099999999999999,0.004599999999999996,0.028200000000000003));
#4069=DIRECTION('',(0.,-1.,0.));
#4070=VECTOR('',#4069,1.);
#4071=LINE('',#4068,#4070);
#4072=EDGE_CURVE('',#2449,#4045,#4071,.T.);
#4073=ORIENTED_EDGE('',*,*,#4072,.T.);
#4074=CARTESIAN_POINT('',(0.009099999999999999,0.004599999999999996,0.028800000000000003));
#4075=DIRECTION('',(0.,0.,1.));
#4076=VECTOR('',#4075,1.);
#4077=LINE('',#4074,#4076);
#4078=CARTESIAN_POINT('',(0.009099999999999999,0.004599999999999996,0.028800000000000003));
#4079=VERTEX_POINT('',#4078);
#4080=EDGE_CURVE('',#4079,#4045,#4077,.T.);
#4081=ORIENTED_EDGE('',*,*,#4080,.F.);
#4082=CARTESIAN_POINT('',(0.009099999999999999,0.004599999999999996,0.028800000000000003));
#4083=DIRECTION('',(0.,-1.,0.));
#4084=VECTOR('',#4083,1.);
#4085=LINE('',#4082,#4084);
#4086=EDGE_CURVE('',#2447,#4079,#4085,.T.);
#4087=ORIENTED_EDGE('',*,*,#4086,.F.);
#4088=EDGE_LOOP('',(#4067,#4073,#4081,#4087));
#4089=FACE_OUTER_BOUND('',#4088,.T.);
#4090=ADVANCED_FACE('',(#4089),#4061,.T.);
#4091=CARTESIAN_POINT('',(0.008499999999999999,0.004599999999999996,0.028800000000000003));
#4092=DIRECTION('',(0.,0.,1.));
#4093=DIRECTION('',(1.,0.,0.));
#4094=AXIS2_PLACEMENT_3D('',#4091,#4092,#4093);
#4095=PLANE('',#4094);
#4096=CARTESIAN_POINT('',(0.0085,0.0035,0.028800000000000003));
#4097=DIRECTION('',(1.,0.,0.));
#4098=VECTOR('',#4097,1.);
#4099=LINE('',#4096,#4098);
#4100=EDGE_CURVE('',#2457,#2447,#4099,.T.);
#4101=ORIENTED_EDGE('',*,*,#4100,.T.);
#4102=CARTESIAN_POINT('',(0.009099999999999999,0.004599999999999996,0.028800000000000003));
#4103=DIRECTION('',(0.,-1.,0.));
#4104=VECTOR('',#4103,1.);
#4105=LINE('',#4102,#4104);
#4106=EDGE_CURVE('',#2447,#4079,#4105,.T.);
#4107=ORIENTED_EDGE('',*,*,#4106,.T.);
#4108=CARTESIAN_POINT('',(0.008499999999999999,0.004599999999999996,0.028800000000000003));
#4109=DIRECTION('',(-1.,0.,0.));
#4110=VECTOR('',#4109,1.);
#4111=LINE('',#4108,#4110);
#4112=CARTESIAN_POINT('',(0.008499999999999999,0.004599999999999996,0.028800000000000003));
#4113=VERTEX_POINT('',#4112);
#4114=EDGE_CURVE('',#4113,#4079,#4111,.T.);
#4115=ORIENTED_EDGE('',*,*,#4114,.F.);
#4116=CARTESIAN_POINT('',(0.008499999999999999,0.004599999999999996,0.028800000000000003));
#4117=DIRECTION('',(0.,-1.,0.));
#4118=VECTOR('',#4117,1.);
#4119=LINE('',#4116,#4118);
#4120=EDGE_CURVE('',#2457,#4113,#4119,.T.);
#4121=ORIENTED_EDGE('',*,*,#4120,.F.);
#4122=EDGE_LOOP('',(#4101,#4107,#4115,#4121));
#4123=FACE_OUTER_BOUND('',#4122,.T.);
#4124=ADVANCED_FACE('',(#4123),#4095,.T.);
#4125=CARTESIAN_POINT('',(0.008499999999999999,0.004599999999999996,0.028800000000000003));
#4126=DIRECTION('',(-1.,0.,0.));
#4127=DIRECTION('',(0.,0.,1.));
#4128=AXIS2_PLACEMENT_3D('',#4125,#4126,#4127);
#4129=PLANE('',#4128);
#4130=CARTESIAN_POINT('',(0.008499999999999999,0.004599999999999996,0.028200000000000003));
#4131=DIRECTION('',(0.,-1.,0.));
#4132=VECTOR('',#4131,1.);
#4133=LINE('',#4130,#4132);
#4134=EDGE_CURVE('',#4037,#2465,#4133,.T.);
#4135=ORIENTED_EDGE('',*,*,#4134,.T.);
#4136=CARTESIAN_POINT('',(0.0085,0.0035,0.028200000000000003));
#4137=DIRECTION('',(0.,0.,1.));
#4138=VECTOR('',#4137,1.);
#4139=LINE('',#4136,#4138);
#4140=EDGE_CURVE('',#2465,#2457,#4139,.T.);
#4141=ORIENTED_EDGE('',*,*,#4140,.T.);
#4142=CARTESIAN_POINT('',(0.008499999999999999,0.004599999999999996,0.028800000000000003));
#4143=DIRECTION('',(0.,-1.,0.));
#4144=VECTOR('',#4143,1.);
#4145=LINE('',#4142,#4144);
#4146=EDGE_CURVE('',#2457,#4113,#4145,.T.);
#4147=ORIENTED_EDGE('',*,*,#4146,.T.);
#4148=CARTESIAN_POINT('',(0.008499999999999999,0.004599999999999996,0.028800000000000003));
#4149=DIRECTION('',(0.,0.,-1.));
#4150=VECTOR('',#4149,1.);
#4151=LINE('',#4148,#4150);
#4152=EDGE_CURVE('',#4037,#4113,#4151,.T.);
#4153=ORIENTED_EDGE('',*,*,#4152,.F.);
#4154=EDGE_LOOP('',(#4135,#4141,#4147,#4153));
#4155=FACE_OUTER_BOUND('',#4154,.T.);
#4156=ADVANCED_FACE('',(#4155),#4129,.T.);
#4157=CARTESIAN_POINT('',(0.008499999999999999,0.004599999999999996,0.028800000000000003));
#4158=DIRECTION('',(1.,0.,0.));
#4159=DIRECTION('',(0.,0.,-1.));
#4160=AXIS2_PLACEMENT_3D('',#4157,#4158,#4159);
#4161=PLANE('',#4160);
#4162=CARTESIAN_POINT('',(0.008499999999999999,0.004599999999999996,0.028800000000000003));
#4163=DIRECTION('',(0.,0.,-1.));
#4164=VECTOR('',#4163,1.);
#4165=LINE('',#4162,#4164);
#4166=EDGE_CURVE('',#4037,#4113,#4165,.T.);
#4167=ORIENTED_EDGE('',*,*,#4166,.F.);
#4168=CARTESIAN_POINT('',(0.008499999999999999,0.004599999999999996,0.028200000000000003));
#4169=CARTESIAN_POINT('',(0.008499999999999999,0.004972792206135786,0.0282));
#4170=CARTESIAN_POINT('',(0.008499999999999999,0.005236396103067896,0.028463603896932112));
#4171=CARTESIAN_POINT('',(0.008499999999999999,0.005500000000000006,0.028727207793864225));
#4172=CARTESIAN_POINT('',(0.008499999999999999,0.005500000000000001,0.029100000000000015));
#4173=(BOUNDED_CURVE() B_SPLINE_CURVE(2,(#4168,#4169,#4170,#4171,#4172),.UNSPECIFIED.,.F.,.F.) B_SPLINE_CURVE_WITH_KNOTS((3,2,3),(0.,1.,2.),.UNSPECIFIED.) CURVE() GEOMETRIC_REPRESENTATION_ITEM() RATIONAL_B_SPLINE_CURVE((1.,0.9238795325112852,1.,0.9238795325112852,1.)) REPRESENTATION_ITEM(''));
#4174=CARTESIAN_POINT('',(0.008499999999999999,0.005500000000000001,0.029100000000000015));
#4175=VERTEX_POINT('',#4174);
#4176=EDGE_CURVE('',#4037,#4175,#4173,.T.);
#4177=ORIENTED_EDGE('',*,*,#4176,.T.);
#4178=CARTESIAN_POINT('',(0.008499999999999999,0.004900000000000002,0.029100000000000008));
#4179=DIRECTION('',(0.,1.,1.303939935061948E-14));
#4180=VECTOR('',#4179,1.);
#4181=LINE('',#4178,#4180);
#4182=CARTESIAN_POINT('',(0.008499999999999999,0.004900000000000002,0.029100000000000008));
#4183=VERTEX_POINT('',#4182);
#4184=EDGE_CURVE('',#4175,#4183,#4181,.T.);
#4185=ORIENTED_EDGE('',*,*,#4184,.T.);
#4186=CARTESIAN_POINT('',(0.008499999999999999,0.004900000000000002,0.029100000000000008));
#4187=CARTESIAN_POINT('',(0.008499999999999999,0.004900000000000003,0.028975735931288077));
#4188=CARTESIAN_POINT('',(0.008499999999999999,0.004812132034355965,0.028887867965644038));
#4189=CARTESIAN_POINT('',(0.008499999999999999,0.004724264068711927,0.0288));
#4190=CARTESIAN_POINT('',(0.008499999999999999,0.004599999999999996,0.028800000000000003));
#4191=(BOUNDED_CURVE() B_SPLINE_CURVE(2,(#4186,#4187,#4188,#4189,#4190),.UNSPECIFIED.,.F.,.F.) B_SPLINE_CURVE_WITH_KNOTS((3,2,3),(0.,1.,2.),.UNSPECIFIED.) CURVE() GEOMETRIC_REPRESENTATION_ITEM() RATIONAL_B_SPLINE_CURVE((1.,0.9238795325112843,1.,0.9238795325112843,1.)) REPRESENTATION_ITEM(''));
#4192=EDGE_CURVE('',#4183,#4113,#4191,.T.);
#4193=ORIENTED_EDGE('',*,*,#4192,.T.);
#4194=EDGE_LOOP('',(#4167,#4177,#4185,#4193));
#4195=FACE_OUTER_BOUND('',#4194,.T.);
#4196=ADVANCED_FACE('',(#4195),#4161,.F.);
#4197=CARTESIAN_POINT('',(0.005049999999999999,0.0046,0.029100000000000004));
#4198=DIRECTION('',(1.,0.,0.));
#4199=DIRECTION('',(0.,0.,-1.));
#4200=AXIS2_PLACEMENT_3D('',#4197,#4198,#4199);
#4201=CYLINDRICAL_SURFACE('',#4200,0.0009000000000000015);
#4202=CARTESIAN_POINT('',(0.008499999999999999,0.004599999999999996,0.028200000000000003));
#4203=CARTESIAN_POINT('',(0.008499999999999999,0.004972792206135786,0.0282));
#4204=CARTESIAN_POINT('',(0.008499999999999999,0.005236396103067896,0.028463603896932112));
#4205=CARTESIAN_POINT('',(0.008499999999999999,0.005500000000000006,0.028727207793864225));
#4206=CARTESIAN_POINT('',(0.008499999999999999,0.005500000000000001,0.029100000000000015));
#4207=(BOUNDED_CURVE() B_SPLINE_CURVE(2,(#4202,#4203,#4204,#4205,#4206),.UNSPECIFIED.,.F.,.F.) B_SPLINE_CURVE_WITH_KNOTS((3,2,3),(0.,1.,2.),.UNSPECIFIED.) CURVE() GEOMETRIC_REPRESENTATION_ITEM() RATIONAL_B_SPLINE_CURVE((1.,0.9238795325112852,1.,0.9238795325112852,1.)) REPRESENTATION_ITEM(''));
#4208=EDGE_CURVE('',#4037,#4175,#4207,.T.);
#4209=ORIENTED_EDGE('',*,*,#4208,.T.);
#4210=CARTESIAN_POINT('',(0.008499999999999999,0.005500000000000001,0.029100000000000015));
#4211=DIRECTION('',(1.,0.,0.));
#4212=VECTOR('',#4211,1.);
#4213=LINE('',#4210,#4212);
#4214=CARTESIAN_POINT('',(0.009099999999999999,0.005500000000000001,0.029100000000000015));
#4215=VERTEX_POINT('',#4214);
#4216=EDGE_CURVE('',#4215,#4175,#4213,.T.);
#4217=ORIENTED_EDGE('',*,*,#4216,.F.);
#4218=CARTESIAN_POINT('',(0.009099999999999999,0.004599999999999996,0.028200000000000003));
#4219=CARTESIAN_POINT('',(0.009099999999999999,0.004972792206135786,0.0282));
#4220=CARTESIAN_POINT('',(0.009099999999999999,0.005236396103067896,0.028463603896932112));
#4221=CARTESIAN_POINT('',(0.009099999999999999,0.005500000000000006,0.028727207793864225));
#4222=CARTESIAN_POINT('',(0.009099999999999999,0.005500000000000001,0.029100000000000015));
#4223=(BOUNDED_CURVE() B_SPLINE_CURVE(2,(#4218,#4219,#4220,#4221,#4222),.UNSPECIFIED.,.F.,.F.) B_SPLINE_CURVE_WITH_KNOTS((3,2,3),(0.,1.,2.),.UNSPECIFIED.) CURVE() GEOMETRIC_REPRESENTATION_ITEM() RATIONAL_B_SPLINE_CURVE((1.,0.9238795325112852,1.,0.9238795325112852,1.)) REPRESENTATION_ITEM(''));
#4224=EDGE_CURVE('',#4045,#4215,#4223,.T.);
#4225=ORIENTED_EDGE('',*,*,#4224,.F.);
#4226=CARTESIAN_POINT('',(0.008499999999999999,0.004599999999999996,0.028200000000000003));
#4227=DIRECTION('',(1.,0.,0.));
#4228=VECTOR('',#4227,1.);
#4229=LINE('',#4226,#4228);
#4230=EDGE_CURVE('',#4045,#4037,#4229,.T.);
#4231=ORIENTED_EDGE('',*,*,#4230,.T.);
#4232=EDGE_LOOP('',(#4209,#4217,#4225,#4231));
#4233=FACE_OUTER_BOUND('',#4232,.T.);
#4234=ADVANCED_FACE('',(#4233),#4201,.T.);
#4235=CARTESIAN_POINT('',(0.009099999999999999,0.004599999999999996,0.028800000000000003));
#4236=DIRECTION('',(-1.,0.,0.));
#4237=DIRECTION('',(0.,0.,1.));
#4238=AXIS2_PLACEMENT_3D('',#4235,#4236,#4237);
#4239=PLANE('',#4238);
#4240=CARTESIAN_POINT('',(0.009099999999999999,0.004599999999999996,0.028800000000000003));
#4241=DIRECTION('',(0.,0.,1.));
#4242=VECTOR('',#4241,1.);
#4243=LINE('',#4240,#4242);
#4244=EDGE_CURVE('',#4079,#4045,#4243,.T.);
#4245=ORIENTED_EDGE('',*,*,#4244,.F.);
#4246=CARTESIAN_POINT('',(0.009099999999999999,0.004599999999999996,0.028800000000000003));
#4247=CARTESIAN_POINT('',(0.009099999999999999,0.004724264068711927,0.0288));
#4248=CARTESIAN_POINT('',(0.009099999999999999,0.004812132034355965,0.028887867965644038));
#4249=CARTESIAN_POINT('',(0.009099999999999999,0.004900000000000003,0.028975735931288077));
#4250=CARTESIAN_POINT('',(0.009099999999999999,0.004900000000000002,0.029100000000000008));
#4251=(BOUNDED_CURVE() B_SPLINE_CURVE(2,(#4246,#4247,#4248,#4249,#4250),.UNSPECIFIED.,.F.,.F.) B_SPLINE_CURVE_WITH_KNOTS((3,2,3),(0.,1.,2.),.UNSPECIFIED.) CURVE() GEOMETRIC_REPRESENTATION_ITEM() RATIONAL_B_SPLINE_CURVE((1.,0.9238795325112843,1.,0.9238795325112843,1.)) REPRESENTATION_ITEM(''));
#4252=CARTESIAN_POINT('',(0.009099999999999999,0.004900000000000002,0.029100000000000008));
#4253=VERTEX_POINT('',#4252);
#4254=EDGE_CURVE('',#4079,#4253,#4251,.T.);
#4255=ORIENTED_EDGE('',*,*,#4254,.T.);
#4256=CARTESIAN_POINT('',(0.009099999999999999,0.004900000000000002,0.029100000000000008));
#4257=DIRECTION('',(0.,-1.,-1.303939935061948E-14));
#4258=VECTOR('',#4257,1.);
#4259=LINE('',#4256,#4258);
#4260=EDGE_CURVE('',#4253,#4215,#4259,.T.);
#4261=ORIENTED_EDGE('',*,*,#4260,.T.);
#4262=CARTESIAN_POINT('',(0.009099999999999999,0.004599999999999996,0.028200000000000003));
#4263=CARTESIAN_POINT('',(0.009099999999999999,0.004972792206135786,0.0282));
#4264=CARTESIAN_POINT('',(0.009099999999999999,0.005236396103067896,0.028463603896932112));
#4265=CARTESIAN_POINT('',(0.009099999999999999,0.005500000000000006,0.028727207793864225));
#4266=CARTESIAN_POINT('',(0.009099999999999999,0.005500000000000001,0.029100000000000015));
#4267=(BOUNDED_CURVE() B_SPLINE_CURVE(2,(#4262,#4263,#4264,#4265,#4266),.UNSPECIFIED.,.F.,.F.) B_SPLINE_CURVE_WITH_KNOTS((3,2,3),(0.,1.,2.),.UNSPECIFIED.) CURVE() GEOMETRIC_REPRESENTATION_ITEM() RATIONAL_B_SPLINE_CURVE((1.,0.9238795325112852,1.,0.9238795325112852,1.)) REPRESENTATION_ITEM(''));
#4268=EDGE_CURVE('',#4045,#4215,#4267,.T.);
#4269=ORIENTED_EDGE('',*,*,#4268,.F.);
#4270=EDGE_LOOP('',(#4245,#4255,#4261,#4269));
#4271=FACE_OUTER_BOUND('',#4270,.T.);
#4272=ADVANCED_FACE('',(#4271),#4239,.F.);
#4273=CARTESIAN_POINT('',(0.005049999999999999,0.0046,0.029100000000000004));
#4274=DIRECTION('',(1.,0.,0.));
#4275=DIRECTION('',(0.,0.,-1.));
#4276=AXIS2_PLACEMENT_3D('',#4273,#4274,#4275);
#4277=CYLINDRICAL_SURFACE('',#4276,0.00030000000000000165);
#4278=CARTESIAN_POINT('',(0.008499999999999999,0.004599999999999996,0.028800000000000003));
#4279=DIRECTION('',(-1.,0.,0.));
#4280=VECTOR('',#4279,1.);
#4281=LINE('',#4278,#4280);
#4282=EDGE_CURVE('',#4113,#4079,#4281,.T.);
#4283=ORIENTED_EDGE('',*,*,#4282,.F.);
#4284=CARTESIAN_POINT('',(0.008499999999999999,0.004900000000000002,0.029100000000000008));
#4285=CARTESIAN_POINT('',(0.008499999999999999,0.004900000000000003,0.028975735931288077));
#4286=CARTESIAN_POINT('',(0.008499999999999999,0.004812132034355965,0.028887867965644038));
#4287=CARTESIAN_POINT('',(0.008499999999999999,0.004724264068711927,0.0288));
#4288=CARTESIAN_POINT('',(0.008499999999999999,0.004599999999999996,0.028800000000000003));
#4289=(BOUNDED_CURVE() B_SPLINE_CURVE(2,(#4284,#4285,#4286,#4287,#4288),.UNSPECIFIED.,.F.,.F.) B_SPLINE_CURVE_WITH_KNOTS((3,2,3),(0.,1.,2.),.UNSPECIFIED.) CURVE() GEOMETRIC_REPRESENTATION_ITEM() RATIONAL_B_SPLINE_CURVE((1.,0.9238795325112843,1.,0.9238795325112843,1.)) REPRESENTATION_ITEM(''));
#4290=EDGE_CURVE('',#4183,#4113,#4289,.T.);
#4291=ORIENTED_EDGE('',*,*,#4290,.F.);
#4292=CARTESIAN_POINT('',(0.008499999999999999,0.004900000000000002,0.029100000000000008));
#4293=DIRECTION('',(-1.,0.,0.));
#4294=VECTOR('',#4293,1.);
#4295=LINE('',#4292,#4294);
#4296=EDGE_CURVE('',#4183,#4253,#4295,.T.);
#4297=ORIENTED_EDGE('',*,*,#4296,.T.);
#4298=CARTESIAN_POINT('',(0.009099999999999999,0.004599999999999996,0.028800000000000003));
#4299=CARTESIAN_POINT('',(0.009099999999999999,0.004724264068711927,0.0288));
#4300=CARTESIAN_POINT('',(0.009099999999999999,0.004812132034355965,0.028887867965644038));
#4301=CARTESIAN_POINT('',(0.009099999999999999,0.004900000000000003,0.028975735931288077));
#4302=CARTESIAN_POINT('',(0.009099999999999999,0.004900000000000002,0.029100000000000008));
#4303=(BOUNDED_CURVE() B_SPLINE_CURVE(2,(#4298,#4299,#4300,#4301,#4302),.UNSPECIFIED.,.F.,.F.) B_SPLINE_CURVE_WITH_KNOTS((3,2,3),(0.,1.,2.),.UNSPECIFIED.) CURVE() GEOMETRIC_REPRESENTATION_ITEM() RATIONAL_B_SPLINE_CURVE((1.,0.9238795325112843,1.,0.9238795325112843,1.)) REPRESENTATION_ITEM(''));
#4304=EDGE_CURVE('',#4079,#4253,#4303,.T.);
#4305=ORIENTED_EDGE('',*,*,#4304,.F.);
#4306=EDGE_LOOP('',(#4283,#4291,#4297,#4305));
#4307=FACE_OUTER_BOUND('',#4306,.T.);
#4308=ADVANCED_FACE('',(#4307),#4277,.F.);
#4309=CARTESIAN_POINT('',(0.008499999999999999,0.004900000000000002,0.029100000000000008));
#4310=DIRECTION('',(1.,0.,0.));
#4311=DIRECTION('',(0.,0.,-1.));
#4312=AXIS2_PLACEMENT_3D('',#4309,#4310,#4311);
#4313=PLANE('',#4312);
#4314=CARTESIAN_POINT('',(0.008499999999999999,0.004900000000000002,0.029100000000000008));
#4315=DIRECTION('',(0.,1.,1.303939935061948E-14));
#4316=VECTOR('',#4315,1.);
#4317=LINE('',#4314,#4316);
#4318=EDGE_CURVE('',#4175,#4183,#4317,.T.);
#4319=ORIENTED_EDGE('',*,*,#4318,.F.);
#4320=CARTESIAN_POINT('',(0.008499999999999999,0.005500000000000001,0.029100000000000015));
#4321=DIRECTION('',(0.,0.,1.));
#4322=VECTOR('',#4321,1.);
#4323=LINE('',#4320,#4322);
#4324=EDGE_CURVE('',#4175,#3991,#4323,.T.);
#4325=ORIENTED_EDGE('',*,*,#4324,.T.);
#4326=CARTESIAN_POINT('',(0.008499999999999999,0.004900000000000002,0.036250000000000004));
#4327=DIRECTION('',(0.,1.,1.303939935061948E-14));
#4328=VECTOR('',#4327,1.);
#4329=LINE('',#4326,#4328);
#4330=EDGE_CURVE('',#4009,#3991,#4329,.T.);
#4331=ORIENTED_EDGE('',*,*,#4330,.F.);
#4332=CARTESIAN_POINT('',(0.008499999999999999,0.004900000000000002,0.029100000000000008));
#4333=DIRECTION('',(0.,0.,1.));
#4334=VECTOR('',#4333,1.);
#4335=LINE('',#4332,#4334);
#4336=EDGE_CURVE('',#4009,#4183,#4335,.T.);
#4337=ORIENTED_EDGE('',*,*,#4336,.T.);
#4338=EDGE_LOOP('',(#4319,#4325,#4331,#4337));
#4339=FACE_OUTER_BOUND('',#4338,.T.);
#4340=ADVANCED_FACE('',(#4339),#4313,.F.);
#4341=CARTESIAN_POINT('',(0.008499999999999999,0.005500000000000001,0.029100000000000015));
#4342=DIRECTION('',(0.,-1.,0.));
#4343=DIRECTION('',(0.,0.,-1.));
#4344=AXIS2_PLACEMENT_3D('',#4341,#4342,#4343);
#4345=PLANE('',#4344);
#4346=CARTESIAN_POINT('',(0.008499999999999999,0.005500000000000001,0.029100000000000015));
#4347=DIRECTION('',(1.,0.,0.));
#4348=VECTOR('',#4347,1.);
#4349=LINE('',#4346,#4348);
#4350=EDGE_CURVE('',#4215,#4175,#4349,.T.);
#4351=ORIENTED_EDGE('',*,*,#4350,.F.);
#4352=CARTESIAN_POINT('',(0.009099999999999999,0.005500000000000001,0.029100000000000015));
#4353=DIRECTION('',(0.,0.,1.));
#4354=VECTOR('',#4353,1.);
#4355=LINE('',#4352,#4354);
#4356=EDGE_CURVE('',#4215,#3993,#4355,.T.);
#4357=ORIENTED_EDGE('',*,*,#4356,.T.);
#4358=CARTESIAN_POINT('',(0.008499999999999999,0.005500000000000001,0.03625000000000001));
#4359=DIRECTION('',(1.,0.,0.));
#4360=VECTOR('',#4359,1.);
#4361=LINE('',#4358,#4360);
#4362=EDGE_CURVE('',#3991,#3993,#4361,.T.);
#4363=ORIENTED_EDGE('',*,*,#4362,.F.);
#4364=CARTESIAN_POINT('',(0.008499999999999999,0.005500000000000001,0.029100000000000015));
#4365=DIRECTION('',(0.,0.,1.));
#4366=VECTOR('',#4365,1.);
#4367=LINE('',#4364,#4366);
#4368=EDGE_CURVE('',#4175,#3991,#4367,.T.);
#4369=ORIENTED_EDGE('',*,*,#4368,.F.);
#4370=EDGE_LOOP('',(#4351,#4357,#4363,#4369));
#4371=FACE_OUTER_BOUND('',#4370,.T.);
#4372=ADVANCED_FACE('',(#4371),#4345,.F.);
#4373=CARTESIAN_POINT('',(0.009099999999999999,0.004900000000000002,0.029100000000000008));
#4374=DIRECTION('',(-1.,0.,0.));
#4375=DIRECTION('',(0.,0.,1.));
#4376=AXIS2_PLACEMENT_3D('',#4373,#4374,#4375);
#4377=PLANE('',#4376);
#4378=CARTESIAN_POINT('',(0.009099999999999999,0.004900000000000002,0.029100000000000008));
#4379=DIRECTION('',(0.,-1.,-1.303939935061948E-14));
#4380=VECTOR('',#4379,1.);
#4381=LINE('',#4378,#4380);
#4382=EDGE_CURVE('',#4253,#4215,#4381,.T.);
#4383=ORIENTED_EDGE('',*,*,#4382,.F.);
#4384=CARTESIAN_POINT('',(0.009099999999999999,0.004900000000000002,0.029100000000000008));
#4385=DIRECTION('',(0.,0.,1.));
#4386=VECTOR('',#4385,1.);
#4387=LINE('',#4384,#4386);
#4388=EDGE_CURVE('',#4253,#4001,#4387,.T.);
#4389=ORIENTED_EDGE('',*,*,#4388,.T.);
#4390=CARTESIAN_POINT('',(0.009099999999999999,0.004900000000000002,0.036250000000000004));
#4391=DIRECTION('',(0.,-1.,-1.303939935061948E-14));
#4392=VECTOR('',#4391,1.);
#4393=LINE('',#4390,#4392);
#4394=EDGE_CURVE('',#3993,#4001,#4393,.T.);
#4395=ORIENTED_EDGE('',*,*,#4394,.F.);
#4396=CARTESIAN_POINT('',(0.009099999999999999,0.005500000000000001,0.029100000000000015));
#4397=DIRECTION('',(0.,0.,1.));
#4398=VECTOR('',#4397,1.);
#4399=LINE('',#4396,#4398);
#4400=EDGE_CURVE('',#4215,#3993,#4399,.T.);
#4401=ORIENTED_EDGE('',*,*,#4400,.F.);
#4402=EDGE_LOOP('',(#4383,#4389,#4395,#4401));
#4403=FACE_OUTER_BOUND('',#4402,.T.);
#4404=ADVANCED_FACE('',(#4403),#4377,.F.);
#4405=CARTESIAN_POINT('',(0.008499999999999999,0.004900000000000002,0.029100000000000008));
#4406=DIRECTION('',(0.,1.,0.));
#4407=DIRECTION('',(0.,0.,1.));
#4408=AXIS2_PLACEMENT_3D('',#4405,#4406,#4407);
#4409=PLANE('',#4408);
#4410=CARTESIAN_POINT('',(0.008499999999999999,0.004900000000000002,0.029100000000000008));
#4411=DIRECTION('',(-1.,0.,0.));
#4412=VECTOR('',#4411,1.);
#4413=LINE('',#4410,#4412);
#4414=EDGE_CURVE('',#4183,#4253,#4413,.T.);
#4415=ORIENTED_EDGE('',*,*,#4414,.F.);
#4416=CARTESIAN_POINT('',(0.008499999999999999,0.004900000000000002,0.029100000000000008));
#4417=DIRECTION('',(0.,0.,1.));
#4418=VECTOR('',#4417,1.);
#4419=LINE('',#4416,#4418);
#4420=EDGE_CURVE('',#4009,#4183,#4419,.T.);
#4421=ORIENTED_EDGE('',*,*,#4420,.F.);
#4422=CARTESIAN_POINT('',(0.008499999999999999,0.004900000000000002,0.036250000000000004));
#4423=DIRECTION('',(-1.,0.,0.));
#4424=VECTOR('',#4423,1.);
#4425=LINE('',#4422,#4424);
#4426=EDGE_CURVE('',#4001,#4009,#4425,.T.);
#4427=ORIENTED_EDGE('',*,*,#4426,.F.);
#4428=CARTESIAN_POINT('',(0.009099999999999999,0.004900000000000002,0.029100000000000008));
#4429=DIRECTION('',(0.,0.,1.));
#4430=VECTOR('',#4429,1.);
#4431=LINE('',#4428,#4430);
#4432=EDGE_CURVE('',#4253,#4001,#4431,.T.);
#4433=ORIENTED_EDGE('',*,*,#4432,.F.);
#4434=EDGE_LOOP('',(#4415,#4421,#4427,#4433));
#4435=FACE_OUTER_BOUND('',#4434,.T.);
#4436=ADVANCED_FACE('',(#4435),#4409,.F.);
#4437=CARTESIAN_POINT('',(0.008499999999999999,0.,0.028200000000000003));
#4438=DIRECTION('',(0.,0.,-1.));
#4439=VECTOR('',#4438,1.);
#4440=LINE('',#4437,#4439);
#4441=EDGE_CURVE('',#1827,#1829,#4440,.T.);
#4442=ORIENTED_EDGE('',*,*,#4441,.T.);
#4443=CARTESIAN_POINT('',(0.008499999999999999,0.004599999999999996,0.028200000000000003));
#4444=DIRECTION('',(0.,-1.,0.));
#4445=VECTOR('',#4444,1.);
#4446=LINE('',#4443,#4445);
#4447=CARTESIAN_POINT('',(0.008499999999999999,-0.0012,0.028200000000000003));
#4448=VERTEX_POINT('',#4447);
#4449=EDGE_CURVE('',#4448,#1829,#4446,.T.);
#4450=ORIENTED_EDGE('',*,*,#4449,.F.);
#4451=CARTESIAN_POINT('',(0.008499999999999999,-0.0012,0.028800000000000003));
#4452=DIRECTION('',(0.,0.,-1.));
#4453=VECTOR('',#4452,1.);
#4454=LINE('',#4451,#4453);
#4455=CARTESIAN_POINT('',(0.008499999999999999,-0.0012,0.028800000000000003));
#4456=VERTEX_POINT('',#4455);
#4457=EDGE_CURVE('',#4456,#4448,#4454,.T.);
#4458=ORIENTED_EDGE('',*,*,#4457,.F.);
#4459=CARTESIAN_POINT('',(0.008499999999999999,0.004599999999999996,0.028800000000000003));
#4460=DIRECTION('',(0.,-1.,0.));
#4461=VECTOR('',#4460,1.);
#4462=LINE('',#4459,#4461);
#4463=EDGE_CURVE('',#1827,#4456,#4462,.T.);
#4464=ORIENTED_EDGE('',*,*,#4463,.F.);
#4465=EDGE_LOOP('',(#4442,#4450,#4458,#4464));
#4466=FACE_OUTER_BOUND('',#4465,.T.);
#4467=ADVANCED_FACE('',(#4466),#4129,.T.);
#4468=CARTESIAN_POINT('',(0.009099999999999999,0.,0.028200000000000003));
#4469=DIRECTION('',(0.,0.,1.));
#4470=VECTOR('',#4469,1.);
#4471=LINE('',#4468,#4470);
#4472=EDGE_CURVE('',#1845,#1837,#4471,.T.);
#4473=ORIENTED_EDGE('',*,*,#4472,.T.);
#4474=CARTESIAN_POINT('',(0.009099999999999999,0.004599999999999996,0.028800000000000003));
#4475=DIRECTION('',(0.,-1.,0.));
#4476=VECTOR('',#4475,1.);
#4477=LINE('',#4474,#4476);
#4478=CARTESIAN_POINT('',(0.009099999999999999,-0.0012,0.028800000000000003));
#4479=VERTEX_POINT('',#4478);
#4480=EDGE_CURVE('',#4479,#1837,#4477,.T.);
#4481=ORIENTED_EDGE('',*,*,#4480,.F.);
#4482=CARTESIAN_POINT('',(0.009099999999999999,-0.0012,0.028800000000000003));
#4483=DIRECTION('',(0.,0.,1.));
#4484=VECTOR('',#4483,1.);
#4485=LINE('',#4482,#4484);
#4486=CARTESIAN_POINT('',(0.009099999999999999,-0.0012,0.028200000000000003));
#4487=VERTEX_POINT('',#4486);
#4488=EDGE_CURVE('',#4487,#4479,#4485,.T.);
#4489=ORIENTED_EDGE('',*,*,#4488,.F.);
#4490=CARTESIAN_POINT('',(0.009099999999999999,0.004599999999999996,0.028200000000000003));
#4491=DIRECTION('',(0.,-1.,0.));
#4492=VECTOR('',#4491,1.);
#4493=LINE('',#4490,#4492);
#4494=EDGE_CURVE('',#1845,#4487,#4493,.T.);
#4495=ORIENTED_EDGE('',*,*,#4494,.F.);
#4496=EDGE_LOOP('',(#4473,#4481,#4489,#4495));
#4497=FACE_OUTER_BOUND('',#4496,.T.);
#4498=ADVANCED_FACE('',(#4497),#4061,.T.);
#4499=CARTESIAN_POINT('',(0.008499999999999999,0.,0.028800000000000003));
#4500=DIRECTION('',(-1.,0.,0.));
#4501=VECTOR('',#4500,1.);
#4502=LINE('',#4499,#4501);
#4503=EDGE_CURVE('',#1837,#1827,#4502,.T.);
#4504=ORIENTED_EDGE('',*,*,#4503,.T.);
#4505=CARTESIAN_POINT('',(0.008499999999999999,0.004599999999999996,0.028800000000000003));
#4506=DIRECTION('',(0.,-1.,0.));
#4507=VECTOR('',#4506,1.);
#4508=LINE('',#4505,#4507);
#4509=EDGE_CURVE('',#1827,#4456,#4508,.T.);
#4510=ORIENTED_EDGE('',*,*,#4509,.T.);
#4511=CARTESIAN_POINT('',(0.008499999999999999,-0.0012,0.028800000000000003));
#4512=DIRECTION('',(-1.,0.,0.));
#4513=VECTOR('',#4512,1.);
#4514=LINE('',#4511,#4513);
#4515=EDGE_CURVE('',#4479,#4456,#4514,.T.);
#4516=ORIENTED_EDGE('',*,*,#4515,.F.);
#4517=CARTESIAN_POINT('',(0.009099999999999999,0.004599999999999996,0.028800000000000003));
#4518=DIRECTION('',(0.,-1.,0.));
#4519=VECTOR('',#4518,1.);
#4520=LINE('',#4517,#4519);
#4521=EDGE_CURVE('',#4479,#1837,#4520,.T.);
#4522=ORIENTED_EDGE('',*,*,#4521,.T.);
#4523=EDGE_LOOP('',(#4504,#4510,#4516,#4522));
#4524=FACE_OUTER_BOUND('',#4523,.T.);
#4525=ADVANCED_FACE('',(#4524),#4095,.T.);
#4526=CARTESIAN_POINT('',(0.008499999999999999,0.,0.028200000000000003));
#4527=DIRECTION('',(1.,0.,0.));
#4528=VECTOR('',#4527,1.);
#4529=LINE('',#4526,#4528);
#4530=EDGE_CURVE('',#1829,#1845,#4529,.T.);
#4531=ORIENTED_EDGE('',*,*,#4530,.T.);
#4532=CARTESIAN_POINT('',(0.009099999999999999,0.004599999999999996,0.028200000000000003));
#4533=DIRECTION('',(0.,-1.,0.));
#4534=VECTOR('',#4533,1.);
#4535=LINE('',#4532,#4534);
#4536=EDGE_CURVE('',#1845,#4487,#4535,.T.);
#4537=ORIENTED_EDGE('',*,*,#4536,.T.);
#4538=CARTESIAN_POINT('',(0.008499999999999999,-0.0012,0.028200000000000003));
#4539=DIRECTION('',(1.,0.,0.));
#4540=VECTOR('',#4539,1.);
#4541=LINE('',#4538,#4540);
#4542=EDGE_CURVE('',#4448,#4487,#4541,.T.);
#4543=ORIENTED_EDGE('',*,*,#4542,.F.);
#4544=CARTESIAN_POINT('',(0.008499999999999999,0.004599999999999996,0.028200000000000003));
#4545=DIRECTION('',(0.,-1.,0.));
#4546=VECTOR('',#4545,1.);
#4547=LINE('',#4544,#4546);
#4548=EDGE_CURVE('',#4448,#1829,#4547,.T.);
#4549=ORIENTED_EDGE('',*,*,#4548,.T.);
#4550=EDGE_LOOP('',(#4531,#4537,#4543,#4549));
#4551=FACE_OUTER_BOUND('',#4550,.T.);
#4552=ADVANCED_FACE('',(#4551),#4025,.T.);
#4553=CARTESIAN_POINT('',(0.,-0.0012,0.));
#4554=DIRECTION('',(0.,-1.,0.));
#4555=DIRECTION('',(0.,0.,-1.));
#4556=AXIS2_PLACEMENT_3D('',#4553,#4554,#4555);
#4557=PLANE('',#4556);
#4558=CARTESIAN_POINT('',(0.008499999999999999,-0.0012,0.028800000000000003));
#4559=DIRECTION('',(0.,0.,-1.));
#4560=VECTOR('',#4559,1.);
#4561=LINE('',#4558,#4560);
#4562=EDGE_CURVE('',#4456,#4448,#4561,.T.);
#4563=ORIENTED_EDGE('',*,*,#4562,.T.);
#4564=CARTESIAN_POINT('',(0.008499999999999999,-0.0012,0.028200000000000003));
#4565=DIRECTION('',(1.,0.,0.));
#4566=VECTOR('',#4565,1.);
#4567=LINE('',#4564,#4566);
#4568=EDGE_CURVE('',#4448,#4487,#4567,.T.);
#4569=ORIENTED_EDGE('',*,*,#4568,.T.);
#4570=CARTESIAN_POINT('',(0.009099999999999999,-0.0012,0.028800000000000003));
#4571=DIRECTION('',(0.,0.,1.));
#4572=VECTOR('',#4571,1.);
#4573=LINE('',#4570,#4572);
#4574=EDGE_CURVE('',#4487,#4479,#4573,.T.);
#4575=ORIENTED_EDGE('',*,*,#4574,.T.);
#4576=CARTESIAN_POINT('',(0.008499999999999999,-0.0012,0.028800000000000003));
#4577=DIRECTION('',(-1.,0.,0.));
#4578=VECTOR('',#4577,1.);
#4579=LINE('',#4576,#4578);
#4580=EDGE_CURVE('',#4479,#4456,#4579,.T.);
#4581=ORIENTED_EDGE('',*,*,#4580,.T.);
#4582=EDGE_LOOP('',(#4563,#4569,#4575,#4581));
#4583=FACE_OUTER_BOUND('',#4582,.T.);
#4584=ADVANCED_FACE('',(#4583),#4557,.T.);
#4585=CARTESIAN_POINT('',(0.,0.0337,0.03625000000000038));
#4586=DIRECTION('',(0.,1.303939935061948E-14,-1.));
#4587=DIRECTION('',(0.,1.,1.303939935061948E-14));
#4588=AXIS2_PLACEMENT_3D('',#4585,#4586,#4587);
#4589=PLANE('',#4588);
#4590=CARTESIAN_POINT('',(0.011,0.005500000000000001,0.03625000000000001));
#4591=DIRECTION('',(1.,0.,0.));
#4592=VECTOR('',#4591,1.);
#4593=LINE('',#4590,#4592);
#4594=CARTESIAN_POINT('',(0.011,0.005500000000000001,0.03625000000000001));
#4595=VERTEX_POINT('',#4594);
#4596=CARTESIAN_POINT('',(0.0116,0.005500000000000001,0.03625000000000001));
#4597=VERTEX_POINT('',#4596);
#4598=EDGE_CURVE('',#4595,#4597,#4593,.T.);
#4599=ORIENTED_EDGE('',*,*,#4598,.T.);
#4600=CARTESIAN_POINT('',(0.0116,0.004900000000000002,0.036250000000000004));
#4601=DIRECTION('',(0.,-1.,-1.303939935061948E-14));
#4602=VECTOR('',#4601,1.);
#4603=LINE('',#4600,#4602);
#4604=CARTESIAN_POINT('',(0.0116,0.004900000000000002,0.036250000000000004));
#4605=VERTEX_POINT('',#4604);
#4606=EDGE_CURVE('',#4597,#4605,#4603,.T.);
#4607=ORIENTED_EDGE('',*,*,#4606,.T.);
#4608=CARTESIAN_POINT('',(0.011,0.004900000000000002,0.036250000000000004));
#4609=DIRECTION('',(-1.,0.,0.));
#4610=VECTOR('',#4609,1.);
#4611=LINE('',#4608,#4610);
#4612=CARTESIAN_POINT('',(0.011,0.004900000000000002,0.036250000000000004));
#4613=VERTEX_POINT('',#4612);
#4614=EDGE_CURVE('',#4605,#4613,#4611,.T.);
#4615=ORIENTED_EDGE('',*,*,#4614,.T.);
#4616=CARTESIAN_POINT('',(0.011,0.004900000000000002,0.036250000000000004));
#4617=DIRECTION('',(0.,1.,1.303939935061948E-14));
#4618=VECTOR('',#4617,1.);
#4619=LINE('',#4616,#4618);
#4620=EDGE_CURVE('',#4613,#4595,#4619,.T.);
#4621=ORIENTED_EDGE('',*,*,#4620,.T.);
#4622=EDGE_LOOP('',(#4599,#4607,#4615,#4621));
#4623=FACE_OUTER_BOUND('',#4622,.T.);
#4624=ADVANCED_FACE('',(#4623),#4589,.F.);
#4625=CARTESIAN_POINT('',(0.011,0.004599999999999996,0.028200000000000003));
#4626=DIRECTION('',(0.,0.,-1.));
#4627=DIRECTION('',(-1.,0.,0.));
#4628=AXIS2_PLACEMENT_3D('',#4625,#4626,#4627);
#4629=PLANE('',#4628);
#4630=CARTESIAN_POINT('',(0.011,0.0035,0.028200000000000003));
#4631=DIRECTION('',(-1.,0.,0.));
#4632=VECTOR('',#4631,1.);
#4633=LINE('',#4630,#4632);
#4634=EDGE_CURVE('',#2483,#2499,#4633,.T.);
#4635=ORIENTED_EDGE('',*,*,#4634,.T.);
#4636=CARTESIAN_POINT('',(0.011,0.004599999999999996,0.028200000000000003));
#4637=DIRECTION('',(0.,-1.,0.));
#4638=VECTOR('',#4637,1.);
#4639=LINE('',#4636,#4638);
#4640=CARTESIAN_POINT('',(0.011,0.004599999999999996,0.028200000000000003));
#4641=VERTEX_POINT('',#4640);
#4642=EDGE_CURVE('',#4641,#2499,#4639,.T.);
#4643=ORIENTED_EDGE('',*,*,#4642,.F.);
#4644=CARTESIAN_POINT('',(0.011,0.004599999999999996,0.028200000000000003));
#4645=DIRECTION('',(1.,0.,0.));
#4646=VECTOR('',#4645,1.);
#4647=LINE('',#4644,#4646);
#4648=CARTESIAN_POINT('',(0.0116,0.004599999999999996,0.028200000000000003));
#4649=VERTEX_POINT('',#4648);
#4650=EDGE_CURVE('',#4649,#4641,#4647,.T.);
#4651=ORIENTED_EDGE('',*,*,#4650,.F.);
#4652=CARTESIAN_POINT('',(0.0116,0.004599999999999996,0.028200000000000003));
#4653=DIRECTION('',(0.,-1.,0.));
#4654=VECTOR('',#4653,1.);
#4655=LINE('',#4652,#4654);
#4656=EDGE_CURVE('',#2483,#4649,#4655,.T.);
#4657=ORIENTED_EDGE('',*,*,#4656,.F.);
#4658=EDGE_LOOP('',(#4635,#4643,#4651,#4657));
#4659=FACE_OUTER_BOUND('',#4658,.T.);
#4660=ADVANCED_FACE('',(#4659),#4629,.T.);
#4661=CARTESIAN_POINT('',(0.0116,0.004599999999999996,0.028800000000000003));
#4662=DIRECTION('',(1.,0.,0.));
#4663=DIRECTION('',(0.,0.,-1.));
#4664=AXIS2_PLACEMENT_3D('',#4661,#4662,#4663);
#4665=PLANE('',#4664);
#4666=CARTESIAN_POINT('',(0.0116,0.0035,0.028200000000000003));
#4667=DIRECTION('',(0.,0.,-1.));
#4668=VECTOR('',#4667,1.);
#4669=LINE('',#4666,#4668);
#4670=EDGE_CURVE('',#2481,#2483,#4669,.T.);
#4671=ORIENTED_EDGE('',*,*,#4670,.T.);
#4672=CARTESIAN_POINT('',(0.0116,0.004599999999999996,0.028200000000000003));
#4673=DIRECTION('',(0.,-1.,0.));
#4674=VECTOR('',#4673,1.);
#4675=LINE('',#4672,#4674);
#4676=EDGE_CURVE('',#2483,#4649,#4675,.T.);
#4677=ORIENTED_EDGE('',*,*,#4676,.T.);
#4678=CARTESIAN_POINT('',(0.0116,0.004599999999999996,0.028800000000000003));
#4679=DIRECTION('',(0.,0.,1.));
#4680=VECTOR('',#4679,1.);
#4681=LINE('',#4678,#4680);
#4682=CARTESIAN_POINT('',(0.0116,0.004599999999999996,0.028800000000000003));
#4683=VERTEX_POINT('',#4682);
#4684=EDGE_CURVE('',#4683,#4649,#4681,.T.);
#4685=ORIENTED_EDGE('',*,*,#4684,.F.);
#4686=CARTESIAN_POINT('',(0.0116,0.004599999999999996,0.028800000000000003));
#4687=DIRECTION('',(0.,-1.,0.));
#4688=VECTOR('',#4687,1.);
#4689=LINE('',#4686,#4688);
#4690=EDGE_CURVE('',#2481,#4683,#4689,.T.);
#4691=ORIENTED_EDGE('',*,*,#4690,.F.);
#4692=EDGE_LOOP('',(#4671,#4677,#4685,#4691));
#4693=FACE_OUTER_BOUND('',#4692,.T.);
#4694=ADVANCED_FACE('',(#4693),#4665,.T.);
#4695=CARTESIAN_POINT('',(0.011,0.004599999999999996,0.028800000000000003));
#4696=DIRECTION('',(0.,0.,1.));
#4697=DIRECTION('',(1.,0.,0.));
#4698=AXIS2_PLACEMENT_3D('',#4695,#4696,#4697);
#4699=PLANE('',#4698);
#4700=CARTESIAN_POINT('',(0.011,0.0035,0.028800000000000003));
#4701=DIRECTION('',(1.,0.,0.));
#4702=VECTOR('',#4701,1.);
#4703=LINE('',#4700,#4702);
#4704=EDGE_CURVE('',#2491,#2481,#4703,.T.);
#4705=ORIENTED_EDGE('',*,*,#4704,.T.);
#4706=CARTESIAN_POINT('',(0.0116,0.004599999999999996,0.028800000000000003));
#4707=DIRECTION('',(0.,-1.,0.));
#4708=VECTOR('',#4707,1.);
#4709=LINE('',#4706,#4708);
#4710=EDGE_CURVE('',#2481,#4683,#4709,.T.);
#4711=ORIENTED_EDGE('',*,*,#4710,.T.);
#4712=CARTESIAN_POINT('',(0.011,0.004599999999999996,0.028800000000000003));
#4713=DIRECTION('',(-1.,0.,0.));
#4714=VECTOR('',#4713,1.);
#4715=LINE('',#4712,#4714);
#4716=CARTESIAN_POINT('',(0.011,0.004599999999999996,0.028800000000000003));
#4717=VERTEX_POINT('',#4716);
#4718=EDGE_CURVE('',#4717,#4683,#4715,.T.);
#4719=ORIENTED_EDGE('',*,*,#4718,.F.);
#4720=CARTESIAN_POINT('',(0.011,0.004599999999999996,0.028800000000000003));
#4721=DIRECTION('',(0.,-1.,0.));
#4722=VECTOR('',#4721,1.);
#4723=LINE('',#4720,#4722);
#4724=EDGE_CURVE('',#2491,#4717,#4723,.T.);
#4725=ORIENTED_EDGE('',*,*,#4724,.F.);
#4726=EDGE_LOOP('',(#4705,#4711,#4719,#4725));
#4727=FACE_OUTER_BOUND('',#4726,.T.);
#4728=ADVANCED_FACE('',(#4727),#4699,.T.);
#4729=CARTESIAN_POINT('',(0.011,0.004599999999999996,0.028800000000000003));
#4730=DIRECTION('',(-1.,0.,0.));
#4731=DIRECTION('',(0.,0.,1.));
#4732=AXIS2_PLACEMENT_3D('',#4729,#4730,#4731);
#4733=PLANE('',#4732);
#4734=CARTESIAN_POINT('',(0.011,0.004599999999999996,0.028200000000000003));
#4735=DIRECTION('',(0.,-1.,0.));
#4736=VECTOR('',#4735,1.);
#4737=LINE('',#4734,#4736);
#4738=EDGE_CURVE('',#4641,#2499,#4737,.T.);
#4739=ORIENTED_EDGE('',*,*,#4738,.T.);
#4740=CARTESIAN_POINT('',(0.011,0.0035,0.028200000000000003));
#4741=DIRECTION('',(0.,0.,1.));
#4742=VECTOR('',#4741,1.);
#4743=LINE('',#4740,#4742);
#4744=EDGE_CURVE('',#2499,#2491,#4743,.T.);
#4745=ORIENTED_EDGE('',*,*,#4744,.T.);
#4746=CARTESIAN_POINT('',(0.011,0.004599999999999996,0.028800000000000003));
#4747=DIRECTION('',(0.,-1.,0.));
#4748=VECTOR('',#4747,1.);
#4749=LINE('',#4746,#4748);
#4750=EDGE_CURVE('',#2491,#4717,#4749,.T.);
#4751=ORIENTED_EDGE('',*,*,#4750,.T.);
#4752=CARTESIAN_POINT('',(0.011,0.004599999999999996,0.028800000000000003));
#4753=DIRECTION('',(0.,0.,-1.));
#4754=VECTOR('',#4753,1.);
#4755=LINE('',#4752,#4754);
#4756=EDGE_CURVE('',#4641,#4717,#4755,.T.);
#4757=ORIENTED_EDGE('',*,*,#4756,.F.);
#4758=EDGE_LOOP('',(#4739,#4745,#4751,#4757));
#4759=FACE_OUTER_BOUND('',#4758,.T.);
#4760=ADVANCED_FACE('',(#4759),#4733,.T.);
#4761=CARTESIAN_POINT('',(0.011,0.004599999999999996,0.028800000000000003));
#4762=DIRECTION('',(1.,0.,0.));
#4763=DIRECTION('',(0.,0.,-1.));
#4764=AXIS2_PLACEMENT_3D('',#4761,#4762,#4763);
#4765=PLANE('',#4764);
#4766=CARTESIAN_POINT('',(0.011,0.004599999999999996,0.028800000000000003));
#4767=DIRECTION('',(0.,0.,-1.));
#4768=VECTOR('',#4767,1.);
#4769=LINE('',#4766,#4768);
#4770=EDGE_CURVE('',#4641,#4717,#4769,.T.);
#4771=ORIENTED_EDGE('',*,*,#4770,.F.);
#4772=CARTESIAN_POINT('',(0.011,0.004599999999999996,0.028200000000000003));
#4773=CARTESIAN_POINT('',(0.011,0.004972792206135786,0.0282));
#4774=CARTESIAN_POINT('',(0.011,0.005236396103067896,0.028463603896932112));
#4775=CARTESIAN_POINT('',(0.011,0.005500000000000006,0.028727207793864225));
#4776=CARTESIAN_POINT('',(0.011,0.005500000000000001,0.029100000000000015));
#4777=(BOUNDED_CURVE() B_SPLINE_CURVE(2,(#4772,#4773,#4774,#4775,#4776),.UNSPECIFIED.,.F.,.F.) B_SPLINE_CURVE_WITH_KNOTS((3,2,3),(0.,1.,2.),.UNSPECIFIED.) CURVE() GEOMETRIC_REPRESENTATION_ITEM() RATIONAL_B_SPLINE_CURVE((1.,0.9238795325112852,1.,0.9238795325112852,1.)) REPRESENTATION_ITEM(''));
#4778=CARTESIAN_POINT('',(0.011,0.005500000000000001,0.029100000000000015));
#4779=VERTEX_POINT('',#4778);
#4780=EDGE_CURVE('',#4641,#4779,#4777,.T.);
#4781=ORIENTED_EDGE('',*,*,#4780,.T.);
#4782=CARTESIAN_POINT('',(0.011,0.004900000000000002,0.029100000000000008));
#4783=DIRECTION('',(0.,1.,1.303939935061948E-14));
#4784=VECTOR('',#4783,1.);
#4785=LINE('',#4782,#4784);
#4786=CARTESIAN_POINT('',(0.011,0.004900000000000002,0.029100000000000008));
#4787=VERTEX_POINT('',#4786);
#4788=EDGE_CURVE('',#4779,#4787,#4785,.T.);
#4789=ORIENTED_EDGE('',*,*,#4788,.T.);
#4790=CARTESIAN_POINT('',(0.011,0.004900000000000002,0.029100000000000008));
#4791=CARTESIAN_POINT('',(0.011,0.004900000000000003,0.028975735931288077));
#4792=CARTESIAN_POINT('',(0.011,0.004812132034355965,0.028887867965644038));
#4793=CARTESIAN_POINT('',(0.011,0.004724264068711927,0.0288));
#4794=CARTESIAN_POINT('',(0.011,0.004599999999999996,0.028800000000000003));
#4795=(BOUNDED_CURVE() B_SPLINE_CURVE(2,(#4790,#4791,#4792,#4793,#4794),.UNSPECIFIED.,.F.,.F.) B_SPLINE_CURVE_WITH_KNOTS((3,2,3),(0.,1.,2.),.UNSPECIFIED.) CURVE() GEOMETRIC_REPRESENTATION_ITEM() RATIONAL_B_SPLINE_CURVE((1.,0.9238795325112843,1.,0.9238795325112843,1.)) REPRESENTATION_ITEM(''));
#4796=EDGE_CURVE('',#4787,#4717,#4795,.T.);
#4797=ORIENTED_EDGE('',*,*,#4796,.T.);
#4798=EDGE_LOOP('',(#4771,#4781,#4789,#4797));
#4799=FACE_OUTER_BOUND('',#4798,.T.);
#4800=ADVANCED_FACE('',(#4799),#4765,.F.);
#4801=CARTESIAN_POINT('',(0.005049999999999999,0.0046,0.029100000000000004));
#4802=DIRECTION('',(1.,0.,0.));
#4803=DIRECTION('',(0.,0.,-1.));
#4804=AXIS2_PLACEMENT_3D('',#4801,#4802,#4803);
#4805=CYLINDRICAL_SURFACE('',#4804,0.0009000000000000015);
#4806=CARTESIAN_POINT('',(0.011,0.004599999999999996,0.028200000000000003));
#4807=CARTESIAN_POINT('',(0.011,0.004972792206135786,0.0282));
#4808=CARTESIAN_POINT('',(0.011,0.005236396103067896,0.028463603896932112));
#4809=CARTESIAN_POINT('',(0.011,0.005500000000000006,0.028727207793864225));
#4810=CARTESIAN_POINT('',(0.011,0.005500000000000001,0.029100000000000015));
#4811=(BOUNDED_CURVE() B_SPLINE_CURVE(2,(#4806,#4807,#4808,#4809,#4810),.UNSPECIFIED.,.F.,.F.) B_SPLINE_CURVE_WITH_KNOTS((3,2,3),(0.,1.,2.),.UNSPECIFIED.) CURVE() GEOMETRIC_REPRESENTATION_ITEM() RATIONAL_B_SPLINE_CURVE((1.,0.9238795325112852,1.,0.9238795325112852,1.)) REPRESENTATION_ITEM(''));
#4812=EDGE_CURVE('',#4641,#4779,#4811,.T.);
#4813=ORIENTED_EDGE('',*,*,#4812,.T.);
#4814=CARTESIAN_POINT('',(0.011,0.005500000000000001,0.029100000000000015));
#4815=DIRECTION('',(1.,0.,0.));
#4816=VECTOR('',#4815,1.);
#4817=LINE('',#4814,#4816);
#4818=CARTESIAN_POINT('',(0.0116,0.005500000000000001,0.029100000000000015));
#4819=VERTEX_POINT('',#4818);
#4820=EDGE_CURVE('',#4819,#4779,#4817,.T.);
#4821=ORIENTED_EDGE('',*,*,#4820,.F.);
#4822=CARTESIAN_POINT('',(0.0116,0.004599999999999996,0.028200000000000003));
#4823=CARTESIAN_POINT('',(0.0116,0.004972792206135786,0.0282));
#4824=CARTESIAN_POINT('',(0.0116,0.005236396103067896,0.028463603896932112));
#4825=CARTESIAN_POINT('',(0.0116,0.005500000000000006,0.028727207793864225));
#4826=CARTESIAN_POINT('',(0.0116,0.005500000000000001,0.029100000000000015));
#4827=(BOUNDED_CURVE() B_SPLINE_CURVE(2,(#4822,#4823,#4824,#4825,#4826),.UNSPECIFIED.,.F.,.F.) B_SPLINE_CURVE_WITH_KNOTS((3,2,3),(0.,1.,2.),.UNSPECIFIED.) CURVE() GEOMETRIC_REPRESENTATION_ITEM() RATIONAL_B_SPLINE_CURVE((1.,0.9238795325112852,1.,0.9238795325112852,1.)) REPRESENTATION_ITEM(''));
#4828=EDGE_CURVE('',#4649,#4819,#4827,.T.);
#4829=ORIENTED_EDGE('',*,*,#4828,.F.);
#4830=CARTESIAN_POINT('',(0.011,0.004599999999999996,0.028200000000000003));
#4831=DIRECTION('',(1.,0.,0.));
#4832=VECTOR('',#4831,1.);
#4833=LINE('',#4830,#4832);
#4834=EDGE_CURVE('',#4649,#4641,#4833,.T.);
#4835=ORIENTED_EDGE('',*,*,#4834,.T.);
#4836=EDGE_LOOP('',(#4813,#4821,#4829,#4835));
#4837=FACE_OUTER_BOUND('',#4836,.T.);
#4838=ADVANCED_FACE('',(#4837),#4805,.T.);
#4839=CARTESIAN_POINT('',(0.0116,0.004599999999999996,0.028800000000000003));
#4840=DIRECTION('',(-1.,0.,0.));
#4841=DIRECTION('',(0.,0.,1.));
#4842=AXIS2_PLACEMENT_3D('',#4839,#4840,#4841);
#4843=PLANE('',#4842);
#4844=CARTESIAN_POINT('',(0.0116,0.004599999999999996,0.028800000000000003));
#4845=DIRECTION('',(0.,0.,1.));
#4846=VECTOR('',#4845,1.);
#4847=LINE('',#4844,#4846);
#4848=EDGE_CURVE('',#4683,#4649,#4847,.T.);
#4849=ORIENTED_EDGE('',*,*,#4848,.F.);
#4850=CARTESIAN_POINT('',(0.0116,0.004599999999999996,0.028800000000000003));
#4851=CARTESIAN_POINT('',(0.0116,0.004724264068711927,0.0288));
#4852=CARTESIAN_POINT('',(0.0116,0.004812132034355965,0.028887867965644038));
#4853=CARTESIAN_POINT('',(0.0116,0.004900000000000003,0.028975735931288077));
#4854=CARTESIAN_POINT('',(0.0116,0.004900000000000002,0.029100000000000008));
#4855=(BOUNDED_CURVE() B_SPLINE_CURVE(2,(#4850,#4851,#4852,#4853,#4854),.UNSPECIFIED.,.F.,.F.) B_SPLINE_CURVE_WITH_KNOTS((3,2,3),(0.,1.,2.),.UNSPECIFIED.) CURVE() GEOMETRIC_REPRESENTATION_ITEM() RATIONAL_B_SPLINE_CURVE((1.,0.9238795325112843,1.,0.9238795325112843,1.)) REPRESENTATION_ITEM(''));
#4856=CARTESIAN_POINT('',(0.0116,0.004900000000000002,0.029100000000000008));
#4857=VERTEX_POINT('',#4856);
#4858=EDGE_CURVE('',#4683,#4857,#4855,.T.);
#4859=ORIENTED_EDGE('',*,*,#4858,.T.);
#4860=CARTESIAN_POINT('',(0.0116,0.004900000000000002,0.029100000000000008));
#4861=DIRECTION('',(0.,-1.,-1.303939935061948E-14));
#4862=VECTOR('',#4861,1.);
#4863=LINE('',#4860,#4862);
#4864=EDGE_CURVE('',#4857,#4819,#4863,.T.);
#4865=ORIENTED_EDGE('',*,*,#4864,.T.);
#4866=CARTESIAN_POINT('',(0.0116,0.004599999999999996,0.028200000000000003));
#4867=CARTESIAN_POINT('',(0.0116,0.004972792206135786,0.0282));
#4868=CARTESIAN_POINT('',(0.0116,0.005236396103067896,0.028463603896932112));
#4869=CARTESIAN_POINT('',(0.0116,0.005500000000000006,0.028727207793864225));
#4870=CARTESIAN_POINT('',(0.0116,0.005500000000000001,0.029100000000000015));
#4871=(BOUNDED_CURVE() B_SPLINE_CURVE(2,(#4866,#4867,#4868,#4869,#4870),.UNSPECIFIED.,.F.,.F.) B_SPLINE_CURVE_WITH_KNOTS((3,2,3),(0.,1.,2.),.UNSPECIFIED.) CURVE() GEOMETRIC_REPRESENTATION_ITEM() RATIONAL_B_SPLINE_CURVE((1.,0.9238795325112852,1.,0.9238795325112852,1.)) REPRESENTATION_ITEM(''));
#4872=EDGE_CURVE('',#4649,#4819,#4871,.T.);
#4873=ORIENTED_EDGE('',*,*,#4872,.F.);
#4874=EDGE_LOOP('',(#4849,#4859,#4865,#4873));
#4875=FACE_OUTER_BOUND('',#4874,.T.);
#4876=ADVANCED_FACE('',(#4875),#4843,.F.);
#4877=CARTESIAN_POINT('',(0.005049999999999999,0.0046,0.029100000000000004));
#4878=DIRECTION('',(1.,0.,0.));
#4879=DIRECTION('',(0.,0.,-1.));
#4880=AXIS2_PLACEMENT_3D('',#4877,#4878,#4879);
#4881=CYLINDRICAL_SURFACE('',#4880,0.00030000000000000165);
#4882=CARTESIAN_POINT('',(0.011,0.004599999999999996,0.028800000000000003));
#4883=DIRECTION('',(-1.,0.,0.));
#4884=VECTOR('',#4883,1.);
#4885=LINE('',#4882,#4884);
#4886=EDGE_CURVE('',#4717,#4683,#4885,.T.);
#4887=ORIENTED_EDGE('',*,*,#4886,.F.);
#4888=CARTESIAN_POINT('',(0.011,0.004900000000000002,0.029100000000000008));
#4889=CARTESIAN_POINT('',(0.011,0.004900000000000003,0.028975735931288077));
#4890=CARTESIAN_POINT('',(0.011,0.004812132034355965,0.028887867965644038));
#4891=CARTESIAN_POINT('',(0.011,0.004724264068711927,0.0288));
#4892=CARTESIAN_POINT('',(0.011,0.004599999999999996,0.028800000000000003));
#4893=(BOUNDED_CURVE() B_SPLINE_CURVE(2,(#4888,#4889,#4890,#4891,#4892),.UNSPECIFIED.,.F.,.F.) B_SPLINE_CURVE_WITH_KNOTS((3,2,3),(0.,1.,2.),.UNSPECIFIED.) CURVE() GEOMETRIC_REPRESENTATION_ITEM() RATIONAL_B_SPLINE_CURVE((1.,0.9238795325112843,1.,0.9238795325112843,1.)) REPRESENTATION_ITEM(''));
#4894=EDGE_CURVE('',#4787,#4717,#4893,.T.);
#4895=ORIENTED_EDGE('',*,*,#4894,.F.);
#4896=CARTESIAN_POINT('',(0.011,0.004900000000000002,0.029100000000000008));
#4897=DIRECTION('',(-1.,0.,0.));
#4898=VECTOR('',#4897,1.);
#4899=LINE('',#4896,#4898);
#4900=EDGE_CURVE('',#4787,#4857,#4899,.T.);
#4901=ORIENTED_EDGE('',*,*,#4900,.T.);
#4902=CARTESIAN_POINT('',(0.0116,0.004599999999999996,0.028800000000000003));
#4903=CARTESIAN_POINT('',(0.0116,0.004724264068711927,0.0288));
#4904=CARTESIAN_POINT('',(0.0116,0.004812132034355965,0.028887867965644038));
#4905=CARTESIAN_POINT('',(0.0116,0.004900000000000003,0.028975735931288077));
#4906=CARTESIAN_POINT('',(0.0116,0.004900000000000002,0.029100000000000008));
#4907=(BOUNDED_CURVE() B_SPLINE_CURVE(2,(#4902,#4903,#4904,#4905,#4906),.UNSPECIFIED.,.F.,.F.) B_SPLINE_CURVE_WITH_KNOTS((3,2,3),(0.,1.,2.),.UNSPECIFIED.) CURVE() GEOMETRIC_REPRESENTATION_ITEM() RATIONAL_B_SPLINE_CURVE((1.,0.9238795325112843,1.,0.9238795325112843,1.)) REPRESENTATION_ITEM(''));
#4908=EDGE_CURVE('',#4683,#4857,#4907,.T.);
#4909=ORIENTED_EDGE('',*,*,#4908,.F.);
#4910=EDGE_LOOP('',(#4887,#4895,#4901,#4909));
#4911=FACE_OUTER_BOUND('',#4910,.T.);
#4912=ADVANCED_FACE('',(#4911),#4881,.F.);
#4913=CARTESIAN_POINT('',(0.011,0.004900000000000002,0.029100000000000008));
#4914=DIRECTION('',(1.,0.,0.));
#4915=DIRECTION('',(0.,0.,-1.));
#4916=AXIS2_PLACEMENT_3D('',#4913,#4914,#4915);
#4917=PLANE('',#4916);
#4918=CARTESIAN_POINT('',(0.011,0.004900000000000002,0.029100000000000008));
#4919=DIRECTION('',(0.,1.,1.303939935061948E-14));
#4920=VECTOR('',#4919,1.);
#4921=LINE('',#4918,#4920);
#4922=EDGE_CURVE('',#4779,#4787,#4921,.T.);
#4923=ORIENTED_EDGE('',*,*,#4922,.F.);
#4924=CARTESIAN_POINT('',(0.011,0.005500000000000001,0.029100000000000015));
#4925=DIRECTION('',(0.,0.,1.));
#4926=VECTOR('',#4925,1.);
#4927=LINE('',#4924,#4926);
#4928=EDGE_CURVE('',#4779,#4595,#4927,.T.);
#4929=ORIENTED_EDGE('',*,*,#4928,.T.);
#4930=CARTESIAN_POINT('',(0.011,0.004900000000000002,0.036250000000000004));
#4931=DIRECTION('',(0.,1.,1.303939935061948E-14));
#4932=VECTOR('',#4931,1.);
#4933=LINE('',#4930,#4932);
#4934=EDGE_CURVE('',#4613,#4595,#4933,.T.);
#4935=ORIENTED_EDGE('',*,*,#4934,.F.);
#4936=CARTESIAN_POINT('',(0.011,0.004900000000000002,0.029100000000000008));
#4937=DIRECTION('',(0.,0.,1.));
#4938=VECTOR('',#4937,1.);
#4939=LINE('',#4936,#4938);
#4940=EDGE_CURVE('',#4613,#4787,#4939,.T.);
#4941=ORIENTED_EDGE('',*,*,#4940,.T.);
#4942=EDGE_LOOP('',(#4923,#4929,#4935,#4941));
#4943=FACE_OUTER_BOUND('',#4942,.T.);
#4944=ADVANCED_FACE('',(#4943),#4917,.F.);
#4945=CARTESIAN_POINT('',(0.011,0.005500000000000001,0.029100000000000015));
#4946=DIRECTION('',(0.,-1.,0.));
#4947=DIRECTION('',(0.,0.,-1.));
#4948=AXIS2_PLACEMENT_3D('',#4945,#4946,#4947);
#4949=PLANE('',#4948);
#4950=CARTESIAN_POINT('',(0.011,0.005500000000000001,0.029100000000000015));
#4951=DIRECTION('',(1.,0.,0.));
#4952=VECTOR('',#4951,1.);
#4953=LINE('',#4950,#4952);
#4954=EDGE_CURVE('',#4819,#4779,#4953,.T.);
#4955=ORIENTED_EDGE('',*,*,#4954,.F.);
#4956=CARTESIAN_POINT('',(0.0116,0.005500000000000001,0.029100000000000015));
#4957=DIRECTION('',(0.,0.,1.));
#4958=VECTOR('',#4957,1.);
#4959=LINE('',#4956,#4958);
#4960=EDGE_CURVE('',#4819,#4597,#4959,.T.);
#4961=ORIENTED_EDGE('',*,*,#4960,.T.);
#4962=CARTESIAN_POINT('',(0.011,0.005500000000000001,0.03625000000000001));
#4963=DIRECTION('',(1.,0.,0.));
#4964=VECTOR('',#4963,1.);
#4965=LINE('',#4962,#4964);
#4966=EDGE_CURVE('',#4595,#4597,#4965,.T.);
#4967=ORIENTED_EDGE('',*,*,#4966,.F.);
#4968=CARTESIAN_POINT('',(0.011,0.005500000000000001,0.029100000000000015));
#4969=DIRECTION('',(0.,0.,1.));
#4970=VECTOR('',#4969,1.);
#4971=LINE('',#4968,#4970);
#4972=EDGE_CURVE('',#4779,#4595,#4971,.T.);
#4973=ORIENTED_EDGE('',*,*,#4972,.F.);
#4974=EDGE_LOOP('',(#4955,#4961,#4967,#4973));
#4975=FACE_OUTER_BOUND('',#4974,.T.);
#4976=ADVANCED_FACE('',(#4975),#4949,.F.);
#4977=CARTESIAN_POINT('',(0.0116,0.004900000000000002,0.029100000000000008));
#4978=DIRECTION('',(-1.,0.,0.));
#4979=DIRECTION('',(0.,0.,1.));
#4980=AXIS2_PLACEMENT_3D('',#4977,#4978,#4979);
#4981=PLANE('',#4980);
#4982=CARTESIAN_POINT('',(0.0116,0.004900000000000002,0.029100000000000008));
#4983=DIRECTION('',(0.,-1.,-1.303939935061948E-14));
#4984=VECTOR('',#4983,1.);
#4985=LINE('',#4982,#4984);
#4986=EDGE_CURVE('',#4857,#4819,#4985,.T.);
#4987=ORIENTED_EDGE('',*,*,#4986,.F.);
#4988=CARTESIAN_POINT('',(0.0116,0.004900000000000002,0.029100000000000008));
#4989=DIRECTION('',(0.,0.,1.));
#4990=VECTOR('',#4989,1.);
#4991=LINE('',#4988,#4990);
#4992=EDGE_CURVE('',#4857,#4605,#4991,.T.);
#4993=ORIENTED_EDGE('',*,*,#4992,.T.);
#4994=CARTESIAN_POINT('',(0.0116,0.004900000000000002,0.036250000000000004));
#4995=DIRECTION('',(0.,-1.,-1.303939935061948E-14));
#4996=VECTOR('',#4995,1.);
#4997=LINE('',#4994,#4996);
#4998=EDGE_CURVE('',#4597,#4605,#4997,.T.);
#4999=ORIENTED_EDGE('',*,*,#4998,.F.);
#5000=CARTESIAN_POINT('',(0.0116,0.005500000000000001,0.029100000000000015));
#5001=DIRECTION('',(0.,0.,1.));
#5002=VECTOR('',#5001,1.);
#5003=LINE('',#5000,#5002);
#5004=EDGE_CURVE('',#4819,#4597,#5003,.T.);
#5005=ORIENTED_EDGE('',*,*,#5004,.F.);
#5006=EDGE_LOOP('',(#4987,#4993,#4999,#5005));
#5007=FACE_OUTER_BOUND('',#5006,.T.);
#5008=ADVANCED_FACE('',(#5007),#4981,.F.);
#5009=CARTESIAN_POINT('',(0.011,0.004900000000000002,0.029100000000000008));
#5010=DIRECTION('',(0.,1.,0.));
#5011=DIRECTION('',(0.,0.,1.));
#5012=AXIS2_PLACEMENT_3D('',#5009,#5010,#5011);
#5013=PLANE('',#5012);
#5014=CARTESIAN_POINT('',(0.011,0.004900000000000002,0.029100000000000008));
#5015=DIRECTION('',(-1.,0.,0.));
#5016=VECTOR('',#5015,1.);
#5017=LINE('',#5014,#5016);
#5018=EDGE_CURVE('',#4787,#4857,#5017,.T.);
#5019=ORIENTED_EDGE('',*,*,#5018,.F.);
#5020=CARTESIAN_POINT('',(0.011,0.004900000000000002,0.029100000000000008));
#5021=DIRECTION('',(0.,0.,1.));
#5022=VECTOR('',#5021,1.);
#5023=LINE('',#5020,#5022);
#5024=EDGE_CURVE('',#4613,#4787,#5023,.T.);
#5025=ORIENTED_EDGE('',*,*,#5024,.F.);
#5026=CARTESIAN_POINT('',(0.011,0.004900000000000002,0.036250000000000004));
#5027=DIRECTION('',(-1.,0.,0.));
#5028=VECTOR('',#5027,1.);
#5029=LINE('',#5026,#5028);
#5030=EDGE_CURVE('',#4605,#4613,#5029,.T.);
#5031=ORIENTED_EDGE('',*,*,#5030,.F.);
#5032=CARTESIAN_POINT('',(0.0116,0.004900000000000002,0.029100000000000008));
#5033=DIRECTION('',(0.,0.,1.));
#5034=VECTOR('',#5033,1.);
#5035=LINE('',#5032,#5034);
#5036=EDGE_CURVE('',#4857,#4605,#5035,.T.);
#5037=ORIENTED_EDGE('',*,*,#5036,.F.);
#5038=EDGE_LOOP('',(#5019,#5025,#5031,#5037));
#5039=FACE_OUTER_BOUND('',#5038,.T.);
#5040=ADVANCED_FACE('',(#5039),#5013,.F.);
#5041=CARTESIAN_POINT('',(0.011,0.,0.028200000000000003));
#5042=DIRECTION('',(0.,0.,-1.));
#5043=VECTOR('',#5042,1.);
#5044=LINE('',#5041,#5043);
#5045=EDGE_CURVE('',#1793,#1795,#5044,.T.);
#5046=ORIENTED_EDGE('',*,*,#5045,.T.);
#5047=CARTESIAN_POINT('',(0.011,0.004599999999999996,0.028200000000000003));
#5048=DIRECTION('',(0.,-1.,0.));
#5049=VECTOR('',#5048,1.);
#5050=LINE('',#5047,#5049);
#5051=CARTESIAN_POINT('',(0.011,-0.0012,0.028200000000000003));
#5052=VERTEX_POINT('',#5051);
#5053=EDGE_CURVE('',#5052,#1795,#5050,.T.);
#5054=ORIENTED_EDGE('',*,*,#5053,.F.);
#5055=CARTESIAN_POINT('',(0.011,-0.0012,0.028800000000000003));
#5056=DIRECTION('',(0.,0.,-1.));
#5057=VECTOR('',#5056,1.);
#5058=LINE('',#5055,#5057);
#5059=CARTESIAN_POINT('',(0.011,-0.0012,0.028800000000000003));
#5060=VERTEX_POINT('',#5059);
#5061=EDGE_CURVE('',#5060,#5052,#5058,.T.);
#5062=ORIENTED_EDGE('',*,*,#5061,.F.);
#5063=CARTESIAN_POINT('',(0.011,0.004599999999999996,0.028800000000000003));
#5064=DIRECTION('',(0.,-1.,0.));
#5065=VECTOR('',#5064,1.);
#5066=LINE('',#5063,#5065);
#5067=EDGE_CURVE('',#1793,#5060,#5066,.T.);
#5068=ORIENTED_EDGE('',*,*,#5067,.F.);
#5069=EDGE_LOOP('',(#5046,#5054,#5062,#5068));
#5070=FACE_OUTER_BOUND('',#5069,.T.);
#5071=ADVANCED_FACE('',(#5070),#4733,.T.);
#5072=CARTESIAN_POINT('',(0.0116,0.,0.028200000000000003));
#5073=DIRECTION('',(0.,0.,1.));
#5074=VECTOR('',#5073,1.);
#5075=LINE('',#5072,#5074);
#5076=EDGE_CURVE('',#1811,#1803,#5075,.T.);
#5077=ORIENTED_EDGE('',*,*,#5076,.T.);
#5078=CARTESIAN_POINT('',(0.0116,0.004599999999999996,0.028800000000000003));
#5079=DIRECTION('',(0.,-1.,0.));
#5080=VECTOR('',#5079,1.);
#5081=LINE('',#5078,#5080);
#5082=CARTESIAN_POINT('',(0.0116,-0.0012,0.028800000000000003));
#5083=VERTEX_POINT('',#5082);
#5084=EDGE_CURVE('',#5083,#1803,#5081,.T.);
#5085=ORIENTED_EDGE('',*,*,#5084,.F.);
#5086=CARTESIAN_POINT('',(0.0116,-0.0012,0.028800000000000003));
#5087=DIRECTION('',(0.,0.,1.));
#5088=VECTOR('',#5087,1.);
#5089=LINE('',#5086,#5088);
#5090=CARTESIAN_POINT('',(0.0116,-0.0012,0.028200000000000003));
#5091=VERTEX_POINT('',#5090);
#5092=EDGE_CURVE('',#5091,#5083,#5089,.T.);
#5093=ORIENTED_EDGE('',*,*,#5092,.F.);
#5094=CARTESIAN_POINT('',(0.0116,0.004599999999999996,0.028200000000000003));
#5095=DIRECTION('',(0.,-1.,0.));
#5096=VECTOR('',#5095,1.);
#5097=LINE('',#5094,#5096);
#5098=EDGE_CURVE('',#1811,#5091,#5097,.T.);
#5099=ORIENTED_EDGE('',*,*,#5098,.F.);
#5100=EDGE_LOOP('',(#5077,#5085,#5093,#5099));
#5101=FACE_OUTER_BOUND('',#5100,.T.);
#5102=ADVANCED_FACE('',(#5101),#4665,.T.);
#5103=CARTESIAN_POINT('',(0.011,0.,0.028800000000000003));
#5104=DIRECTION('',(-1.,0.,0.));
#5105=VECTOR('',#5104,1.);
#5106=LINE('',#5103,#5105);
#5107=EDGE_CURVE('',#1803,#1793,#5106,.T.);
#5108=ORIENTED_EDGE('',*,*,#5107,.T.);
#5109=CARTESIAN_POINT('',(0.011,0.004599999999999996,0.028800000000000003));
#5110=DIRECTION('',(0.,-1.,0.));
#5111=VECTOR('',#5110,1.);
#5112=LINE('',#5109,#5111);
#5113=EDGE_CURVE('',#1793,#5060,#5112,.T.);
#5114=ORIENTED_EDGE('',*,*,#5113,.T.);
#5115=CARTESIAN_POINT('',(0.011,-0.0012,0.028800000000000003));
#5116=DIRECTION('',(-1.,0.,0.));
#5117=VECTOR('',#5116,1.);
#5118=LINE('',#5115,#5117);
#5119=EDGE_CURVE('',#5083,#5060,#5118,.T.);
#5120=ORIENTED_EDGE('',*,*,#5119,.F.);
#5121=CARTESIAN_POINT('',(0.0116,0.004599999999999996,0.028800000000000003));
#5122=DIRECTION('',(0.,-1.,0.));
#5123=VECTOR('',#5122,1.);
#5124=LINE('',#5121,#5123);
#5125=EDGE_CURVE('',#5083,#1803,#5124,.T.);
#5126=ORIENTED_EDGE('',*,*,#5125,.T.);
#5127=EDGE_LOOP('',(#5108,#5114,#5120,#5126));
#5128=FACE_OUTER_BOUND('',#5127,.T.);
#5129=ADVANCED_FACE('',(#5128),#4699,.T.);
#5130=CARTESIAN_POINT('',(0.011,0.,0.028200000000000003));
#5131=DIRECTION('',(1.,0.,0.));
#5132=VECTOR('',#5131,1.);
#5133=LINE('',#5130,#5132);
#5134=EDGE_CURVE('',#1795,#1811,#5133,.T.);
#5135=ORIENTED_EDGE('',*,*,#5134,.T.);
#5136=CARTESIAN_POINT('',(0.0116,0.004599999999999996,0.028200000000000003));
#5137=DIRECTION('',(0.,-1.,0.));
#5138=VECTOR('',#5137,1.);
#5139=LINE('',#5136,#5138);
#5140=EDGE_CURVE('',#1811,#5091,#5139,.T.);
#5141=ORIENTED_EDGE('',*,*,#5140,.T.);
#5142=CARTESIAN_POINT('',(0.011,-0.0012,0.028200000000000003));
#5143=DIRECTION('',(1.,0.,0.));
#5144=VECTOR('',#5143,1.);
#5145=LINE('',#5142,#5144);
#5146=EDGE_CURVE('',#5052,#5091,#5145,.T.);
#5147=ORIENTED_EDGE('',*,*,#5146,.F.);
#5148=CARTESIAN_POINT('',(0.011,0.004599999999999996,0.028200000000000003));
#5149=DIRECTION('',(0.,-1.,0.));
#5150=VECTOR('',#5149,1.);
#5151=LINE('',#5148,#5150);
#5152=EDGE_CURVE('',#5052,#1795,#5151,.T.);
#5153=ORIENTED_EDGE('',*,*,#5152,.T.);
#5154=EDGE_LOOP('',(#5135,#5141,#5147,#5153));
#5155=FACE_OUTER_BOUND('',#5154,.T.);
#5156=ADVANCED_FACE('',(#5155),#4629,.T.);
#5157=CARTESIAN_POINT('',(0.,-0.0012,0.));
#5158=DIRECTION('',(0.,-1.,0.));
#5159=DIRECTION('',(0.,0.,-1.));
#5160=AXIS2_PLACEMENT_3D('',#5157,#5158,#5159);
#5161=PLANE('',#5160);
#5162=CARTESIAN_POINT('',(0.011,-0.0012,0.028800000000000003));
#5163=DIRECTION('',(0.,0.,-1.));
#5164=VECTOR('',#5163,1.);
#5165=LINE('',#5162,#5164);
#5166=EDGE_CURVE('',#5060,#5052,#5165,.T.);
#5167=ORIENTED_EDGE('',*,*,#5166,.T.);
#5168=CARTESIAN_POINT('',(0.011,-0.0012,0.028200000000000003));
#5169=DIRECTION('',(1.,0.,0.));
#5170=VECTOR('',#5169,1.);
#5171=LINE('',#5168,#5170);
#5172=EDGE_CURVE('',#5052,#5091,#5171,.T.);
#5173=ORIENTED_EDGE('',*,*,#5172,.T.);
#5174=CARTESIAN_POINT('',(0.0116,-0.0012,0.028800000000000003));
#5175=DIRECTION('',(0.,0.,1.));
#5176=VECTOR('',#5175,1.);
#5177=LINE('',#5174,#5176);
#5178=EDGE_CURVE('',#5091,#5083,#5177,.T.);
#5179=ORIENTED_EDGE('',*,*,#5178,.T.);
#5180=CARTESIAN_POINT('',(0.011,-0.0012,0.028800000000000003));
#5181=DIRECTION('',(-1.,0.,0.));
#5182=VECTOR('',#5181,1.);
#5183=LINE('',#5180,#5182);
#5184=EDGE_CURVE('',#5083,#5060,#5183,.T.);
#5185=ORIENTED_EDGE('',*,*,#5184,.T.);
#5186=EDGE_LOOP('',(#5167,#5173,#5179,#5185));
#5187=FACE_OUTER_BOUND('',#5186,.T.);
#5188=ADVANCED_FACE('',(#5187),#5161,.T.);
#5189=CARTESIAN_POINT('',(0.,0.0337,0.03625000000000038));
#5190=DIRECTION('',(0.,1.303939935061948E-14,-1.));
#5191=DIRECTION('',(0.,1.,1.303939935061948E-14));
#5192=AXIS2_PLACEMENT_3D('',#5189,#5190,#5191);
#5193=PLANE('',#5192);
#5194=CARTESIAN_POINT('',(0.013499999999999998,0.005500000000000001,0.03625000000000001));
#5195=DIRECTION('',(1.,0.,0.));
#5196=VECTOR('',#5195,1.);
#5197=LINE('',#5194,#5196);
#5198=CARTESIAN_POINT('',(0.013499999999999998,0.005500000000000001,0.03625000000000001));
#5199=VERTEX_POINT('',#5198);
#5200=CARTESIAN_POINT('',(0.014099999999999998,0.005500000000000001,0.03625000000000001));
#5201=VERTEX_POINT('',#5200);
#5202=EDGE_CURVE('',#5199,#5201,#5197,.T.);
#5203=ORIENTED_EDGE('',*,*,#5202,.T.);
#5204=CARTESIAN_POINT('',(0.014099999999999998,0.004900000000000002,0.036250000000000004));
#5205=DIRECTION('',(0.,-1.,-1.303939935061948E-14));
#5206=VECTOR('',#5205,1.);
#5207=LINE('',#5204,#5206);
#5208=CARTESIAN_POINT('',(0.014099999999999998,0.004900000000000002,0.036250000000000004));
#5209=VERTEX_POINT('',#5208);
#5210=EDGE_CURVE('',#5201,#5209,#5207,.T.);
#5211=ORIENTED_EDGE('',*,*,#5210,.T.);
#5212=CARTESIAN_POINT('',(0.013499999999999998,0.004900000000000002,0.036250000000000004));
#5213=DIRECTION('',(-1.,0.,0.));
#5214=VECTOR('',#5213,1.);
#5215=LINE('',#5212,#5214);
#5216=CARTESIAN_POINT('',(0.013499999999999998,0.004900000000000002,0.036250000000000004));
#5217=VERTEX_POINT('',#5216);
#5218=EDGE_CURVE('',#5209,#5217,#5215,.T.);
#5219=ORIENTED_EDGE('',*,*,#5218,.T.);
#5220=CARTESIAN_POINT('',(0.013499999999999998,0.004900000000000002,0.036250000000000004));
#5221=DIRECTION('',(0.,1.,1.303939935061948E-14));
#5222=VECTOR('',#5221,1.);
#5223=LINE('',#5220,#5222);
#5224=EDGE_CURVE('',#5217,#5199,#5223,.T.);
#5225=ORIENTED_EDGE('',*,*,#5224,.T.);
#5226=EDGE_LOOP('',(#5203,#5211,#5219,#5225));
#5227=FACE_OUTER_BOUND('',#5226,.T.);
#5228=ADVANCED_FACE('',(#5227),#5193,.F.);
#5229=CARTESIAN_POINT('',(0.013499999999999998,0.004599999999999996,0.028200000000000003));
#5230=DIRECTION('',(0.,0.,-1.));
#5231=DIRECTION('',(-1.,0.,0.));
#5232=AXIS2_PLACEMENT_3D('',#5229,#5230,#5231);
#5233=PLANE('',#5232);
#5234=CARTESIAN_POINT('',(0.0135,0.0035,0.028200000000000003));
#5235=DIRECTION('',(-1.,0.,0.));
#5236=VECTOR('',#5235,1.);
#5237=LINE('',#5234,#5236);
#5238=EDGE_CURVE('',#2517,#2533,#5237,.T.);
#5239=ORIENTED_EDGE('',*,*,#5238,.T.);
#5240=CARTESIAN_POINT('',(0.013499999999999998,0.004599999999999996,0.028200000000000003));
#5241=DIRECTION('',(0.,-1.,0.));
#5242=VECTOR('',#5241,1.);
#5243=LINE('',#5240,#5242);
#5244=CARTESIAN_POINT('',(0.013499999999999998,0.004599999999999996,0.028200000000000003));
#5245=VERTEX_POINT('',#5244);
#5246=EDGE_CURVE('',#5245,#2533,#5243,.T.);
#5247=ORIENTED_EDGE('',*,*,#5246,.F.);
#5248=CARTESIAN_POINT('',(0.013499999999999998,0.004599999999999996,0.028200000000000003));
#5249=DIRECTION('',(1.,0.,0.));
#5250=VECTOR('',#5249,1.);
#5251=LINE('',#5248,#5250);
#5252=CARTESIAN_POINT('',(0.014099999999999998,0.004599999999999996,0.028200000000000003));
#5253=VERTEX_POINT('',#5252);
#5254=EDGE_CURVE('',#5253,#5245,#5251,.T.);
#5255=ORIENTED_EDGE('',*,*,#5254,.F.);
#5256=CARTESIAN_POINT('',(0.014099999999999998,0.004599999999999996,0.028200000000000003));
#5257=DIRECTION('',(0.,-1.,0.));
#5258=VECTOR('',#5257,1.);
#5259=LINE('',#5256,#5258);
#5260=EDGE_CURVE('',#2517,#5253,#5259,.T.);
#5261=ORIENTED_EDGE('',*,*,#5260,.F.);
#5262=EDGE_LOOP('',(#5239,#5247,#5255,#5261));
#5263=FACE_OUTER_BOUND('',#5262,.T.);
#5264=ADVANCED_FACE('',(#5263),#5233,.T.);
#5265=CARTESIAN_POINT('',(0.014099999999999998,0.004599999999999996,0.028800000000000003));
#5266=DIRECTION('',(1.,0.,0.));
#5267=DIRECTION('',(0.,0.,-1.));
#5268=AXIS2_PLACEMENT_3D('',#5265,#5266,#5267);
#5269=PLANE('',#5268);
#5270=CARTESIAN_POINT('',(0.0141,0.0035,0.028200000000000003));
#5271=DIRECTION('',(0.,0.,-1.));
#5272=VECTOR('',#5271,1.);
#5273=LINE('',#5270,#5272);
#5274=EDGE_CURVE('',#2515,#2517,#5273,.T.);
#5275=ORIENTED_EDGE('',*,*,#5274,.T.);
#5276=CARTESIAN_POINT('',(0.014099999999999998,0.004599999999999996,0.028200000000000003));
#5277=DIRECTION('',(0.,-1.,0.));
#5278=VECTOR('',#5277,1.);
#5279=LINE('',#5276,#5278);
#5280=EDGE_CURVE('',#2517,#5253,#5279,.T.);
#5281=ORIENTED_EDGE('',*,*,#5280,.T.);
#5282=CARTESIAN_POINT('',(0.014099999999999998,0.004599999999999996,0.028800000000000003));
#5283=DIRECTION('',(0.,0.,1.));
#5284=VECTOR('',#5283,1.);
#5285=LINE('',#5282,#5284);
#5286=CARTESIAN_POINT('',(0.014099999999999998,0.004599999999999996,0.028800000000000003));
#5287=VERTEX_POINT('',#5286);
#5288=EDGE_CURVE('',#5287,#5253,#5285,.T.);
#5289=ORIENTED_EDGE('',*,*,#5288,.F.);
#5290=CARTESIAN_POINT('',(0.014099999999999998,0.004599999999999996,0.028800000000000003));
#5291=DIRECTION('',(0.,-1.,0.));
#5292=VECTOR('',#5291,1.);
#5293=LINE('',#5290,#5292);
#5294=EDGE_CURVE('',#2515,#5287,#5293,.T.);
#5295=ORIENTED_EDGE('',*,*,#5294,.F.);
#5296=EDGE_LOOP('',(#5275,#5281,#5289,#5295));
#5297=FACE_OUTER_BOUND('',#5296,.T.);
#5298=ADVANCED_FACE('',(#5297),#5269,.T.);
#5299=CARTESIAN_POINT('',(0.013499999999999998,0.004599999999999996,0.028800000000000003));
#5300=DIRECTION('',(0.,0.,1.));
#5301=DIRECTION('',(1.,0.,0.));
#5302=AXIS2_PLACEMENT_3D('',#5299,#5300,#5301);
#5303=PLANE('',#5302);
#5304=CARTESIAN_POINT('',(0.0135,0.0035,0.028800000000000003));
#5305=DIRECTION('',(1.,0.,0.));
#5306=VECTOR('',#5305,1.);
#5307=LINE('',#5304,#5306);
#5308=EDGE_CURVE('',#2525,#2515,#5307,.T.);
#5309=ORIENTED_EDGE('',*,*,#5308,.T.);
#5310=CARTESIAN_POINT('',(0.014099999999999998,0.004599999999999996,0.028800000000000003));
#5311=DIRECTION('',(0.,-1.,0.));
#5312=VECTOR('',#5311,1.);
#5313=LINE('',#5310,#5312);
#5314=EDGE_CURVE('',#2515,#5287,#5313,.T.);
#5315=ORIENTED_EDGE('',*,*,#5314,.T.);
#5316=CARTESIAN_POINT('',(0.013499999999999998,0.004599999999999996,0.028800000000000003));
#5317=DIRECTION('',(-1.,0.,0.));
#5318=VECTOR('',#5317,1.);
#5319=LINE('',#5316,#5318);
#5320=CARTESIAN_POINT('',(0.013499999999999998,0.004599999999999996,0.028800000000000003));
#5321=VERTEX_POINT('',#5320);
#5322=EDGE_CURVE('',#5321,#5287,#5319,.T.);
#5323=ORIENTED_EDGE('',*,*,#5322,.F.);
#5324=CARTESIAN_POINT('',(0.013499999999999998,0.004599999999999996,0.028800000000000003));
#5325=DIRECTION('',(0.,-1.,0.));
#5326=VECTOR('',#5325,1.);
#5327=LINE('',#5324,#5326);
#5328=EDGE_CURVE('',#2525,#5321,#5327,.T.);
#5329=ORIENTED_EDGE('',*,*,#5328,.F.);
#5330=EDGE_LOOP('',(#5309,#5315,#5323,#5329));
#5331=FACE_OUTER_BOUND('',#5330,.T.);
#5332=ADVANCED_FACE('',(#5331),#5303,.T.);
#5333=CARTESIAN_POINT('',(0.013499999999999998,0.004599999999999996,0.028800000000000003));
#5334=DIRECTION('',(-1.,0.,0.));
#5335=DIRECTION('',(0.,0.,1.));
#5336=AXIS2_PLACEMENT_3D('',#5333,#5334,#5335);
#5337=PLANE('',#5336);
#5338=CARTESIAN_POINT('',(0.013499999999999998,0.004599999999999996,0.028200000000000003));
#5339=DIRECTION('',(0.,-1.,0.));
#5340=VECTOR('',#5339,1.);
#5341=LINE('',#5338,#5340);
#5342=EDGE_CURVE('',#5245,#2533,#5341,.T.);
#5343=ORIENTED_EDGE('',*,*,#5342,.T.);
#5344=CARTESIAN_POINT('',(0.0135,0.0035,0.028200000000000003));
#5345=DIRECTION('',(0.,0.,1.));
#5346=VECTOR('',#5345,1.);
#5347=LINE('',#5344,#5346);
#5348=EDGE_CURVE('',#2533,#2525,#5347,.T.);
#5349=ORIENTED_EDGE('',*,*,#5348,.T.);
#5350=CARTESIAN_POINT('',(0.013499999999999998,0.004599999999999996,0.028800000000000003));
#5351=DIRECTION('',(0.,-1.,0.));
#5352=VECTOR('',#5351,1.);
#5353=LINE('',#5350,#5352);
#5354=EDGE_CURVE('',#2525,#5321,#5353,.T.);
#5355=ORIENTED_EDGE('',*,*,#5354,.T.);
#5356=CARTESIAN_POINT('',(0.013499999999999998,0.004599999999999996,0.028800000000000003));
#5357=DIRECTION('',(0.,0.,-1.));
#5358=VECTOR('',#5357,1.);
#5359=LINE('',#5356,#5358);
#5360=EDGE_CURVE('',#5245,#5321,#5359,.T.);
#5361=ORIENTED_EDGE('',*,*,#5360,.F.);
#5362=EDGE_LOOP('',(#5343,#5349,#5355,#5361));
#5363=FACE_OUTER_BOUND('',#5362,.T.);
#5364=ADVANCED_FACE('',(#5363),#5337,.T.);
#5365=CARTESIAN_POINT('',(0.013499999999999998,0.004599999999999996,0.028800000000000003));
#5366=DIRECTION('',(1.,0.,0.));
#5367=DIRECTION('',(0.,0.,-1.));
#5368=AXIS2_PLACEMENT_3D('',#5365,#5366,#5367);
#5369=PLANE('',#5368);
#5370=CARTESIAN_POINT('',(0.013499999999999998,0.004599999999999996,0.028800000000000003));
#5371=DIRECTION('',(0.,0.,-1.));
#5372=VECTOR('',#5371,1.);
#5373=LINE('',#5370,#5372);
#5374=EDGE_CURVE('',#5245,#5321,#5373,.T.);
#5375=ORIENTED_EDGE('',*,*,#5374,.F.);
#5376=CARTESIAN_POINT('',(0.013499999999999998,0.004599999999999996,0.028200000000000003));
#5377=CARTESIAN_POINT('',(0.013499999999999998,0.004972792206135786,0.0282));
#5378=CARTESIAN_POINT('',(0.013499999999999998,0.005236396103067896,0.028463603896932112));
#5379=CARTESIAN_POINT('',(0.013499999999999998,0.005500000000000006,0.028727207793864225));
#5380=CARTESIAN_POINT('',(0.013499999999999998,0.005500000000000001,0.029100000000000015));
#5381=(BOUNDED_CURVE() B_SPLINE_CURVE(2,(#5376,#5377,#5378,#5379,#5380),.UNSPECIFIED.,.F.,.F.) B_SPLINE_CURVE_WITH_KNOTS((3,2,3),(0.,1.,2.),.UNSPECIFIED.) CURVE() GEOMETRIC_REPRESENTATION_ITEM() RATIONAL_B_SPLINE_CURVE((1.,0.9238795325112852,1.,0.9238795325112852,1.)) REPRESENTATION_ITEM(''));
#5382=CARTESIAN_POINT('',(0.013499999999999998,0.005500000000000001,0.029100000000000015));
#5383=VERTEX_POINT('',#5382);
#5384=EDGE_CURVE('',#5245,#5383,#5381,.T.);
#5385=ORIENTED_EDGE('',*,*,#5384,.T.);
#5386=CARTESIAN_POINT('',(0.013499999999999998,0.004900000000000002,0.029100000000000008));
#5387=DIRECTION('',(0.,1.,1.303939935061948E-14));
#5388=VECTOR('',#5387,1.);
#5389=LINE('',#5386,#5388);
#5390=CARTESIAN_POINT('',(0.013499999999999998,0.004900000000000002,0.029100000000000008));
#5391=VERTEX_POINT('',#5390);
#5392=EDGE_CURVE('',#5383,#5391,#5389,.T.);
#5393=ORIENTED_EDGE('',*,*,#5392,.T.);
#5394=CARTESIAN_POINT('',(0.013499999999999998,0.004900000000000002,0.029100000000000008));
#5395=CARTESIAN_POINT('',(0.013499999999999998,0.004900000000000003,0.028975735931288077));
#5396=CARTESIAN_POINT('',(0.013499999999999998,0.004812132034355965,0.028887867965644038));
#5397=CARTESIAN_POINT('',(0.013499999999999998,0.004724264068711927,0.0288));
#5398=CARTESIAN_POINT('',(0.013499999999999998,0.004599999999999996,0.028800000000000003));
#5399=(BOUNDED_CURVE() B_SPLINE_CURVE(2,(#5394,#5395,#5396,#5397,#5398),.UNSPECIFIED.,.F.,.F.) B_SPLINE_CURVE_WITH_KNOTS((3,2,3),(0.,1.,2.),.UNSPECIFIED.) CURVE() GEOMETRIC_REPRESENTATION_ITEM() RATIONAL_B_SPLINE_CURVE((1.,0.9238795325112843,1.,0.9238795325112843,1.)) REPRESENTATION_ITEM(''));
#5400=EDGE_CURVE('',#5391,#5321,#5399,.T.);
#5401=ORIENTED_EDGE('',*,*,#5400,.T.);
#5402=EDGE_LOOP('',(#5375,#5385,#5393,#5401));
#5403=FACE_OUTER_BOUND('',#5402,.T.);
#5404=ADVANCED_FACE('',(#5403),#5369,.F.);
#5405=CARTESIAN_POINT('',(0.005049999999999999,0.0046,0.029100000000000004));
#5406=DIRECTION('',(1.,0.,0.));
#5407=DIRECTION('',(0.,0.,-1.));
#5408=AXIS2_PLACEMENT_3D('',#5405,#5406,#5407);
#5409=CYLINDRICAL_SURFACE('',#5408,0.0009000000000000015);
#5410=CARTESIAN_POINT('',(0.013499999999999998,0.004599999999999996,0.028200000000000003));
#5411=CARTESIAN_POINT('',(0.013499999999999998,0.004972792206135786,0.0282));
#5412=CARTESIAN_POINT('',(0.013499999999999998,0.005236396103067896,0.028463603896932112));
#5413=CARTESIAN_POINT('',(0.013499999999999998,0.005500000000000006,0.028727207793864225));
#5414=CARTESIAN_POINT('',(0.013499999999999998,0.005500000000000001,0.029100000000000015));
#5415=(BOUNDED_CURVE() B_SPLINE_CURVE(2,(#5410,#5411,#5412,#5413,#5414),.UNSPECIFIED.,.F.,.F.) B_SPLINE_CURVE_WITH_KNOTS((3,2,3),(0.,1.,2.),.UNSPECIFIED.) CURVE() GEOMETRIC_REPRESENTATION_ITEM() RATIONAL_B_SPLINE_CURVE((1.,0.9238795325112852,1.,0.9238795325112852,1.)) REPRESENTATION_ITEM(''));
#5416=EDGE_CURVE('',#5245,#5383,#5415,.T.);
#5417=ORIENTED_EDGE('',*,*,#5416,.T.);
#5418=CARTESIAN_POINT('',(0.013499999999999998,0.005500000000000001,0.029100000000000015));
#5419=DIRECTION('',(1.,0.,0.));
#5420=VECTOR('',#5419,1.);
#5421=LINE('',#5418,#5420);
#5422=CARTESIAN_POINT('',(0.014099999999999998,0.005500000000000001,0.029100000000000015));
#5423=VERTEX_POINT('',#5422);
#5424=EDGE_CURVE('',#5423,#5383,#5421,.T.);
#5425=ORIENTED_EDGE('',*,*,#5424,.F.);
#5426=CARTESIAN_POINT('',(0.014099999999999998,0.004599999999999996,0.028200000000000003));
#5427=CARTESIAN_POINT('',(0.014099999999999998,0.004972792206135786,0.0282));
#5428=CARTESIAN_POINT('',(0.014099999999999998,0.005236396103067896,0.028463603896932112));
#5429=CARTESIAN_POINT('',(0.014099999999999998,0.005500000000000006,0.028727207793864225));
#5430=CARTESIAN_POINT('',(0.014099999999999998,0.005500000000000001,0.029100000000000015));
#5431=(BOUNDED_CURVE() B_SPLINE_CURVE(2,(#5426,#5427,#5428,#5429,#5430),.UNSPECIFIED.,.F.,.F.) B_SPLINE_CURVE_WITH_KNOTS((3,2,3),(0.,1.,2.),.UNSPECIFIED.) CURVE() GEOMETRIC_REPRESENTATION_ITEM() RATIONAL_B_SPLINE_CURVE((1.,0.9238795325112852,1.,0.9238795325112852,1.)) REPRESENTATION_ITEM(''));
#5432=EDGE_CURVE('',#5253,#5423,#5431,.T.);
#5433=ORIENTED_EDGE('',*,*,#5432,.F.);
#5434=CARTESIAN_POINT('',(0.013499999999999998,0.004599999999999996,0.028200000000000003));
#5435=DIRECTION('',(1.,0.,0.));
#5436=VECTOR('',#5435,1.);
#5437=LINE('',#5434,#5436);
#5438=EDGE_CURVE('',#5253,#5245,#5437,.T.);
#5439=ORIENTED_EDGE('',*,*,#5438,.T.);
#5440=EDGE_LOOP('',(#5417,#5425,#5433,#5439));
#5441=FACE_OUTER_BOUND('',#5440,.T.);
#5442=ADVANCED_FACE('',(#5441),#5409,.T.);
#5443=CARTESIAN_POINT('',(0.014099999999999998,0.004599999999999996,0.028800000000000003));
#5444=DIRECTION('',(-1.,0.,0.));
#5445=DIRECTION('',(0.,0.,1.));
#5446=AXIS2_PLACEMENT_3D('',#5443,#5444,#5445);
#5447=PLANE('',#5446);
#5448=CARTESIAN_POINT('',(0.014099999999999998,0.004599999999999996,0.028800000000000003));
#5449=DIRECTION('',(0.,0.,1.));
#5450=VECTOR('',#5449,1.);
#5451=LINE('',#5448,#5450);
#5452=EDGE_CURVE('',#5287,#5253,#5451,.T.);
#5453=ORIENTED_EDGE('',*,*,#5452,.F.);
#5454=CARTESIAN_POINT('',(0.014099999999999998,0.004599999999999996,0.028800000000000003));
#5455=CARTESIAN_POINT('',(0.014099999999999998,0.004724264068711927,0.0288));
#5456=CARTESIAN_POINT('',(0.014099999999999998,0.004812132034355965,0.028887867965644038));
#5457=CARTESIAN_POINT('',(0.014099999999999998,0.004900000000000003,0.028975735931288077));
#5458=CARTESIAN_POINT('',(0.014099999999999998,0.004900000000000002,0.029100000000000008));
#5459=(BOUNDED_CURVE() B_SPLINE_CURVE(2,(#5454,#5455,#5456,#5457,#5458),.UNSPECIFIED.,.F.,.F.) B_SPLINE_CURVE_WITH_KNOTS((3,2,3),(0.,1.,2.),.UNSPECIFIED.) CURVE() GEOMETRIC_REPRESENTATION_ITEM() RATIONAL_B_SPLINE_CURVE((1.,0.9238795325112843,1.,0.9238795325112843,1.)) REPRESENTATION_ITEM(''));
#5460=CARTESIAN_POINT('',(0.014099999999999998,0.004900000000000002,0.029100000000000008));
#5461=VERTEX_POINT('',#5460);
#5462=EDGE_CURVE('',#5287,#5461,#5459,.T.);
#5463=ORIENTED_EDGE('',*,*,#5462,.T.);
#5464=CARTESIAN_POINT('',(0.014099999999999998,0.004900000000000002,0.029100000000000008));
#5465=DIRECTION('',(0.,-1.,-1.303939935061948E-14));
#5466=VECTOR('',#5465,1.);
#5467=LINE('',#5464,#5466);
#5468=EDGE_CURVE('',#5461,#5423,#5467,.T.);
#5469=ORIENTED_EDGE('',*,*,#5468,.T.);
#5470=CARTESIAN_POINT('',(0.014099999999999998,0.004599999999999996,0.028200000000000003));
#5471=CARTESIAN_POINT('',(0.014099999999999998,0.004972792206135786,0.0282));
#5472=CARTESIAN_POINT('',(0.014099999999999998,0.005236396103067896,0.028463603896932112));
#5473=CARTESIAN_POINT('',(0.014099999999999998,0.005500000000000006,0.028727207793864225));
#5474=CARTESIAN_POINT('',(0.014099999999999998,0.005500000000000001,0.029100000000000015));
#5475=(BOUNDED_CURVE() B_SPLINE_CURVE(2,(#5470,#5471,#5472,#5473,#5474),.UNSPECIFIED.,.F.,.F.) B_SPLINE_CURVE_WITH_KNOTS((3,2,3),(0.,1.,2.),.UNSPECIFIED.) CURVE() GEOMETRIC_REPRESENTATION_ITEM() RATIONAL_B_SPLINE_CURVE((1.,0.9238795325112852,1.,0.9238795325112852,1.)) REPRESENTATION_ITEM(''));
#5476=EDGE_CURVE('',#5253,#5423,#5475,.T.);
#5477=ORIENTED_EDGE('',*,*,#5476,.F.);
#5478=EDGE_LOOP('',(#5453,#5463,#5469,#5477));
#5479=FACE_OUTER_BOUND('',#5478,.T.);
#5480=ADVANCED_FACE('',(#5479),#5447,.F.);
#5481=CARTESIAN_POINT('',(0.005049999999999999,0.0046,0.029100000000000004));
#5482=DIRECTION('',(1.,0.,0.));
#5483=DIRECTION('',(0.,0.,-1.));
#5484=AXIS2_PLACEMENT_3D('',#5481,#5482,#5483);
#5485=CYLINDRICAL_SURFACE('',#5484,0.00030000000000000165);
#5486=CARTESIAN_POINT('',(0.013499999999999998,0.004599999999999996,0.028800000000000003));
#5487=DIRECTION('',(-1.,0.,0.));
#5488=VECTOR('',#5487,1.);
#5489=LINE('',#5486,#5488);
#5490=EDGE_CURVE('',#5321,#5287,#5489,.T.);
#5491=ORIENTED_EDGE('',*,*,#5490,.F.);
#5492=CARTESIAN_POINT('',(0.013499999999999998,0.004900000000000002,0.029100000000000008));
#5493=CARTESIAN_POINT('',(0.013499999999999998,0.004900000000000003,0.028975735931288077));
#5494=CARTESIAN_POINT('',(0.013499999999999998,0.004812132034355965,0.028887867965644038));
#5495=CARTESIAN_POINT('',(0.013499999999999998,0.004724264068711927,0.0288));
#5496=CARTESIAN_POINT('',(0.013499999999999998,0.004599999999999996,0.028800000000000003));
#5497=(BOUNDED_CURVE() B_SPLINE_CURVE(2,(#5492,#5493,#5494,#5495,#5496),.UNSPECIFIED.,.F.,.F.) B_SPLINE_CURVE_WITH_KNOTS((3,2,3),(0.,1.,2.),.UNSPECIFIED.) CURVE() GEOMETRIC_REPRESENTATION_ITEM() RATIONAL_B_SPLINE_CURVE((1.,0.9238795325112843,1.,0.9238795325112843,1.)) REPRESENTATION_ITEM(''));
#5498=EDGE_CURVE('',#5391,#5321,#5497,.T.);
#5499=ORIENTED_EDGE('',*,*,#5498,.F.);
#5500=CARTESIAN_POINT('',(0.013499999999999998,0.004900000000000002,0.029100000000000008));
#5501=DIRECTION('',(-1.,0.,0.));
#5502=VECTOR('',#5501,1.);
#5503=LINE('',#5500,#5502);
#5504=EDGE_CURVE('',#5391,#5461,#5503,.T.);
#5505=ORIENTED_EDGE('',*,*,#5504,.T.);
#5506=CARTESIAN_POINT('',(0.014099999999999998,0.004599999999999996,0.028800000000000003));
#5507=CARTESIAN_POINT('',(0.014099999999999998,0.004724264068711927,0.0288));
#5508=CARTESIAN_POINT('',(0.014099999999999998,0.004812132034355965,0.028887867965644038));
#5509=CARTESIAN_POINT('',(0.014099999999999998,0.004900000000000003,0.028975735931288077));
#5510=CARTESIAN_POINT('',(0.014099999999999998,0.004900000000000002,0.029100000000000008));
#5511=(BOUNDED_CURVE() B_SPLINE_CURVE(2,(#5506,#5507,#5508,#5509,#5510),.UNSPECIFIED.,.F.,.F.) B_SPLINE_CURVE_WITH_KNOTS((3,2,3),(0.,1.,2.),.UNSPECIFIED.) CURVE() GEOMETRIC_REPRESENTATION_ITEM() RATIONAL_B_SPLINE_CURVE((1.,0.9238795325112843,1.,0.9238795325112843,1.)) REPRESENTATION_ITEM(''));
#5512=EDGE_CURVE('',#5287,#5461,#5511,.T.);
#5513=ORIENTED_EDGE('',*,*,#5512,.F.);
#5514=EDGE_LOOP('',(#5491,#5499,#5505,#5513));
#5515=FACE_OUTER_BOUND('',#5514,.T.);
#5516=ADVANCED_FACE('',(#5515),#5485,.F.);
#5517=CARTESIAN_POINT('',(0.013499999999999998,0.004900000000000002,0.029100000000000008));
#5518=DIRECTION('',(1.,0.,0.));
#5519=DIRECTION('',(0.,0.,-1.));
#5520=AXIS2_PLACEMENT_3D('',#5517,#5518,#5519);
#5521=PLANE('',#5520);
#5522=CARTESIAN_POINT('',(0.013499999999999998,0.004900000000000002,0.029100000000000008));
#5523=DIRECTION('',(0.,1.,1.303939935061948E-14));
#5524=VECTOR('',#5523,1.);
#5525=LINE('',#5522,#5524);
#5526=EDGE_CURVE('',#5383,#5391,#5525,.T.);
#5527=ORIENTED_EDGE('',*,*,#5526,.F.);
#5528=CARTESIAN_POINT('',(0.013499999999999998,0.005500000000000001,0.029100000000000015));
#5529=DIRECTION('',(0.,0.,1.));
#5530=VECTOR('',#5529,1.);
#5531=LINE('',#5528,#5530);
#5532=EDGE_CURVE('',#5383,#5199,#5531,.T.);
#5533=ORIENTED_EDGE('',*,*,#5532,.T.);
#5534=CARTESIAN_POINT('',(0.013499999999999998,0.004900000000000002,0.036250000000000004));
#5535=DIRECTION('',(0.,1.,1.303939935061948E-14));
#5536=VECTOR('',#5535,1.);
#5537=LINE('',#5534,#5536);
#5538=EDGE_CURVE('',#5217,#5199,#5537,.T.);
#5539=ORIENTED_EDGE('',*,*,#5538,.F.);
#5540=CARTESIAN_POINT('',(0.013499999999999998,0.004900000000000002,0.029100000000000008));
#5541=DIRECTION('',(0.,0.,1.));
#5542=VECTOR('',#5541,1.);
#5543=LINE('',#5540,#5542);
#5544=EDGE_CURVE('',#5217,#5391,#5543,.T.);
#5545=ORIENTED_EDGE('',*,*,#5544,.T.);
#5546=EDGE_LOOP('',(#5527,#5533,#5539,#5545));
#5547=FACE_OUTER_BOUND('',#5546,.T.);
#5548=ADVANCED_FACE('',(#5547),#5521,.F.);
#5549=CARTESIAN_POINT('',(0.013499999999999998,0.005500000000000001,0.029100000000000015));
#5550=DIRECTION('',(0.,-1.,0.));
#5551=DIRECTION('',(0.,0.,-1.));
#5552=AXIS2_PLACEMENT_3D('',#5549,#5550,#5551);
#5553=PLANE('',#5552);
#5554=CARTESIAN_POINT('',(0.013499999999999998,0.005500000000000001,0.029100000000000015));
#5555=DIRECTION('',(1.,0.,0.));
#5556=VECTOR('',#5555,1.);
#5557=LINE('',#5554,#5556);
#5558=EDGE_CURVE('',#5423,#5383,#5557,.T.);
#5559=ORIENTED_EDGE('',*,*,#5558,.F.);
#5560=CARTESIAN_POINT('',(0.014099999999999998,0.005500000000000001,0.029100000000000015));
#5561=DIRECTION('',(0.,0.,1.));
#5562=VECTOR('',#5561,1.);
#5563=LINE('',#5560,#5562);
#5564=EDGE_CURVE('',#5423,#5201,#5563,.T.);
#5565=ORIENTED_EDGE('',*,*,#5564,.T.);
#5566=CARTESIAN_POINT('',(0.013499999999999998,0.005500000000000001,0.03625000000000001));
#5567=DIRECTION('',(1.,0.,0.));
#5568=VECTOR('',#5567,1.);
#5569=LINE('',#5566,#5568);
#5570=EDGE_CURVE('',#5199,#5201,#5569,.T.);
#5571=ORIENTED_EDGE('',*,*,#5570,.F.);
#5572=CARTESIAN_POINT('',(0.013499999999999998,0.005500000000000001,0.029100000000000015));
#5573=DIRECTION('',(0.,0.,1.));
#5574=VECTOR('',#5573,1.);
#5575=LINE('',#5572,#5574);
#5576=EDGE_CURVE('',#5383,#5199,#5575,.T.);
#5577=ORIENTED_EDGE('',*,*,#5576,.F.);
#5578=EDGE_LOOP('',(#5559,#5565,#5571,#5577));
#5579=FACE_OUTER_BOUND('',#5578,.T.);
#5580=ADVANCED_FACE('',(#5579),#5553,.F.);
#5581=CARTESIAN_POINT('',(0.014099999999999998,0.004900000000000002,0.029100000000000008));
#5582=DIRECTION('',(-1.,0.,0.));
#5583=DIRECTION('',(0.,0.,1.));
#5584=AXIS2_PLACEMENT_3D('',#5581,#5582,#5583);
#5585=PLANE('',#5584);
#5586=CARTESIAN_POINT('',(0.014099999999999998,0.004900000000000002,0.029100000000000008));
#5587=DIRECTION('',(0.,-1.,-1.303939935061948E-14));
#5588=VECTOR('',#5587,1.);
#5589=LINE('',#5586,#5588);
#5590=EDGE_CURVE('',#5461,#5423,#5589,.T.);
#5591=ORIENTED_EDGE('',*,*,#5590,.F.);
#5592=CARTESIAN_POINT('',(0.014099999999999998,0.004900000000000002,0.029100000000000008));
#5593=DIRECTION('',(0.,0.,1.));
#5594=VECTOR('',#5593,1.);
#5595=LINE('',#5592,#5594);
#5596=EDGE_CURVE('',#5461,#5209,#5595,.T.);
#5597=ORIENTED_EDGE('',*,*,#5596,.T.);
#5598=CARTESIAN_POINT('',(0.014099999999999998,0.004900000000000002,0.036250000000000004));
#5599=DIRECTION('',(0.,-1.,-1.303939935061948E-14));
#5600=VECTOR('',#5599,1.);
#5601=LINE('',#5598,#5600);
#5602=EDGE_CURVE('',#5201,#5209,#5601,.T.);
#5603=ORIENTED_EDGE('',*,*,#5602,.F.);
#5604=CARTESIAN_POINT('',(0.014099999999999998,0.005500000000000001,0.029100000000000015));
#5605=DIRECTION('',(0.,0.,1.));
#5606=VECTOR('',#5605,1.);
#5607=LINE('',#5604,#5606);
#5608=EDGE_CURVE('',#5423,#5201,#5607,.T.);
#5609=ORIENTED_EDGE('',*,*,#5608,.F.);
#5610=EDGE_LOOP('',(#5591,#5597,#5603,#5609));
#5611=FACE_OUTER_BOUND('',#5610,.T.);
#5612=ADVANCED_FACE('',(#5611),#5585,.F.);
#5613=CARTESIAN_POINT('',(0.013499999999999998,0.004900000000000002,0.029100000000000008));
#5614=DIRECTION('',(0.,1.,0.));
#5615=DIRECTION('',(0.,0.,1.));
#5616=AXIS2_PLACEMENT_3D('',#5613,#5614,#5615);
#5617=PLANE('',#5616);
#5618=CARTESIAN_POINT('',(0.013499999999999998,0.004900000000000002,0.029100000000000008));
#5619=DIRECTION('',(-1.,0.,0.));
#5620=VECTOR('',#5619,1.);
#5621=LINE('',#5618,#5620);
#5622=EDGE_CURVE('',#5391,#5461,#5621,.T.);
#5623=ORIENTED_EDGE('',*,*,#5622,.F.);
#5624=CARTESIAN_POINT('',(0.013499999999999998,0.004900000000000002,0.029100000000000008));
#5625=DIRECTION('',(0.,0.,1.));
#5626=VECTOR('',#5625,1.);
#5627=LINE('',#5624,#5626);
#5628=EDGE_CURVE('',#5217,#5391,#5627,.T.);
#5629=ORIENTED_EDGE('',*,*,#5628,.F.);
#5630=CARTESIAN_POINT('',(0.013499999999999998,0.004900000000000002,0.036250000000000004));
#5631=DIRECTION('',(-1.,0.,0.));
#5632=VECTOR('',#5631,1.);
#5633=LINE('',#5630,#5632);
#5634=EDGE_CURVE('',#5209,#5217,#5633,.T.);
#5635=ORIENTED_EDGE('',*,*,#5634,.F.);
#5636=CARTESIAN_POINT('',(0.014099999999999998,0.004900000000000002,0.029100000000000008));
#5637=DIRECTION('',(0.,0.,1.));
#5638=VECTOR('',#5637,1.);
#5639=LINE('',#5636,#5638);
#5640=EDGE_CURVE('',#5461,#5209,#5639,.T.);
#5641=ORIENTED_EDGE('',*,*,#5640,.F.);
#5642=EDGE_LOOP('',(#5623,#5629,#5635,#5641));
#5643=FACE_OUTER_BOUND('',#5642,.T.);
#5644=ADVANCED_FACE('',(#5643),#5617,.F.);
#5645=CARTESIAN_POINT('',(0.013499999999999998,0.,0.028200000000000003));
#5646=DIRECTION('',(0.,0.,-1.));
#5647=VECTOR('',#5646,1.);
#5648=LINE('',#5645,#5647);
#5649=EDGE_CURVE('',#1759,#1761,#5648,.T.);
#5650=ORIENTED_EDGE('',*,*,#5649,.T.);
#5651=CARTESIAN_POINT('',(0.013499999999999998,0.004599999999999996,0.028200000000000003));
#5652=DIRECTION('',(0.,-1.,0.));
#5653=VECTOR('',#5652,1.);
#5654=LINE('',#5651,#5653);
#5655=CARTESIAN_POINT('',(0.013499999999999998,-0.0012,0.028200000000000003));
#5656=VERTEX_POINT('',#5655);
#5657=EDGE_CURVE('',#5656,#1761,#5654,.T.);
#5658=ORIENTED_EDGE('',*,*,#5657,.F.);
#5659=CARTESIAN_POINT('',(0.013499999999999998,-0.0012,0.028800000000000003));
#5660=DIRECTION('',(0.,0.,-1.));
#5661=VECTOR('',#5660,1.);
#5662=LINE('',#5659,#5661);
#5663=CARTESIAN_POINT('',(0.013499999999999998,-0.0012,0.028800000000000003));
#5664=VERTEX_POINT('',#5663);
#5665=EDGE_CURVE('',#5664,#5656,#5662,.T.);
#5666=ORIENTED_EDGE('',*,*,#5665,.F.);
#5667=CARTESIAN_POINT('',(0.013499999999999998,0.004599999999999996,0.028800000000000003));
#5668=DIRECTION('',(0.,-1.,0.));
#5669=VECTOR('',#5668,1.);
#5670=LINE('',#5667,#5669);
#5671=EDGE_CURVE('',#1759,#5664,#5670,.T.);
#5672=ORIENTED_EDGE('',*,*,#5671,.F.);
#5673=EDGE_LOOP('',(#5650,#5658,#5666,#5672));
#5674=FACE_OUTER_BOUND('',#5673,.T.);
#5675=ADVANCED_FACE('',(#5674),#5337,.T.);
#5676=CARTESIAN_POINT('',(0.014099999999999998,0.,0.028200000000000003));
#5677=DIRECTION('',(0.,0.,1.));
#5678=VECTOR('',#5677,1.);
#5679=LINE('',#5676,#5678);
#5680=EDGE_CURVE('',#1777,#1769,#5679,.T.);
#5681=ORIENTED_EDGE('',*,*,#5680,.T.);
#5682=CARTESIAN_POINT('',(0.014099999999999998,0.004599999999999996,0.028800000000000003));
#5683=DIRECTION('',(0.,-1.,0.));
#5684=VECTOR('',#5683,1.);
#5685=LINE('',#5682,#5684);
#5686=CARTESIAN_POINT('',(0.014099999999999998,-0.0012,0.028800000000000003));
#5687=VERTEX_POINT('',#5686);
#5688=EDGE_CURVE('',#5687,#1769,#5685,.T.);
#5689=ORIENTED_EDGE('',*,*,#5688,.F.);
#5690=CARTESIAN_POINT('',(0.014099999999999998,-0.0012,0.028800000000000003));
#5691=DIRECTION('',(0.,0.,1.));
#5692=VECTOR('',#5691,1.);
#5693=LINE('',#5690,#5692);
#5694=CARTESIAN_POINT('',(0.014099999999999998,-0.0012,0.028200000000000003));
#5695=VERTEX_POINT('',#5694);
#5696=EDGE_CURVE('',#5695,#5687,#5693,.T.);
#5697=ORIENTED_EDGE('',*,*,#5696,.F.);
#5698=CARTESIAN_POINT('',(0.014099999999999998,0.004599999999999996,0.028200000000000003));
#5699=DIRECTION('',(0.,-1.,0.));
#5700=VECTOR('',#5699,1.);
#5701=LINE('',#5698,#5700);
#5702=EDGE_CURVE('',#1777,#5695,#5701,.T.);
#5703=ORIENTED_EDGE('',*,*,#5702,.F.);
#5704=EDGE_LOOP('',(#5681,#5689,#5697,#5703));
#5705=FACE_OUTER_BOUND('',#5704,.T.);
#5706=ADVANCED_FACE('',(#5705),#5269,.T.);
#5707=CARTESIAN_POINT('',(0.013499999999999998,0.,0.028800000000000003));
#5708=DIRECTION('',(-1.,0.,0.));
#5709=VECTOR('',#5708,1.);
#5710=LINE('',#5707,#5709);
#5711=EDGE_CURVE('',#1769,#1759,#5710,.T.);
#5712=ORIENTED_EDGE('',*,*,#5711,.T.);
#5713=CARTESIAN_POINT('',(0.013499999999999998,0.004599999999999996,0.028800000000000003));
#5714=DIRECTION('',(0.,-1.,0.));
#5715=VECTOR('',#5714,1.);
#5716=LINE('',#5713,#5715);
#5717=EDGE_CURVE('',#1759,#5664,#5716,.T.);
#5718=ORIENTED_EDGE('',*,*,#5717,.T.);
#5719=CARTESIAN_POINT('',(0.013499999999999998,-0.0012,0.028800000000000003));
#5720=DIRECTION('',(-1.,0.,0.));
#5721=VECTOR('',#5720,1.);
#5722=LINE('',#5719,#5721);
#5723=EDGE_CURVE('',#5687,#5664,#5722,.T.);
#5724=ORIENTED_EDGE('',*,*,#5723,.F.);
#5725=CARTESIAN_POINT('',(0.014099999999999998,0.004599999999999996,0.028800000000000003));
#5726=DIRECTION('',(0.,-1.,0.));
#5727=VECTOR('',#5726,1.);
#5728=LINE('',#5725,#5727);
#5729=EDGE_CURVE('',#5687,#1769,#5728,.T.);
#5730=ORIENTED_EDGE('',*,*,#5729,.T.);
#5731=EDGE_LOOP('',(#5712,#5718,#5724,#5730));
#5732=FACE_OUTER_BOUND('',#5731,.T.);
#5733=ADVANCED_FACE('',(#5732),#5303,.T.);
#5734=CARTESIAN_POINT('',(0.013499999999999998,0.,0.028200000000000003));
#5735=DIRECTION('',(1.,0.,0.));
#5736=VECTOR('',#5735,1.);
#5737=LINE('',#5734,#5736);
#5738=EDGE_CURVE('',#1761,#1777,#5737,.T.);
#5739=ORIENTED_EDGE('',*,*,#5738,.T.);
#5740=CARTESIAN_POINT('',(0.014099999999999998,0.004599999999999996,0.028200000000000003));
#5741=DIRECTION('',(0.,-1.,0.));
#5742=VECTOR('',#5741,1.);
#5743=LINE('',#5740,#5742);
#5744=EDGE_CURVE('',#1777,#5695,#5743,.T.);
#5745=ORIENTED_EDGE('',*,*,#5744,.T.);
#5746=CARTESIAN_POINT('',(0.013499999999999998,-0.0012,0.028200000000000003));
#5747=DIRECTION('',(1.,0.,0.));
#5748=VECTOR('',#5747,1.);
#5749=LINE('',#5746,#5748);
#5750=EDGE_CURVE('',#5656,#5695,#5749,.T.);
#5751=ORIENTED_EDGE('',*,*,#5750,.F.);
#5752=CARTESIAN_POINT('',(0.013499999999999998,0.004599999999999996,0.028200000000000003));
#5753=DIRECTION('',(0.,-1.,0.));
#5754=VECTOR('',#5753,1.);
#5755=LINE('',#5752,#5754);
#5756=EDGE_CURVE('',#5656,#1761,#5755,.T.);
#5757=ORIENTED_EDGE('',*,*,#5756,.T.);
#5758=EDGE_LOOP('',(#5739,#5745,#5751,#5757));
#5759=FACE_OUTER_BOUND('',#5758,.T.);
#5760=ADVANCED_FACE('',(#5759),#5233,.T.);
#5761=CARTESIAN_POINT('',(0.,-0.0012,0.));
#5762=DIRECTION('',(0.,-1.,0.));
#5763=DIRECTION('',(0.,0.,-1.));
#5764=AXIS2_PLACEMENT_3D('',#5761,#5762,#5763);
#5765=PLANE('',#5764);
#5766=CARTESIAN_POINT('',(0.013499999999999998,-0.0012,0.028800000000000003));
#5767=DIRECTION('',(0.,0.,-1.));
#5768=VECTOR('',#5767,1.);
#5769=LINE('',#5766,#5768);
#5770=EDGE_CURVE('',#5664,#5656,#5769,.T.);
#5771=ORIENTED_EDGE('',*,*,#5770,.T.);
#5772=CARTESIAN_POINT('',(0.013499999999999998,-0.0012,0.028200000000000003));
#5773=DIRECTION('',(1.,0.,0.));
#5774=VECTOR('',#5773,1.);
#5775=LINE('',#5772,#5774);
#5776=EDGE_CURVE('',#5656,#5695,#5775,.T.);
#5777=ORIENTED_EDGE('',*,*,#5776,.T.);
#5778=CARTESIAN_POINT('',(0.014099999999999998,-0.0012,0.028800000000000003));
#5779=DIRECTION('',(0.,0.,1.));
#5780=VECTOR('',#5779,1.);
#5781=LINE('',#5778,#5780);
#5782=EDGE_CURVE('',#5695,#5687,#5781,.T.);
#5783=ORIENTED_EDGE('',*,*,#5782,.T.);
#5784=CARTESIAN_POINT('',(0.013499999999999998,-0.0012,0.028800000000000003));
#5785=DIRECTION('',(-1.,0.,0.));
#5786=VECTOR('',#5785,1.);
#5787=LINE('',#5784,#5786);
#5788=EDGE_CURVE('',#5687,#5664,#5787,.T.);
#5789=ORIENTED_EDGE('',*,*,#5788,.T.);
#5790=EDGE_LOOP('',(#5771,#5777,#5783,#5789));
#5791=FACE_OUTER_BOUND('',#5790,.T.);
#5792=ADVANCED_FACE('',(#5791),#5765,.T.);
#5793=CARTESIAN_POINT('',(0.005863399452607932,-0.015,0.012));
#5794=DIRECTION('',(0.,-1.,0.));
#5795=DIRECTION('',(0.,0.,-1.));
#5796=AXIS2_PLACEMENT_3D('',#5793,#5794,#5795);
#5797=PLANE('',#5796);
#5798=CARTESIAN_POINT('',(0.01005,-0.015,0.012));
#5799=DIRECTION('',(0.,-1.,0.));
#5800=DIRECTION('',(0.,0.,-1.));
#5801=AXIS2_PLACEMENT_3D('',#5798,#5799,#5800);
#5802=CIRCLE('',#5801,0.004186600547392067);
#5803=CARTESIAN_POINT('',(0.01005,-0.015,0.007813399452607932));
#5804=VERTEX_POINT('',#5803);
#5805=EDGE_CURVE('',#5804,#5804,#5802,.T.);
#5806=ORIENTED_EDGE('',*,*,#5805,.T.);
#5807=EDGE_LOOP('',(#5806));
#5808=FACE_OUTER_BOUND('',#5807,.T.);
#5809=ADVANCED_FACE('',(#5808),#5797,.T.);
#5810=CARTESIAN_POINT('',(0.01005,-0.012499999999999999,0.012));
#5811=DIRECTION('',(0.,-1.,0.));
#5812=DIRECTION('',(0.,0.,-1.));
#5813=AXIS2_PLACEMENT_3D('',#5810,#5811,#5812);
#5814=TOROIDAL_SURFACE('',#5813,0.004186600547392068,0.002500000000000001);
#5815=CARTESIAN_POINT('',(0.01005,-0.012884267515704675,0.012));
#5816=DIRECTION('',(0.,-1.,0.));
#5817=DIRECTION('',(0.,0.,-1.));
#5818=AXIS2_PLACEMENT_3D('',#5815,#5816,#5817);
#5819=CIRCLE('',#5818,0.006656891719779275);
#5820=CARTESIAN_POINT('',(0.01005,-0.012884267515704675,0.005343108280220725));
#5821=VERTEX_POINT('',#5820);
#5822=EDGE_CURVE('',#5821,#5821,#5819,.T.);
#5823=ORIENTED_EDGE('',*,*,#5822,.T.);
#5824=EDGE_LOOP('',(#5823));
#5825=FACE_OUTER_BOUND('',#5824,.T.);
#5826=CARTESIAN_POINT('',(0.01005,-0.015,0.012));
#5827=DIRECTION('',(0.,-1.,0.));
#5828=DIRECTION('',(0.,0.,-1.));
#5829=AXIS2_PLACEMENT_3D('',#5826,#5827,#5828);
#5830=CIRCLE('',#5829,0.004186600547392067);
#5831=EDGE_CURVE('',#5804,#5804,#5830,.T.);
#5832=ORIENTED_EDGE('',*,*,#5831,.F.);
#5833=EDGE_LOOP('',(#5832));
#5834=FACE_BOUND('',#5833,.T.);
#5835=ADVANCED_FACE('',(#5825,#5834),#5814,.T.);
#5836=CARTESIAN_POINT('',(0.01005,-0.012884267515704675,0.012));
#5837=DIRECTION('',(0.,1.,0.));
#5838=DIRECTION('',(0.,0.,1.));
#5839=AXIS2_PLACEMENT_3D('',#5836,#5837,#5838);
#5840=CONICAL_SURFACE('',#5839,0.006656891719779275,0.15431877592611878);
#5841=CARTESIAN_POINT('',(0.01005,-0.006500000000000001,0.012));
#5842=DIRECTION('',(0.,-1.,0.));
#5843=DIRECTION('',(0.,0.,-1.));
#5844=AXIS2_PLACEMENT_3D('',#5841,#5842,#5843);
#5845=CIRCLE('',#5844,0.0076500000000000005);
#5846=CARTESIAN_POINT('',(0.01005,-0.006500000000000001,0.00435));
#5847=VERTEX_POINT('',#5846);
#5848=EDGE_CURVE('',#5847,#5847,#5845,.T.);
#5849=ORIENTED_EDGE('',*,*,#5848,.T.);
#5850=EDGE_LOOP('',(#5849));
#5851=FACE_OUTER_BOUND('',#5850,.T.);
#5852=CARTESIAN_POINT('',(0.01005,-0.012884267515704675,0.012));
#5853=DIRECTION('',(0.,-1.,0.));
#5854=DIRECTION('',(0.,0.,-1.));
#5855=AXIS2_PLACEMENT_3D('',#5852,#5853,#5854);
#5856=CIRCLE('',#5855,0.006656891719779275);
#5857=EDGE_CURVE('',#5821,#5821,#5856,.T.);
#5858=ORIENTED_EDGE('',*,*,#5857,.F.);
#5859=EDGE_LOOP('',(#5858));
#5860=FACE_BOUND('',#5859,.T.);
#5861=ADVANCED_FACE('',(#5851,#5860),#5840,.T.);
#5862=CARTESIAN_POINT('',(0.0023423563544191523,-0.006500000000000001,0.012));
#5863=DIRECTION('',(0.,-1.,0.));
#5864=DIRECTION('',(0.,0.,-1.));
#5865=AXIS2_PLACEMENT_3D('',#5862,#5863,#5864);
#5866=PLANE('',#5865);
#5867=CARTESIAN_POINT('',(0.01005,-0.006500000000000001,0.012));
#5868=DIRECTION('',(0.,-1.,0.));
#5869=DIRECTION('',(0.,0.,-1.));
#5870=AXIS2_PLACEMENT_3D('',#5867,#5868,#5869);
#5871=CIRCLE('',#5870,0.007707643645580848);
#5872=CARTESIAN_POINT('',(0.01005,-0.006500000000000001,0.004292356354419153));
#5873=VERTEX_POINT('',#5872);
#5874=EDGE_CURVE('',#5873,#5873,#5871,.T.);
#5875=ORIENTED_EDGE('',*,*,#5874,.T.);
#5876=EDGE_LOOP('',(#5875));
#5877=FACE_OUTER_BOUND('',#5876,.T.);
#5878=CARTESIAN_POINT('',(0.01005,-0.006500000000000001,0.012));
#5879=DIRECTION('',(0.,-1.,0.));
#5880=DIRECTION('',(0.,0.,-1.));
#5881=AXIS2_PLACEMENT_3D('',#5878,#5879,#5880);
#5882=CIRCLE('',#5881,0.0076500000000000005);
#5883=EDGE_CURVE('',#5847,#5847,#5882,.T.);
#5884=ORIENTED_EDGE('',*,*,#5883,.F.);
#5885=EDGE_LOOP('',(#5884));
#5886=FACE_BOUND('',#5885,.T.);
#5887=ADVANCED_FACE('',(#5877,#5886),#5866,.T.);
#5888=CARTESIAN_POINT('',(0.01005,-0.006450000000000001,0.012));
#5889=DIRECTION('',(0.,-1.,0.));
#5890=DIRECTION('',(0.,0.,-1.));
#5891=AXIS2_PLACEMENT_3D('',#5888,#5889,#5890);
#5892=TOROIDAL_SURFACE('',#5891,0.007707643645580848,0.00004999999999999987);
#5893=CARTESIAN_POINT('',(0.01005,-0.006458219949365268,0.012));
#5894=DIRECTION('',(0.,-1.,0.));
#5895=DIRECTION('',(0.,0.,-1.));
#5896=AXIS2_PLACEMENT_3D('',#5893,#5894,#5895);
#5897=CIRCLE('',#5896,0.007756963341772455);
#5898=CARTESIAN_POINT('',(0.01005,-0.006458219949365268,0.004243036658227545));
#5899=VERTEX_POINT('',#5898);
#5900=EDGE_CURVE('',#5899,#5899,#5897,.T.);
#5901=ORIENTED_EDGE('',*,*,#5900,.T.);
#5902=EDGE_LOOP('',(#5901));
#5903=FACE_OUTER_BOUND('',#5902,.T.);
#5904=CARTESIAN_POINT('',(0.01005,-0.006500000000000001,0.012));
#5905=DIRECTION('',(0.,-1.,0.));
#5906=DIRECTION('',(0.,0.,-1.));
#5907=AXIS2_PLACEMENT_3D('',#5904,#5905,#5906);
#5908=CIRCLE('',#5907,0.007707643645580848);
#5909=EDGE_CURVE('',#5873,#5873,#5908,.T.);
#5910=ORIENTED_EDGE('',*,*,#5909,.F.);
#5911=EDGE_LOOP('',(#5910));
#5912=FACE_BOUND('',#5911,.T.);
#5913=ADVANCED_FACE('',(#5903,#5912),#5892,.T.);
#5914=CARTESIAN_POINT('',(0.01005,-0.006458219949365268,0.012));
#5915=DIRECTION('',(0.,1.,0.));
#5916=DIRECTION('',(0.,0.,1.));
#5917=AXIS2_PLACEMENT_3D('',#5914,#5915,#5916);
#5918=CONICAL_SURFACE('',#5917,0.007756963341772455,0.16514867741462638);
#5919=CARTESIAN_POINT('',(0.01005,-0.005208900253173663,0.012));
#5920=DIRECTION('',(0.,-1.,0.));
#5921=DIRECTION('',(0.,0.,-1.));
#5922=AXIS2_PLACEMENT_3D('',#5919,#5920,#5921);
#5923=CIRCLE('',#5922,0.007965183291137722);
#5924=CARTESIAN_POINT('',(0.01005,-0.005208900253173663,0.004034816708862278));
#5925=VERTEX_POINT('',#5924);
#5926=EDGE_CURVE('',#5925,#5925,#5923,.T.);
#5927=ORIENTED_EDGE('',*,*,#5926,.T.);
#5928=EDGE_LOOP('',(#5927));
#5929=FACE_OUTER_BOUND('',#5928,.T.);
#5930=CARTESIAN_POINT('',(0.01005,-0.006458219949365268,0.012));
#5931=DIRECTION('',(0.,-1.,0.));
#5932=DIRECTION('',(0.,0.,-1.));
#5933=AXIS2_PLACEMENT_3D('',#5930,#5931,#5932);
#5934=CIRCLE('',#5933,0.007756963341772455);
#5935=EDGE_CURVE('',#5899,#5899,#5934,.T.);
#5936=ORIENTED_EDGE('',*,*,#5935,.F.);
#5937=EDGE_LOOP('',(#5936));
#5938=FACE_BOUND('',#5937,.T.);
#5939=ADVANCED_FACE('',(#5929,#5938),#5918,.T.);
#5940=CARTESIAN_POINT('',(0.01005,-0.005250000000000001,0.012));
#5941=DIRECTION('',(0.,-1.,0.));
#5942=DIRECTION('',(0.,0.,-1.));
#5943=AXIS2_PLACEMENT_3D('',#5940,#5941,#5942);
#5944=TOROIDAL_SURFACE('',#5943,0.00821178177209576,0.0002500000000000001);
#5945=CARTESIAN_POINT('',(0.01005,-0.005000000000000001,0.012));
#5946=DIRECTION('',(0.,-1.,0.));
#5947=DIRECTION('',(0.,0.,-1.));
#5948=AXIS2_PLACEMENT_3D('',#5945,#5946,#5947);
#5949=CIRCLE('',#5948,0.00821178177209576);
#5950=CARTESIAN_POINT('',(0.01005,-0.005000000000000001,0.00378821822790424));
#5951=VERTEX_POINT('',#5950);
#5952=EDGE_CURVE('',#5951,#5951,#5949,.T.);
#5953=ORIENTED_EDGE('',*,*,#5952,.T.);
#5954=EDGE_LOOP('',(#5953));
#5955=FACE_OUTER_BOUND('',#5954,.T.);
#5956=CARTESIAN_POINT('',(0.01005,-0.005208900253173663,0.012));
#5957=DIRECTION('',(0.,-1.,0.));
#5958=DIRECTION('',(0.,0.,-1.));
#5959=AXIS2_PLACEMENT_3D('',#5956,#5957,#5958);
#5960=CIRCLE('',#5959,0.007965183291137722);
#5961=EDGE_CURVE('',#5925,#5925,#5960,.T.);
#5962=ORIENTED_EDGE('',*,*,#5961,.F.);
#5963=EDGE_LOOP('',(#5962));
#5964=FACE_BOUND('',#5963,.T.);
#5965=ADVANCED_FACE('',(#5955,#5964),#5944,.F.);
#5966=CARTESIAN_POINT('',(0.0004999999999999978,-0.005000000000000001,0.012));
#5967=DIRECTION('',(0.,-1.,0.));
#5968=DIRECTION('',(0.,0.,-1.));
#5969=AXIS2_PLACEMENT_3D('',#5966,#5967,#5968);
#5970=PLANE('',#5969);
#5971=CARTESIAN_POINT('',(0.01005,-0.005000000000000001,0.012));
#5972=DIRECTION('',(0.,-1.,0.));
#5973=DIRECTION('',(0.,0.,-1.));
#5974=AXIS2_PLACEMENT_3D('',#5971,#5972,#5973);
#5975=CIRCLE('',#5974,0.009550000000000001);
#5976=CARTESIAN_POINT('',(0.01005,-0.005000000000000001,0.002449999999999999));
#5977=VERTEX_POINT('',#5976);
#5978=EDGE_CURVE('',#5977,#5977,#5975,.T.);
#5979=ORIENTED_EDGE('',*,*,#5978,.T.);
#5980=EDGE_LOOP('',(#5979));
#5981=FACE_OUTER_BOUND('',#5980,.T.);
#5982=CARTESIAN_POINT('',(0.01005,-0.005000000000000001,0.012));
#5983=DIRECTION('',(0.,-1.,0.));
#5984=DIRECTION('',(0.,0.,-1.));
#5985=AXIS2_PLACEMENT_3D('',#5982,#5983,#5984);
#5986=CIRCLE('',#5985,0.00821178177209576);
#5987=EDGE_CURVE('',#5951,#5951,#5986,.T.);
#5988=ORIENTED_EDGE('',*,*,#5987,.F.);
#5989=EDGE_LOOP('',(#5988));
#5990=FACE_BOUND('',#5989,.T.);
#5991=ADVANCED_FACE('',(#5981,#5990),#5970,.T.);
#5992=CARTESIAN_POINT('',(0.01005,-0.00475,0.012));
#5993=DIRECTION('',(0.,-1.,0.));
#5994=DIRECTION('',(0.,0.,-1.));
#5995=AXIS2_PLACEMENT_3D('',#5992,#5993,#5994);
#5996=TOROIDAL_SURFACE('',#5995,0.009550000000000003,0.0002500000000000001);
#5997=CARTESIAN_POINT('',(0.01005,-0.004749999999999997,0.012));
#5998=DIRECTION('',(0.,-1.,0.));
#5999=DIRECTION('',(0.,0.,-1.));
#6000=AXIS2_PLACEMENT_3D('',#5997,#5998,#5999);
#6001=CIRCLE('',#6000,0.009800000000000003);
#6002=CARTESIAN_POINT('',(0.01005,-0.004749999999999997,0.002199999999999997));
#6003=VERTEX_POINT('',#6002);
#6004=EDGE_CURVE('',#6003,#6003,#6001,.T.);
#6005=ORIENTED_EDGE('',*,*,#6004,.T.);
#6006=EDGE_LOOP('',(#6005));
#6007=FACE_OUTER_BOUND('',#6006,.T.);
#6008=CARTESIAN_POINT('',(0.01005,-0.005000000000000001,0.012));
#6009=DIRECTION('',(0.,-1.,0.));
#6010=DIRECTION('',(0.,0.,-1.));
#6011=AXIS2_PLACEMENT_3D('',#6008,#6009,#6010);
#6012=CIRCLE('',#6011,0.009550000000000001);
#6013=EDGE_CURVE('',#5977,#5977,#6012,.T.);
#6014=ORIENTED_EDGE('',*,*,#6013,.F.);
#6015=EDGE_LOOP('',(#6014));
#6016=FACE_BOUND('',#6015,.T.);
#6017=ADVANCED_FACE('',(#6007,#6016),#5996,.T.);
#6018=CARTESIAN_POINT('',(0.01005,-0.015,0.012));
#6019=DIRECTION('',(0.,-1.,0.));
#6020=DIRECTION('',(0.,0.,-1.));
#6021=AXIS2_PLACEMENT_3D('',#6018,#6019,#6020);
#6022=CYLINDRICAL_SURFACE('',#6021,0.009800000000000003);
#6023=CARTESIAN_POINT('',(0.01005,-0.00025000000000000196,0.012));
#6024=DIRECTION('',(0.,-1.,0.));
#6025=DIRECTION('',(0.,0.,-1.));
#6026=AXIS2_PLACEMENT_3D('',#6023,#6024,#6025);
#6027=CIRCLE('',#6026,0.009800000000000003);
#6028=CARTESIAN_POINT('',(0.01005,-0.00025000000000000196,0.002199999999999997));
#6029=VERTEX_POINT('',#6028);
#6030=EDGE_CURVE('',#6029,#6029,#6027,.T.);
#6031=ORIENTED_EDGE('',*,*,#6030,.T.);
#6032=EDGE_LOOP('',(#6031));
#6033=FACE_OUTER_BOUND('',#6032,.T.);
#6034=CARTESIAN_POINT('',(0.01005,-0.004749999999999997,0.012));
#6035=DIRECTION('',(0.,-1.,0.));
#6036=DIRECTION('',(0.,0.,-1.));
#6037=AXIS2_PLACEMENT_3D('',#6034,#6035,#6036);
#6038=CIRCLE('',#6037,0.009800000000000003);
#6039=EDGE_CURVE('',#6003,#6003,#6038,.T.);
#6040=ORIENTED_EDGE('',*,*,#6039,.F.);
#6041=EDGE_LOOP('',(#6040));
#6042=FACE_BOUND('',#6041,.T.);
#6043=ADVANCED_FACE('',(#6033,#6042),#6022,.T.);
#6044=CARTESIAN_POINT('',(0.01005,-0.00025000000000000006,0.012));
#6045=DIRECTION('',(0.,-1.,0.));
#6046=DIRECTION('',(0.,0.,-1.));
#6047=AXIS2_PLACEMENT_3D('',#6044,#6045,#6046);
#6048=TOROIDAL_SURFACE('',#6047,0.009550000000000003,0.00025000000000000006);
#6049=CARTESIAN_POINT('',(0.01005,0.,0.012));
#6050=DIRECTION('',(0.,-1.,0.));
#6051=DIRECTION('',(0.,0.,-1.));
#6052=AXIS2_PLACEMENT_3D('',#6049,#6050,#6051);
#6053=CIRCLE('',#6052,0.009550000000000003);
#6054=EDGE_CURVE('',#1749,#1749,#6053,.T.);
#6055=ORIENTED_EDGE('',*,*,#6054,.T.);
#6056=EDGE_LOOP('',(#6055));
#6057=FACE_OUTER_BOUND('',#6056,.T.);
#6058=CARTESIAN_POINT('',(0.01005,-0.00025000000000000196,0.012));
#6059=DIRECTION('',(0.,-1.,0.));
#6060=DIRECTION('',(0.,0.,-1.));
#6061=AXIS2_PLACEMENT_3D('',#6058,#6059,#6060);
#6062=CIRCLE('',#6061,0.009800000000000003);
#6063=EDGE_CURVE('',#6029,#6029,#6062,.T.);
#6064=ORIENTED_EDGE('',*,*,#6063,.F.);
#6065=EDGE_LOOP('',(#6064));
#6066=FACE_BOUND('',#6065,.T.);
#6067=ADVANCED_FACE('',(#6057,#6066),#6048,.T.);
#6068=CLOSED_SHELL('',(#1737,#1968,#2000,#2032,#2064,#2096,#2120,#2144,#2168,#2192,#2544,#2576,#2608,#2640,#2672,#2704,#2736,#2768,#2800,#2832,#2864,#2896,#2928,#2960,#2992,#3024,#3056,#3088,#3120,#3152,#3184,#3216,#3248,#3280,#3312,#3344,#3376,#3416,#3452,#3486,#3520,#3552,#3592,#3630,#3668,#3704,#3736,#3768,#3800,#3832,#3863,#3894,#3921,#3948,#3980,#4020,#4056,#4090,#4124,#4156,#4196,#4234,#4272,#4308,#4340,#4372,#4404,#4436,#4467,#4498,#4525,#4552,#4584,#4624,#4660,#4694,#4728,#4760,#4800,#4838,#4876,#4912,#4944,#4976,#5008,#5040,#5071,#5102,#5129,#5156,#5188,#5228,#5264,#5298,#5332,#5364,#5404,#5442,#5480,#5516,#5548,#5580,#5612,#5644,#5675,#5706,#5733,#5760,#5792,#5809,#5835,#5861,#5887,#5913,#5939,#5965,#5991,#6017,#6043,#6067));
#6069=MANIFOLD_SOLID_BREP('',#6068);
#6070=CARTESIAN_POINT('',(0.,0.,0.));
#6071=DIRECTION('',(0.,0.,1.));
#6072=DIRECTION('',(1.,0.,0.));
#6073=AXIS2_PLACEMENT_3D('',#6070,#6071,#6072);
#6074=(LENGTH_UNIT() NAMED_UNIT(*) SI_UNIT($,.METRE.));
#6075=(NAMED_UNIT(*) PLANE_ANGLE_UNIT() SI_UNIT($,.RADIAN.));
#6076=(NAMED_UNIT(*) SI_UNIT($,.STERADIAN.) SOLID_ANGLE_UNIT());
#6077=UNCERTAINTY_MEASURE_WITH_UNIT(LENGTH_MEASURE(1.E-07),#6074,'distance_accuracy_value','confusion accuracy');
#6078=(GEOMETRIC_REPRESENTATION_CONTEXT(3) GLOBAL_UNCERTAINTY_ASSIGNED_CONTEXT((#6077)) GLOBAL_UNIT_ASSIGNED_CONTEXT((#6074,#6075,#6076)) REPRESENTATION_CONTEXT('','3D'));
#6079=ADVANCED_BREP_SHAPE_REPRESENTATION('',(#6073,#1443,#6069),#6078);
#6080=COLOUR_RGB('',0.007843,0.239216,0.823529);
#6081=FILL_AREA_STYLE_COLOUR('',#6080);
#6082=FILL_AREA_STYLE('',(#6081));
#6083=SURFACE_STYLE_FILL_AREA(#6082);
#6084=SURFACE_SIDE_STYLE('',(#6083));
#6085=SURFACE_STYLE_USAGE(.BOTH.,#6084);
#6086=PRESENTATION_STYLE_ASSIGNMENT((#6085));
#6087=STYLED_ITEM('',(#6086),#1443);
#6088=COLOUR_RGB('',0.827451,0.839216,0.827451);
#6089=FILL_AREA_STYLE_COLOUR('',#6088);
#6090=FILL_AREA_STYLE('',(#6089));
#6091=SURFACE_STYLE_FILL_AREA(#6090);
#6092=SURFACE_SIDE_STYLE('',(#6091));
#6093=SURFACE_STYLE_USAGE(.BOTH.,#6092);
#6094=PRESENTATION_STYLE_ASSIGNMENT((#6093));
#6095=STYLED_ITEM('',(#6094),#6069);
#6096=MECHANICAL_DESIGN_GEOMETRIC_PRESENTATION_REPRESENTATION('',(#6087,#6095),#6078);
ENDSEC;
END-ISO-10303-21;